id,repository,text,label,code_before,code_after
265041,69,// TODO: test validations,requirement,"

}

/**
 * @throws ApiException
 *          if the Api call fails
 */
@Test
public void fakeOuterStringSerializeTest() {","    // TODO: test validations
    String body = null;
    //String response = api.fakeOuterStringSerialize(body);
    //Assertions.assertNotNull(response);


}

/**
 * @throws ApiException"
1028704,445,// probably not needed,how to,"public void testFunnyDocName() {
    com.yahoo.vespa.documentgen.test.Class c = new com.yahoo.vespa.documentgen.test.Class(new DocumentId(""id:class:class::0""));
    c.setClassf(""foo"");
}

@Test
@Ignore
public void testAllMethodsOverridden() {
    List <Method> unmasked = com.yahoo.protect.ClassValidator.unmaskedMethodsFromSuperclass(Common.class);
    System.out.println(unmasked);","    assertEquals(unmasked.size(), 0); // probably not needed
}

@Test
public void testTensorType() {
    Book book = new Book(new DocumentId(""id:book:book::0""));
    assertNull(book.getVector());
    book.setVector(Tensor.from(""{{x:0}:1.0, {x:1}:2.0, {x:2}:3.0}""));
    assertEquals(""tensor(x{}):{0:1.0, 1:2.0, 2:3.0}"", book.getVector().toString());
}"
230221,64,// TODO: b/359688989 - clean this up,refactor,"import static com.google.devtools.build.lib.concurrent.PaddedAddresses.getAlignedAddress;

import com.google.devtools.build.lib.unsafe.UnsafeProvider;

import org.junit.Test;
import org.junit.runner.RunWith;
import org.junit.runners.JUnit4;
import sun.misc.Unsafe;

@RunWith(JUnit4.class)","@SuppressWarnings(""SunApi"") // TODO: b/359688989 - clean this up
public final class PaddedAddressesTest {

  // TODO: b/386384684 - remove Unsafe usage
  @Test
  public void createdAddresses_areAligned() {
    long address = createPaddedBaseAddress(2);

    long first = getAlignedAddress(address, /* offset= */ 0);
    assertThat(first & (ALIGNMENT - 1)).isEqualTo(0);"
639441,211,"// Not testing average length and min/max, as this would make the test less reusable and is not that important to test.",skip test,"{
    // Distinct with limit (DistinctLimitNode), should be eligible for pushdown.
    String query = ""SELECT DISTINCT regionkey FROM nation LIMIT 3"";

    // Verify query can be pushed down, that's the situation we want to test for.
    // it's important that we test with LIMIT value smaller than count(DISTINCT regionkey), hence need to skip results check
    assertThat(query(query)).skipResultsCorrectnessCheckForPushdown().isFullyPushedDown();

    assertThat(query(""SHOW STATS FOR ("" + query + "")""))
            .result()","            // Not testing average length and min/max, as this would make the test less reusable and is not that important to test.
            .exceptColumns(""data_size"", ""low_value"", ""high_value"")
            .skippingTypesCheck()
            .matches(""VALUES "" +
                    ""('regionkey', 3e0, 0e0, null),"" +
                    ""(null, null, null, 3e0)"");
}

@Test
public void testStatsWithAggregationPushdown()"
1360339,703,"// Second time will update some tables. This is only for testing purpose and
// obviously we wouldn't set things up this way.",temporary fix,"final File dbDir = this.temp.newFolder(""h2dbtest"");
final Props h2Props = getH2Props(dbDir.getCanonicalPath(), sqlScriptsDir);
final AzkabanDatabaseSetup setup = new AzkabanDatabaseSetup(h2Props);

// First time will create the tables
setup.loadTableInfo();
setup.printUpgradePlan();
setup.updateDatabase(true, true);
assertTrue(setup.needsUpdating());
","  setup.loadTableInfo();
  setup.printUpgradePlan();
  setup.updateDatabase(true, true);
  assertTrue(setup.needsUpdating());

  // Nothing to be done
  setup.loadTableInfo();
  setup.printUpgradePlan();
  assertFalse(setup.needsUpdating());
}"
257012,69,// TODO: test arrayEnum,requirement,"@Test
public void justSymbolTest() {
    // TODO: test justSymbol
}

/**
 * Test the property 'arrayEnum'
 */
@Test
public void arrayEnumTest() {","        // TODO: test arrayEnum
    }

}"
623506,211,"// TODO (https://github.com/trinodb/trino/issues/6242) ResultSet.getObject sometimes fails
//  assertThat(rs.getObject(""bound"")).as(""bound value should round trip the same way as literal "" + expectedValueLiteral)
//        .isEqualTo(rs.getObject(""literal""));",defect,"binder.bind(statement, 1);

try (ResultSet rs = statement.executeQuery()) {
    verify(rs.next(), ""no row returned"");
    assertThat(rs.getString(""type_of_bind"")).as(""type_of_bind"")
            .isEqualTo(type);
    assertThat(rs.getString(""type_of_literal"")).as(""type_of_literal (sanity check)"")
            .isEqualTo(type);
    assertThat(rs.getString(""bound_as_varchar"")).as(""bound should cast to VARCHAR the same way as literal "" + expectedValueLiteral)
            .isEqualTo(rs.getString(""literal_as_varchar""));","                assertThat(rs.getObject(""are_equal"")).as(""Expected bound value to be equal to "" + expectedValueLiteral)
                        .isEqualTo(true);
                verify(!rs.next(), ""unexpected second row"");
            }
        }

        return this;
    }
}
"
275674,69,// TODO: test values,requirement,"@Test
void testTestQueryStyleFormExplodeTrueArrayStringQueryObjectParameter() {
    // TODO: test TestQueryStyleFormExplodeTrueArrayStringQueryObjectParameter
}

/**
 * Test the property 'values'
 */
@Test
void valuesTest() {","        // TODO: test values
    }

}"
754153,255,// TODO: vacuum,requirement,"                        ""column_id, usage, last_used ) "" +
                        ""VALUES ('%s', %d, %d, 0, 'predicate', '2024-11-20 01:02:03')"", feName, db.getId(),
                t0.getId()));

// query
instance.queryGlobalState(TableName.fromString(""default_catalog.test.t0""),
        EnumSet.noneOf(ColumnUsage.UseCase.class));
Mockito.verify(repo).executeDQL(""SELECT fe_id, db_id,  table_id,  column_id, usage, last_used, created "" +
        ""FROM _statistics_.predicate_columns WHERE true  AND fe_id = '"" + feName + ""'"");
","    // TODO: vacuum
    instance.vacuum(lastPersist);
    Mockito.verify(repo).executeDML(""DELETE FROM _statistics_.predicate_columns "" +
            ""WHERE fe_id="" + Strings.quote(feName) +
            "" AND last_used < '2024-11-10 01:00:00'"");

    guard.close();
}

@Test"
854908,315,"// TODO assertTrue(!set.isEmpty());
// TODO assertTrue(set.isFull());",requirement,"assertEquals( 1, set.size() );

// Add another row. State: 2 3
set.putRow( rm, r3 );
// TODO assertTrue(!set.isEmpty());
// TODO assertTrue(!set.isFull());
assertEquals( 2, set.size() );

// Add another row. State: 2 3 4
set.putRow( rm, r4 );","assertEquals( 3, set.size() );

/*********************************************************************
 * This was made in more restrict in v2.5.0 with a new RowSet implementation. After v2.5.0 you may not try to put
 * more rows in a rowset then it can hold (this functionality was also never used in PDI anyway).
 *
 * // Add another row. State: 2 3 4 5 // Note that we can still add rows after the set is full. set.putRow(r5);
 * assertTrue(!set.isEmpty()); assertTrue(set.isFull()); assertEquals(4, set.size());
 *********************************************************************/
"
126659,36,// todo remove this,refactor,"import org.springframework.core.env.ConfigurableEnvironment;
import org.springframework.mock.env.MockEnvironment;

import java.util.Properties;

import static org.junit.jupiter.api.Assertions.assertNotNull;
import static org.junit.jupiter.api.Assertions.assertNull;
import static org.mockito.Mockito.when;

@ExtendWith(MockitoExtension.class)","// todo remove this
@MockitoSettings(strictness = Strictness.LENIENT)
class SdkDefaultTlsProtocolNegotiatorBuilderTest {
    
    private ConfigurableEnvironment environment;
    
    private SdkDefaultTlsProtocolNegotiatorBuilder builder;
    
    @Mock
    private Properties properties;"
122818,34,"// I tried using Mockito, but it didn't work for some reason",how to,"import static org.junit.Assert.assertFalse;
import static org.junit.Assert.assertNull;
import static org.junit.Assert.assertSame;
import static org.junit.Assert.assertTrue;
import static org.mockito.Mockito.doReturn;
import static org.mockito.Mockito.spy;

@SuppressWarnings(""checkstyle:HideUtilityClassConstructor"")
public class PlayQueueTest {
    static PlayQueue makePlayQueue(final int index, final List<PlayQueueItem> streams) {","// I tried using Mockito, but it didn't work for some reason
return new PlayQueue(index, streams) {
    @Override
    public boolean isComplete() {
        throw new UnsupportedOperationException();
    }

    @Override
    public void fetch() {
        throw new UnsupportedOperationException();"
435141,128,"// Ignore the following tests because taking a lease requires a real
// (not mock) file system store. These tests don't work on the mock.",skip test," * skipping tests of unsupported features
 */
public class TestNativeAzureFileSystemMocked extends
    NativeAzureFileSystemBaseTest {

  @Override
  protected AzureBlobStorageTestAccount createTestAccount() throws Exception {
    return AzureBlobStorageTestAccount.createMock();
  }
","@Override
@Ignore
public void testLeaseAsDistributedLock() {
}

@Override
@Ignore
public void testSelfRenewingLease() {
}
"
996987,441,"// TODO: this still passes, but setLenientParseMode should have no effect now.
// Did it ever test what it was supposed to?",how to,"
        parseFormat(rbnf_en, s, target_en);
        parseFormat(rbnf_fr, s, target_fr);
    }
}

@Test
public void TestLenientParse() throws Exception {
    RuleBasedNumberFormat rbnf_en, rbnf_fr;
","rbnf_en = new RuleBasedNumberFormat(Locale.ENGLISH, RuleBasedNumberFormat.SPELLOUT);
rbnf_en.setLenientParseMode(true);
rbnf_fr = new RuleBasedNumberFormat(Locale.FRENCH, RuleBasedNumberFormat.SPELLOUT);
rbnf_fr.setLenientParseMode(true);

Number n = rbnf_en.parse(""1,2 million"");
logln(n.toString());

String[][] lists = {
    { ""1,2"", ""twelve"", ""un virgule deux"" },"
365853,84,"// SBMTODO: Move this Spring boot health check
//    @Rule
//    public final GrpcCleanupRule grpcCleanup = new GrpcCleanupRule();
//
//    @Rule
//    public ExpectedException thrown = ExpectedException.none();
//
//    @Test
//    public void healthServing() throws Exception {
//        // Generate a unique in-process server name.
//        String serverName = InProcessServerBuilder.generateName();
//        HealthCheckAggregator hca = mock(HealthCheckAggregator.class);
//        CompletableFuture<HealthCheckStatus> hcsf = mock(CompletableFuture.class);
//        HealthCheckStatus hcs = mock(HealthCheckStatus.class);
//        when(hcs.isHealthy()).thenReturn(true);
//        when(hcsf.get()).thenReturn(hcs);
//        when(hca.check()).thenReturn(hcsf);
//        HealthServiceImpl healthyService = new HealthServiceImpl(hca);
//
//        addService(serverName, healthyService);
//        HealthGrpc.HealthBlockingStub blockingStub = HealthGrpc.newBlockingStub(
//                // Create a client channel and register for automatic graceful shutdown.
//
// grpcCleanup.register(InProcessChannelBuilder.forName(serverName).directExecutor().build()));
//
//
//        HealthCheckResponse reply =
// blockingStub.check(HealthCheckRequest.newBuilder().build());
//
//        assertEquals(HealthCheckResponse.ServingStatus.SERVING, reply.getStatus());
//    }
//
//    @Test
//    public void healthNotServing() throws Exception {
//        // Generate a unique in-process server name.
//        String serverName = InProcessServerBuilder.generateName();
//        HealthCheckAggregator hca = mock(HealthCheckAggregator.class);
//        CompletableFuture<HealthCheckStatus> hcsf = mock(CompletableFuture.class);
//        HealthCheckStatus hcs = mock(HealthCheckStatus.class);
//        when(hcs.isHealthy()).thenReturn(false);
//        when(hcsf.get()).thenReturn(hcs);
//        when(hca.check()).thenReturn(hcsf);
//        HealthServiceImpl healthyService = new HealthServiceImpl(hca);
//
//        addService(serverName, healthyService);
//        HealthGrpc.HealthBlockingStub blockingStub = HealthGrpc.newBlockingStub(
//                // Create a client channel and register for automatic graceful shutdown.
//
// grpcCleanup.register(InProcessChannelBuilder.forName(serverName).directExecutor().build()));
//
//
//        HealthCheckResponse reply =
// blockingStub.check(HealthCheckRequest.newBuilder().build());
//
//        assertEquals(HealthCheckResponse.ServingStatus.NOT_SERVING, reply.getStatus());
//    }
//
//    @Test
//    public void healthException() throws Exception {
//        // Generate a unique in-process server name.
//        String serverName = InProcessServerBuilder.generateName();
//        HealthCheckAggregator hca = mock(HealthCheckAggregator.class);
//        CompletableFuture<HealthCheckStatus> hcsf = mock(CompletableFuture.class);
//        when(hcsf.get()).thenThrow(InterruptedException.class);
//        when(hca.check()).thenReturn(hcsf);
//        HealthServiceImpl healthyService = new HealthServiceImpl(hca);
//
//        addService(serverName, healthyService);
//        HealthGrpc.HealthBlockingStub blockingStub = HealthGrpc.newBlockingStub(
//                // Create a client channel and register for automatic graceful shutdown.
//
// grpcCleanup.register(InProcessChannelBuilder.forName(serverName).directExecutor().build()));
//
//        thrown.expect(StatusRuntimeException.class);
//        thrown.expect(hasProperty(""status"", is(Status.INTERNAL)));
//        blockingStub.check(HealthCheckRequest.newBuilder().build());
//
//    }
//
//    private void addService(String name, BindableService service) throws Exception {
//        // Create a server, add service, start, and register for automatic graceful shutdown.
//        grpcCleanup.register(InProcessServerBuilder
//                .forName(name).directExecutor().addService(service).build().start());
//    }",refactor," * http://www.apache.org/licenses/LICENSE-2.0
 * <p>
 * Unless required by applicable law or agreed to in writing, software distributed under the License is distributed on
 * an ""AS IS"" BASIS, WITHOUT WARRANTIES OR CONDITIONS OF ANY KIND, either express or implied. See the License for the
 * specific language governing permissions and limitations under the License.
 */
package com.netflix.conductor.grpc.server.service;

public class HealthServiceImplTest {
",}
776547,269,"// TODO This fails with TCM as the constraints regarding concurrent overlapping range movements and
//      replication factors have moved into the operations themselves. Previously, these were enforced
//      at the StorageService level.",superficial,"    assertRangesAtEndpoint(RangesAtEndpoint.of(new Replica(node3, new Range<>(token3, newToken), true),
                                               new Replica(node3, new Range<>(token4, token5), true)),
                           pendingByEndpoint.get(node3));
    assertRangesAtEndpoint(RangesAtEndpoint.empty(node4), pendingByEndpoint.get(node4));
    assertRangesAtEndpoint(RangesAtEndpoint.empty(node5), pendingByEndpoint.get(node5));
}

@Test
public void testConcurrentAdjacentLeavingNodes()
{","ClusterMetadataTestHelper.createKeyspace(KEYSPACE, KeyspaceParams.simple(2));

Token token1 = token(-9);
Token token2 = token(-4);
Token token3 = token(0);
Token token4 = token(4);

InetAddressAndPort node1 = peer(1);
InetAddressAndPort node2 = peer(2);
InetAddressAndPort node3 = peer(3);"
499770,137,//hacky workaround using the toString method to avoid mocking the Ruby runtime,temporary fix,"@RunWith(MockitoJUnitRunner.class)
public class RubyHashGaugeTest {

    @Mock
    RubyHash rubyHash;

    private static final String RUBY_HASH_AS_STRING = ""{}"";

    @Before
    public void _setup() {","    //hacky workaround using the toString method to avoid mocking the Ruby runtime
    when(rubyHash.toString()).thenReturn(RUBY_HASH_AS_STRING);
}

@Test
public void getValue() {
    RubyHashGauge gauge = new RubyHashGauge(""bar"", rubyHash);
    assertThat(gauge.getValue().toString()).isEqualTo(RUBY_HASH_AS_STRING);
    assertThat(gauge.getType()).isEqualTo(MetricType.GAUGE_RUBYHASH);
"
279400,69,// TODO: test color,requirement,"@Test
public void classNameTest() {
    // TODO: test className
}

/**
 * Test the property 'color'
 */
@Test
public void colorTest() {","        // TODO: test color
    }

}"
407388,127,// both exceptions are reported to JUnit:,dependency,"
@After
public void after() {
    new StateMaster().clearMockitoListeners();
}

@Test
public void finish_mocking_exception_does_not_hide_the_exception_from_test() {
    Result result = junit.run(UnnecessaryStubbing.class);
    assertThat(result)","            // both exceptions are reported to JUnit:
            .fails(""unnecessary_stubbing"", IllegalStateException.class)
            .fails(""unnecessary_stubbing"", UnnecessaryStubbingException.class);
}

@Test
public void does_not_report_unused_stubbing_if_mismatch_reported() {
    Result result = junit.run(ReportMismatchButNotUnusedStubbing.class);
    assertThat(result).fails(1, PotentialStubbingProblem.class);
}"
279248,69,// TODO: test integerProp,requirement,"@Test
public void testNullableClass() {
    // TODO: test NullableClass
}

/**
 * Test the property 'integerProp'
 */
@Test
public void integerPropTest() {","    // TODO: test integerProp
}

/**
 * Test the property 'numberProp'
 */
@Test
public void numberPropTest() {
    // TODO: test numberProp
}"
249566,69,// TODO - assign values to the input arguments.,requirement," }

/**
 * test json serialization of form data
 * 
 */
 @Test
 public void testJsonFormDataTest() {
     // TODO - assign values to the input arguments.
     String param = null;","// TODO - assign values to the input arguments.
String param2 = null;

// TODO - uncomment the following two lines to invoke the service with valid parameters.
//ApiResponse<Void> response = api.testJsonFormData(param, param2);
//response.webClientResponse().await();
// TODO - check for appropriate return status
// assertThat(""Return status"", response.get().status().code(), is(expectedStatus));

// TODO: test validations"
398677,119,// Alpha does not support DML yet,requirement,"    assertUpdate(""CREATE TABLE test_alpha_ddl_partitioned_table (col1 bigint, ds VARCHAR) WITH (format = 'ALPHA', partitioned_by = ARRAY['ds'])"");
    assertUpdate(""ALTER TABLE test_alpha_ddl_partitioned_table ADD COLUMN col2 bigint"");
    assertUpdate(""ALTER TABLE test_alpha_ddl_partitioned_table DROP COLUMN col2"");
    assertUpdate(""DROP TABLE test_alpha_ddl_partitioned_table"");
}

@Test
public void testAlphaFormatDml()
{
    assertUpdate(""CREATE TABLE test_alpha_dml_partitioned_table (col1 bigint, ds VARCHAR) WITH (format = 'ALPHA', partitioned_by = ARRAY['ds'])"");","    // Alpha does not support DML yet
    assertQueryFails(""INSERT INTO test_alpha_dml_partitioned_table VALUES (1, '2022-01-01')"", ""Serializer does not exist: com.facebook.alpha.AlphaSerde"");
    assertUpdate(""DROP TABLE test_alpha_dml_partitioned_table"");
}

@Test
public void testInvokedFunctionNamesLog()
{
    QueryRunner queryRunner = getQueryRunner();
    Session logFunctionNamesEnabledSession = Session.builder(getSession())"
253682,69,// TODO: test validations,requirement,"

/**
 * successful operation
 */
@Test
public void shouldSee200AfterUpdatePet() {
    Pet body = null;
    api.updatePet()
            .body(body).execute(r -> r.prettyPeek());","    // TODO: test validations
}

/**
 * Invalid ID supplied
 */
@Test
public void shouldSee400AfterUpdatePet() {
    Pet body = null;
    api.updatePet()"
254560,69,// TODO: test bigDecimal,requirement,"@Test
void passwordTest() {
    // TODO: test password
}

/**
 * Test the property 'bigDecimal'
 */
@Test
void bigDecimalTest() {","        // TODO: test bigDecimal
    }

}"
1122526,488,"// This test only supports local resource loading (e.g. must be a file), not support JAR test loading.",requirement,"String fileFilterProp = System.getProperty(FILE_FILTER_PROPERTY);

// Load each test file.
for (String testCaseName : testFilenames) {
  if (fileFilterProp != null && !testCaseName.toLowerCase().contains(fileFilterProp.toLowerCase())) {
    continue;
  }

  String testCaseFile = QUERY_TEST_RESOURCE_FOLDER + File.separator + testCaseName;
  URL testFileUrl = classLoader.getResource(testCaseFile);","// This test only supports local resource loading (e.g. must be a file), not support JAR test loading.
if (testFileUrl != null && new File(testFileUrl.getFile()).exists()) {
  Map<String, QueryTestCase> testCases =
      MAPPER.readValue(new File(testFileUrl.getFile()), new TypeReference<Map<String, QueryTestCase>>() {
      });
  {
    HashSet<String> hashSet = new HashSet<>(testCaseMap.keySet());
    hashSet.retainAll(testCases.keySet());

    if (!hashSet.isEmpty()) {"
368941,85,// TODO zhangcheng make sure the test cases should not empty,code,"
private Collection<TransactionTestParameter> getTransactionTestParameters(final Class<? extends TransactionBaseE2EIT> testCaseClass) {
    TransactionTestCaseRegistry currentTestCaseInfo = ENV.getTransactionTestCaseRegistryMap().get(testCaseClass.getName());
    Collection<TransactionTestParameter> result = new LinkedList<>();
    if (ENV.getItEnvType() == TransactionE2EEnvTypeEnum.DOCKER) {
        result.addAll(getTestParameters(currentTestCaseInfo));
    }
    if (ENV.getItEnvType() == TransactionE2EEnvTypeEnum.NATIVE && ""MySQL"".equalsIgnoreCase(ENV.getNativeDatabaseType())) {
        result.addAll(getTestParameters(currentTestCaseInfo, ENV.getMysqlVersions()));
    }","    // TODO zhangcheng make sure the test cases should not empty
    if (result.isEmpty()) {
        result.add(null);
    }
    return result;
}

private Collection<TransactionTestParameter> getTestParameters(final TransactionTestCaseRegistry registry) {
    Collection<TransactionTestParameter> result = new LinkedList<>();
    if (TransactionTestConstants.MYSQL.equalsIgnoreCase(registry.getDbType())) {"
258135,69,// TODO: test ClassModel,requirement," * Model tests for ClassModel
 */
class ClassModelTest {
    private final ClassModel model = new ClassModel();

    /**
     * Model tests for ClassModel
     */
    @Test
    void testClassModel() {","    // TODO: test ClassModel
}

/**
 * Test the property 'propertyClass'
 */
@Test
void propertyClassTest() {
    // TODO: test propertyClass
}"
261484,69,// TODO: test validations,requirement,"
/**
 * 
 *
 * 
 */
@Test
public void fooGetTest()  {
    FooGetDefaultResponse response = api.fooGet();
","        // TODO: test validations
    }
    
}"
264456,69,// TODO: test validations,requirement," * @throws RestClientException
 *          if the Api call fails
 */
@Test
void loginUserTest() {
    String username = null;
    String password = null;

    String response = api.loginUser(username, password);
","    // TODO: test validations
}

/**
 * Logs out current logged in user session
 *
 * 
 *
 * @throws RestClientException
 *          if the Api call fails"
270456,69,// TODO: test validations,requirement," * 
 *
 * @throws ApiException if the Api call fails
 */
@Test
public void fakeUploadRefRequestBodiesTest() throws ApiException {
    Long petId = null;
    String additionalMetadata = null;
    File _file = null;
    ModelApiResponse response = api.fakeUploadRefRequestBodies(petId, additionalMetadata, _file);","    // TODO: test validations
}

/**
 * Array of Enums
 *
 * @throws ApiException if the Api call fails
 */
@Test
public void getFakeArrayofenumsTest() throws ApiException {"
1064896,478,// Need to run the mvn clean install to create the test jar file when running it from IDE,build,"        resolver.addFilter(filter);
        Set<Class<?>> scanned = resolver.findByFilter(filter, ""a.b.c"");
        assertEquals(1, scanned.size());
        assertEquals(""class a.b.c.Test"", scanned.iterator().next().toString());
    } finally {
        Thread.currentThread().setContextClassLoader(savedClassLoader);
    }
}

@Test","// Need to run the mvn clean install to create the test jar file when running it from IDE
public void testFindByFilterPackageInJarUrlWithPlusChars() throws Exception {
    ClassLoader savedClassLoader = null;
    try {
        savedClassLoader = Thread.currentThread().getContextClassLoader();
        URL url = getClass().getResource(""/package+scan+test.jar"");

        URL urls[] = { new URL(""jar:"" + url.toString() + ""!/"") };
        URLClassLoader classLoader = new URLClassLoader(urls, savedClassLoader);
"
278758,69,// TODO: test OuterEnumDefaultValue,requirement,"
/**
 * Model tests for OuterEnumDefaultValue
 */
public class OuterEnumDefaultValueTest {
    /**
     * Model tests for OuterEnumDefaultValue
     */
    @Test
    public void testOuterEnumDefaultValue() {","        // TODO: test OuterEnumDefaultValue
    }

}"
1225703,593,"// TODO review the generated test code and remove the default call to
// fail.
// fail(""The test case is a prototype."");",requirement,"
/**
 * Test of setDriverClass method, of class DBURI.
 */
@Test
void testSetDriverClass() throws URISyntaxException, Exception {
    System.out.println(""setDriverClass"");
    String driverClass = ""oracle.jdbc.driver.OracleDriver"";
    DBURI instance = new DBURI(C_ORACLE_OCI_1);
    instance.setDriverClass(driverClass);","}

/**
 * Test of getCharacterSet method, of class DBURI.
 */
@Test
void testGetCharacterSet() throws URISyntaxException, Exception {
    System.out.println(""getCharacterSet"");
    DBURI instance = new DBURI(C_ORACLE_OCI_2);
    String expResult = ""utf8"";"
276706,69,// TODO: test EnumClass,requirement,"
/**
 * Model tests for EnumClass
 */
public class EnumClassTest {
    /**
     * Model tests for EnumClass
     */
    @Test
    public void testEnumClass() {","        // TODO: test EnumClass
    }

}"
254802,69,// TODO: test nameWrappedArray,requirement,"@Test
void nameArrayTest() {
    // TODO: test nameArray
}

/**
 * Test the property 'nameWrappedArray'
 */
@Test
void nameWrappedArrayTest() {","    // TODO: test nameWrappedArray
}

/**
 * Test the property 'prefixString'
 */
@Test
void prefixStringTest() {
    // TODO: test prefixString
}"
268778,69,// TODO: test _float,requirement,"@Test
void numberTest() {
    // TODO: test number
}

/**
 * Test the property '_float'
 */
@Test
void _floatTest() {","    // TODO: test _float
}

/**
 * Test the property '_double'
 */
@Test
void _doubleTest() {
    // TODO: test _double
}"
856708,323,// TODO Auto-generated method stub,requirement,"}

@Override
public Reader getNCharacterStream(int parameterIndex) throws SQLException {
    // TODO Auto-generated method stub
    return null;
}

@Override
public Reader getNCharacterStream(String parameterName) throws SQLException {","    // TODO Auto-generated method stub
    return null;
}

@Override
public NClob getNClob(int parameterIndex) throws SQLException {
    // TODO Auto-generated method stub
    return null;
}
"
272317,69,// TODO: test code,requirement,"@Test
void testModelApiResponse() {
    // TODO: test ModelApiResponse
}

/**
 * Test the property 'code'
 */
@Test
void codeTest() {","    // TODO: test code
}

/**
 * Test the property 'type'
 */
@Test
void typeTest() {
    // TODO: test type
}"
1004573,441,"// read() and closeEntry() must throw IOExceptions to indicate that
// the stream is corrupt. The bug above reported that they would loop
// forever.",code,"private static final byte[] INCOMPLETE_ZIP = new byte[] {
        0120, 0113, 0003, 0004, 0024, 0000, 0010, 0010, 0010, 0000, 0002, 0035, (byte) 0330,
        0106, 0000, 0000, 0000, 0000, 0000, 0000, 0000, 0000, 0000, 0000, 0000, 0000, 0013,
        0000, 0000, 0000, 0146, 0157, 0157, 0057, 0142, 0141, 0162, 0056, 0160, 0156, 0147 };

// http://b//21846904
public void testReadOnIncompleteStream() throws Exception {
    ZipInputStream zi = new ZipInputStream(new ByteArrayInputStream(INCOMPLETE_ZIP));
    ZipEntry ze = zi.getNextEntry();
","try {
    zi.read(new byte[1024], 0, 1024);
    fail();
} catch (IOException expected) {
}

try {
    zi.closeEntry();
    fail();
} catch (IOException expected) {"
423347,128,// TODO Auto-generated catch block,requirement,"protected ApplicationHistoryProtocol getAHSProxy(Configuration conf)
    throws IOException
{
  GetApplicationReportResponse resp = Mockito.
      mock(GetApplicationReportResponse.class);
  historyManager = Mockito.mock(ApplicationHistoryProtocol.class);
  try {
    Mockito.when(historyManager.getApplicationReport(Mockito
        .any(GetApplicationReportRequest.class))).thenReturn(resp);
  } catch (YarnException e) {","        // TODO Auto-generated catch block
        e.printStackTrace();
      }
      return historyManager;
    }
  }
}"
252484,69,// TODO: test validations,requirement," * 
 *
 * @param context Vertx test context for doing assertions
 */
@Test
public void deletePetTest(TestContext testContext) {
    Async async = testContext.async();
    Long petId = null;
    String apiKey = null;
    api.deletePet(petId, apiKey, result -> {","        // TODO: test validations
        async.complete();
    });
}
/**
 * Finds Pets by status
 * Multiple status values can be provided with comma separated strings
 *
 * @param context Vertx test context for doing assertions
 */"
259729,69,"//Long orderId = null;
//Order response = api.getOrderById(orderId);
// TODO: test validations",requirement,"
/**
 * Find purchase order by ID
 *
 * For valid response try integer IDs with value &lt;&#x3D; 5 or &gt; 10. Other values will generate exceptions
 *
 * @throws ApiException if the Api call fails
 */
@Test
public void getOrderByIdTest() throws ApiException {","}

/**
 * Place an order for a pet
 *
 * @throws ApiException if the Api call fails
 */
@Test
public void placeOrderTest() throws ApiException {
    //Order body = null;"
270663,69,// TODO: test Mammal,requirement," * Model tests for Mammal
 */
class MammalTest {
    private final Mammal model = new Mammal();

    /**
     * Model tests for Mammal
     */
    @Test
    void testMammal() {","    // TODO: test Mammal
}

/**
 * Test the property 'hasBaleen'
 */
@Test
void hasBaleenTest() {
    // TODO: test hasBaleen
}"
1477629,805,// TODO pass properties file,requirement,"// don't even think of serving more than XX requests in parallel...
// we have a limit in our processing and memory capacities
ThreadPoolExecutor tp = (ThreadPoolExecutor) Executors.newCachedThreadPool();
tp.setMaximumPoolSize(50);

Server server = null;
ServerConnector conn = null;
try {
    server = new Server(new ExecutorThreadPool(tp));
","// TODO pass properties file
File properties = null;
if (args.length == 1) {
    String propertiesFileName = args[0];
    if (!propertiesFileName.isEmpty()) {
        properties = new File(propertiesFileName);
    }
} else {
    properties = new File(""src/test/resources/jetty.properties"");
}"
266209,69,// TODO: test color,requirement,"@Test
public void classNameTest() {
    // TODO: test className
}

/**
 * Test the property 'color'
 */
@Test
public void colorTest() {","    // TODO: test color
}

/**
 * Test the property 'declawed'
 */
@Test
public void declawedTest() {
    // TODO: test declawed
}"
267276,69,// TODO: test FormatTest,requirement," * Model tests for FormatTest
 */
class FormatTestTest {
    private final FormatTest model = new FormatTest();

    /**
     * Model tests for FormatTest
     */
    @Test
    void testFormatTest() {","    // TODO: test FormatTest
}

/**
 * Test the property 'integer'
 */
@Test
void integerTest() {
    // TODO: test integer
}"
254020,69,// TODO: test ModelReturn,requirement," * Model tests for ModelReturn
 */
class ModelReturnTest {
    private final ModelReturn model = new ModelReturn();

    /**
     * Model tests for ModelReturn
     */
    @Test
    void testModelReturn() {","    // TODO: test ModelReturn
}

/**
 * Test the property '_return'
 */
@Test
void _returnTest() {
    // TODO: test _return
}"
720631,230,"// Just testing DerivedField definition from SearchSourceBuilder derivedField()
// We are not testing the full functionality here",requirement,"        List<Object> values = searchHit.getFields().get(""result"").getValues();
        assertNotNull(values);
        assertEquals(1, values.size());
        assertThat(values.get(0), instanceOf(List.class));
        List<?> list = (List<?>) values.get(0);
        assertEquals(0, list.size());
    }
}

public void testSearchWithDerivedFields() throws Exception {","Request doc = new Request(""PUT"", ""/test/_doc/1"");
doc.setJsonEntity(""{\""field\"":\""value\""}"");
client().performRequest(doc);
client().performRequest(new Request(""POST"", ""/test/_refresh""));
// Keyword field
{
    SearchRequest searchRequest = new SearchRequest(""test"").source(
        SearchSourceBuilder.searchSource()
            .derivedField(""result"", ""keyword"", new Script(""emit(params._source[\""field\""])""))
            .fetchField(""result"")"
1371721,733,// TODO,requirement,"    // TODO
}

@Test
public void handleTouchSensor() {
    // TODO
}

@Test
public void handleSpeakToChatConfig() {","        // TODO
    }

    @Test
    public void handleVoiceNotifications() {
        // TODO
    }
}"
216327,60,"/**
 * Should be removed along {@link SupportsCommitter}.
 */",refactor,"                    return InstantiationUtil.deserializeObject(
                            serialized, Thread.currentThread().getContextClassLoader());
                } catch (ClassNotFoundException e) {
                    throw new RuntimeException(e);
                }
            }
        };
    }
}
","@Deprecated
private static class DummyPrecommittingSinkWriter
        implements CommittingSinkWriter<Long, Tuple3<Integer, Integer, Map<Long, Long>>> {

    private final int subTaskIndex;

    private final int attemptNumber;

    public DummyPrecommittingSinkWriter(int subTaskIndex, int attemptNumber) {
        this.subTaskIndex = subTaskIndex;"
1529183,874,"// btw, we should also check the ""skip xxx"" log,
// but the /path/to/job_tmp/job_id/01/meta/execute_output.json.xxx.log not exists in ut env.",requirement,"EnhancedUnitOfWork.doInTransactionWithCheckAndRetry(() -> {
    ExecutableManager tempExecMgr = ExecutableManager.getInstance(KylinConfig.getInstanceFromEnv(), project);
    tempExecMgr.removeBreakPoints(cubeStep.getId());
    tempExecMgr.resumeJob(job.getId());
    return null;
}, project, UnitOfWork.DEFAULT_MAX_RETRY, UnitOfWork.DEFAULT_EPOCH_ID, job.getId());

// till job finished
IndexDataConstructor.wait(job);
","tempMetaConf = KylinConfig.createKylinConfig(metaConf);
remoteDf = NDataflowManager.getInstance(tempMetaConf, project).getDataflow(dfId);
Assert.assertEquals(1, remoteDf.getSegments().size());
remoteSegment = remoteDf.getSegments().getFirstSegment();
Assert.assertTrue(remoteSegment.isFlatTableReady());
Assert.assertTrue(remoteSegment.isDictReady());
Assert.assertTrue(remoteSegment.isFactViewReady());
Assert.assertNotNull(remoteSegment.getLayout(normalLayoutId));
Assert.assertNotNull(remoteSegment.getLayout(cntDstLayoutId));
ResourceStore.clearCache(tempMetaConf);"
475220,129,"// Circuit breaker does not work with fragmented buffer
// TODO: find a solution, Net.peek() always return a byte when the incoming buffer not read fully
// when executing 'E' (execute) postgres protocol command",how to,"        sink.clear();
        try (ResultSet rs = stmt.executeQuery()) {
            assertResultSet(""h[VARCHAR],isym[VARCHAR]\n"", sink, rs);
        }
    }
}

private void testFetchDisconnectReleasesReader(String query) throws Exception {
    skipOnWalRun(); // non-partitioned table
    forceRecvFragmentationChunkSize = recvBufferSize;","assertWithPgServer(CONN_AWARE_ALL, (connection, binary, mode, port) -> {
    connection.setAutoCommit(false);

    PreparedStatement tbl = connection.prepareStatement(""create table xx as ("" +
            ""select x,"" +
            "" timestamp_sequence(0, 1000) ts"" +
            "" from long_sequence(1000000)) timestamp (ts)"");
    tbl.execute();

    PreparedStatement stmt = connection.prepareStatement(query);"
352694,81,// cannot test...,how to,"    }
} else if (argType == long.class) {
    String rvs = Arrays.toString((long[]) returnValue);
    if (!argstr.equals(rvs)) {
        System.out.println(""method:   ""+result);
        System.out.println(""expected: ""+argstr);
        System.out.println(""returned: ""+rvs);
        assertEquals(argstr, rvs);
    }
} else {","            // cannot test...
        }
    }

}"
1002901,441,"/* No finalization in iOS.
    public void testRandomAccessFileHasCleanupFinalizer() throws Exception {
        // TODO: this always succeeds on the host because our default open file limit is 32Ki.
        // Add Libcore.os.getrlimit and use that instead of hard-coding.
        int tooManyOpenFiles = 2000;
        File file = File.createTempFile(""RandomAccessFileTest"", ""tmp"");
        for (int i = 0; i < tooManyOpenFiles; i++) {
            createRandomAccessFile(file);
            FinalizationTester.induceFinalization();
        }
    }
    */",other,"    RandomAccessFile raf = new RandomAccessFile(file, ""rw"");
    raf.setLength(0);
    assertEquals(0, file.length());
    long moreThanFourGig = ((long) Integer.MAX_VALUE) + 1L;
    raf.setLength(moreThanFourGig);
    assertEquals(moreThanFourGig, file.length());
  }
}

// http://b/3015023","private void createRandomAccessFile(File file) throws Exception {
    // TODO: fix our register maps and remove this otherwise unnecessary
    // indirection! (http://b/5412580)
    new RandomAccessFile(file, ""rw"");
}

public void testDirectories() throws Exception {
    try {
        new RandomAccessFile(""."", ""r"");
        fail();"
1217684,577,// todo: investigate last packet loss,defect,"    assertEquals(""failed after "" + i, 1, len);
}
Log.i(TAG, ""average time per read "" + (System.currentTimeMillis()-time)/i + "" msec"");

if(!(usb.serialDriver instanceof CdcAcmSerialDriver)) {
    int diffLen;
    usb.close();
    // no issue with high transfer rate and long read timeout
    diffLen = readSpeedInt(5, -1, longTimeout);
    if(usb.serialDriver instanceof Ch34xSerialDriver && diffLen == -1)","    diffLen = 0; // todo: investigate last packet loss
assertEquals(0, diffLen);
usb.close();
// date loss with high transfer rate and short read timeout !!!
diffLen = readSpeedInt(5, -1, shortTimeout);

assertNotEquals(""sporadic issue!"", 0, diffLen);

// data loss observed with read timeout up to 200 msec, e.g.
//  difference at 181 len 64"
954802,427,"// This should work but is currently not implemented
// the reason is that when @FunctionBean is defined on a factory
// we do not go through and visit public Executable methods unless
// it is an AOP proxy",requirement,"import io.micronaut.http.annotation.Consumes;
import io.micronaut.http.annotation.Produces;

import java.util.function.BiFunction;
import java.util.function.Function;
import java.util.function.Supplier;

@Factory
public class TestFunctionFactory {
","@FunctionBean(""java/supplier/string"")
Supplier<String> get() {
    return () -> ""myvalue"";
}

@FunctionBean(""java/supplier/xml"")
@Produces(MediaType.TEXT_XML)
Supplier<String> getXml() {
    return () -> ""<hello></hello>"";
}"
272433,69,// TODO: test firstName,requirement,"@Test
void usernameTest() {
    // TODO: test username
}

/**
 * Test the property 'firstName'
 */
@Test
void firstNameTest() {","    // TODO: test firstName
}

/**
 * Test the property 'lastName'
 */
@Test
void lastNameTest() {
    // TODO: test lastName
}"
274926,69,// TODO: test id,requirement,"@Test
void testDataQuery() {
    // TODO: test DataQuery
}

/**
 * Test the property 'id'
 */
@Test
void idTest() {","    // TODO: test id
}

/**
 * Test the property 'outcomes'
 */
@Test
void outcomesTest() {
    // TODO: test outcomes
}"
1057086,455,// known bug: time argument is unsigned 32bit in graphics library,defect,"
@Test
public void testTimeToValues2() {
  Interpolator interpolator = new Interpolator(1);
  interpolator.setKeyFrame(0, 2000, new float[] {1.0f});
  interpolator.setKeyFrame(1, 4000, new float[] {2.0f});
  verifyValue(1000, 1.0f, Result.FREEZE_START, interpolator);
  verifyValue(3000, 1.5f, Result.NORMAL, interpolator);
  verifyValue(6000, 2.0f, Result.FREEZE_END, interpolator);
","// known bug: time argument is unsigned 32bit in graphics library
verifyValue(-1000, 2.0f, Result.FREEZE_END, interpolator);

interpolator.reset(1, 3);
interpolator.setKeyFrame(0, 2000, new float[] {1.0f});
interpolator.setKeyFrame(1, 4000, new float[] {2.0f});
interpolator.setKeyFrame(2, 6000, new float[] {4.0f});
verifyValue(0, 1.0f, Result.FREEZE_START, interpolator);
verifyValue(3000, 1.5f, Result.NORMAL, interpolator);
verifyValue(5000, 3.0f, Result.NORMAL, interpolator);"
257939,69,// TODO: test id,requirement,"@Test
public void testOrder() {
    // TODO: test Order
}

/**
 * Test the property 'id'
 */
@Test
public void idTest() {","    // TODO: test id
}

/**
 * Test the property 'petId'
 */
@Test
public void petIdTest() {
    // TODO: test petId
}"
845408,308,// TODO: This test needs to be adapted to work with streamingEngine=true.,superficial,"                DEFAULT_SHARDING_KEY + i,
                keyStringForIndex(i) + ""_data"" + (i + 1000))
            .build(),
        removeDynamicFields(result.get((long) i + 1000)));
  }
}

@Test(timeout = 30000)
public void testExceptions() throws Exception {
  if (streamingEngine) {","  // TODO: This test needs to be adapted to work with streamingEngine=true.
  return;
}

List<ParallelInstruction> instructions =
    Arrays.asList(
        makeSourceInstruction(StringUtf8Coder.of()),
        makeDoFnInstruction(new TestExceptionFn(), 0, StringUtf8Coder.of()),
        makeSinkInstruction(StringUtf8Coder.of(), 1));
"
166241,47,// TODO Auto-generated method stub,requirement,"    // TODO Auto-generated method stub
    return false;
}

public boolean isLogicalConnection() {
    // TODO Auto-generated method stub
    return false;
}

public boolean isProxySession() {","    // TODO Auto-generated method stub
    return false;
}

public boolean isUsable() {
    // TODO Auto-generated method stub
    return false;
}

public void openProxySession(int arg0, Properties arg1) throws SQLException {"
647576,213,// this is old test where the flag needs to be disabled,requirement,"
@After
public void tearDown() throws Exception {
    mSession.finishMocking();
}

@Test
@DisableFlags({Flags.FLAG_RECOVERABILITY_DETECTION,
        Flags.FLAG_DEPRECATE_FLAGS_AND_SETTINGS_RESETS})
public void testBootLoop() {","// this is old test where the flag needs to be disabled
RescueParty.onSettingsProviderPublished(mMockContext);
verify(() -> DeviceConfig.setMonitorCallback(eq(mMockContentResolver),
        any(Executor.class),
        mMonitorCallbackCaptor.capture()));
HashMap<String, Integer> verifiedTimesMap = new HashMap<String, Integer>();

noteBoot(1);

// Record DeviceConfig accesses"
1081500,478,"// this is a bit of a hack, since we don't implement generations.",temporary fix,"String sourceKey = fullname(rewriteRequest.source);

// a little hackish, just good enough for the tests to work.
if (!contents.containsKey(sourceKey)) {
    throw new StorageException(NOT_FOUND, ""File not found: "" + sourceKey);
}

// if non-null, then we check the file's at that generation.
Long generationMatch = null;
for (Option option : rewriteRequest.targetOptions.keySet()) {","    // this is a bit of a hack, since we don't implement generations.
    if (option == Option.IF_GENERATION_MATCH) {
        generationMatch = (Long) rewriteRequest.targetOptions.get(option);
    }
}

String destKey = fullname(rewriteRequest.target);

// if this is a new file, set generation to 1, else increment the existing generation
long generation = 1;"
857022,323,// TODO Auto-generated method stub,requirement,"}

@Override
public void updateFloat(String columnLabel, float x) throws SQLException {
    // TODO Auto-generated method stub

}

@Override
public void updateInt(int columnIndex, int x) throws SQLException {","    // TODO Auto-generated method stub

}

@Override
public void updateInt(String columnLabel, int x) throws SQLException {
    // TODO Auto-generated method stub

}
"
143962,40,"// Old brokers may require CLUSTER permission to use the OffsetForLeaderEpoch API,
// so we should skip offset validation and not send the request.",skip test,"
    offsetFetcher.validatePositionsIfNeeded();
    consumerClient.pollNoWakeup();

    assertFalse(subscriptions.awaitingValidation(tp0));
    assertEquals(20L, subscriptions.position(tp0).offset);
}

@Test
public void testOffsetValidationSkippedForOldBroker() {","IsolationLevel isolationLevel = IsolationLevel.READ_UNCOMMITTED;
int maxPollRecords = Integer.MAX_VALUE;
long metadataExpireMs = Long.MAX_VALUE;
AutoOffsetResetStrategy offsetResetStrategy = AutoOffsetResetStrategy.EARLIEST;
int minBytes = 1;
int maxBytes = Integer.MAX_VALUE;
int maxWaitMs = 0;
int fetchSize = 1000;

MetricConfig metricConfig = new MetricConfig();"
270969,69,// TODO: test objectAndItemsNullableProp,requirement,"@Test
void objectNullablePropTest() {
    // TODO: test objectNullableProp
}

/**
 * Test the property 'objectAndItemsNullableProp'
 */
@Test
void objectAndItemsNullablePropTest() {","    // TODO: test objectAndItemsNullableProp
}

/**
 * Test the property 'objectItemsNullable'
 */
@Test
void objectItemsNullableTest() {
    // TODO: test objectItemsNullable
}"
249857,69,// TODO: test username,requirement,"@Test
public void idTest() {
    // TODO: test id
}

/**
 * Test the property 'username'
 */
@Test
public void usernameTest() {","    // TODO: test username
}

/**
 * Test the property 'firstName'
 */
@Test
public void firstNameTest() {
    // TODO: test firstName
}"
1321885,638,"// NO list support in JDOQL
//        testData.listTests(store.products, otherStore.products, p);",dependency,"public void standardTest() {
    Product p = query().from(product).where(product.name.eq(productName)).limit(1).select(product).fetchOne();
    Product p2 = query().from(product).where(product.name.startsWith(otherName)).limit(1).select(product).fetchOne();
    standardTest.noProjections();
    standardTest.noCounts();

    standardTest.runBooleanTests(product.name.isNull(), otherProduct.price.lt(10.00));
    standardTest.runCollectionTests(store.products, otherStore.products, p, p2);
    standardTest.runDateTests(product.dateField, otherProduct.dateField, date);
    standardTest.runDateTimeTests(product.publicationDate, otherProduct.publicationDate, publicationDate);","    standardTest.runMapTests(store.productsByName, otherStore.productsByName, productName, p, ""X"", p2);
    standardTest.runNumericCasts(product.price, otherProduct.price, 200.0);
    standardTest.runNumericTests(product.amount, otherProduct.amount, 2);
    standardTest.runStringTests(product.name, otherProduct.name, productName);
    standardTest.runTimeTests(product.timeField, otherProduct.timeField, time);

    standardTest.report();
}

@Test"
1494026,822,/*TODO alpn.getProtocol()*/,requirement,"/* TODO
// HTTP/2 Connection Factory
HTTP2ServerConnectionFactory h2 = new HTTP2ServerConnectionFactory(sslConfig);

NegotiatingServerConnectionFactory.checkProtocolNegotiationAvailable();
ALPNServerConnectionFactory alpn = new ALPNServerConnectionFactory();
alpn.setDefaultProtocol(h1.getProtocol());
*/

// SSL Connection Factory","SslConnectionFactory ssl = new SslConnectionFactory(__sslContextFactory, h1.getProtocol() /*TODO alpn.getProtocol()*/);

// HTTP/2 Connector
ServerConnector http2 = new ServerConnector(__server, ssl, /*TODO alpn,h2,*/ h1);
http2.setIdleTimeout(5000);
__server.addConnector(http2);

ServletContextHandler context = new ServletContextHandler(__server, ""/ctx"");
ServletHolder holder = new ServletHolder(new TestServlet());
holder.setAsyncSupported(true);"
833852,308,// I don't think doing this will be safe in parallel,how to,"    StateSpecs.bag(RowCoder.of(TEST_TABLE_SCHEMA));

@StateId(""count"")
private final StateSpec<ValueState<Integer>> countState = StateSpecs.value();

@ProcessElement
public void process(
    ProcessContext context,
    @StateId(""seenValues"") BagState<Row> seenValues,
    @StateId(""count"") ValueState<Integer> countState) {","// I don't think doing this will be safe in parallel
int count = MoreObjects.firstNonNull(countState.read(), 0);
count = count + 1;
countState.write(count);
seenValues.add(context.element().getValue());

if (count >= expected.size()) {
  if (StreamSupport.stream(seenValues.read().spliterator(), false)
      .collect(Collectors.toSet())
      .containsAll(expected)) {"
362060,81,// workaround,temporary fix,"
private void waitForIdle() {
    robot.waitForIdle();
    robot.delay(DELAY);
}

private void seekElements() {
    for (Frame f : Frame.getFrames()) {
        if (f.getTitle().equals(WINDOW_LABEL)) {
            frame = (JFrame) f;","// workaround
frame.setLocation(0, 0);
Container root = frame.getContentPane();
for (Component c : root.getComponents()) {
    if (c instanceof JScrollPane) {
        JScrollPane scrollPane = (JScrollPane) c;
        for (Component comp : scrollPane.getComponents()) {
            if (comp instanceof JViewport) {
                JViewport view = (JViewport) comp;
                area = (JTextArea) view.getComponent(0);"
15995,8,// TODO: remove this if branch when removing the 'index_recovery_use_synthetic_source' feature flag,temporary fix,"
public void testRecoverySourceWithSyntheticSource() throws IOException {
    {
        Settings settings = Settings.builder()
            .put(IndexSettings.INDEX_MAPPER_SOURCE_MODE_SETTING.getKey(), SourceFieldMapper.Mode.SYNTHETIC.toString())
            .build();
        MapperService mapperService = createMapperService(settings, topMapping(b -> {}));
        DocumentMapper docMapper = mapperService.documentMapper();
        ParsedDocument doc = docMapper.parse(source(b -> b.field(""field1"", ""value1"")));
        if (IndexSettings.RECOVERY_USE_SYNTHETIC_SOURCE.isEnabled() == false) {","        // TODO: remove this if branch when removing the 'index_recovery_use_synthetic_source' feature flag
        assertNotNull(doc.rootDoc().getField(""_recovery_source""));
        assertThat(doc.rootDoc().getField(""_recovery_source"").binaryValue(), equalTo(new BytesRef(""{\""field1\"":\""value1\""}"")));
    } else {
        assertNull(doc.rootDoc().getField(""_recovery_source""));
    }
}
{
    Settings settings = Settings.builder()
        .put(IndexSettings.INDEX_MAPPER_SOURCE_MODE_SETTING.getKey(), SourceFieldMapper.Mode.SYNTHETIC.toString())"
755174,255,// TODO: fill expire txn ids,requirement,"info.setSchema_hash(schemaHash);
info.setStorage_medium(TStorageMedium.SSD);
info.setPath_hash(PseudoBackend.PATH_HASH);
info.setIs_in_memory(false);
info.setVersion(maxContinuousVersion());
info.setMax_readable_version(maxContinuousVersion());
info.setMin_readable_version(minVersion());
info.setVersion_miss(!pendingRowsets.isEmpty());
info.setRow_count(getRowCount());
info.setData_size(getDataSize());","    // TODO: fill expire txn ids
    return info;
}

static class EditVersion {
    @SerializedName(value = ""major"")
    long major;
    @SerializedName(value = ""minor"")
    long minor;
    @SerializedName(value = ""rowsets"")"
275265,69,// TODO: test validations,requirement," * Test query parameter(s)
 *
 * @throws ApiException
 *          if the Api call fails
 */
@Test
public void testQueryStyleDeepObjectExplodeTrueObjectTest() throws ApiException {
    Pet queryObject = null;
    String response = api.testQueryStyleDeepObjectExplodeTrueObject(queryObject);
","    // TODO: test validations
}
/**
 * Test query parameter(s)
 *
 * Test query parameter(s)
 *
 * @throws ApiException
 *          if the Api call fails
 */"
230424,64,// TODO: b/386384684 - remove Unsafe usage,refactor,"
  private StartingAddressParameter(int value) {
    this.value = value;
  }

  private int value() {
    return value;
  }
}
","// TODO: b/386384684 - remove Unsafe usage
@Test
public void queue_handlesConcurrentTasks(@TestParameter StartingAddressParameter startingAddress)
    throws InterruptedException {
  UNSAFE.putInt(null, appendIndexAddress, startingAddress.value());
  UNSAFE.putInt(null, takeIndexAddress, startingAddress.value());

  // Count for the inner loop within each thread that performs queue operations. This is
  // deliberately higher than the queue capacity to cover multiple epochs.
  final int inner = CAPACITY + 1;"
636499,211,// This connector does not support modifying table rows,skip test,"protected void testUpdate()
{
    // This connector does not support modifying table rows
    abort(""skipped"");
}

@Test
@Override
protected void testUpdateWithSubquery()
{","        // This connector does not support modifying table rows
        abort(""skipped"");
    }
}"
254812,69,// TODO: test prefixArray,requirement,"@Test
void prefixBooleanTest() {
    // TODO: test prefixBoolean
}

/**
 * Test the property 'prefixArray'
 */
@Test
void prefixArrayTest() {","    // TODO: test prefixArray
}

/**
 * Test the property 'prefixWrappedArray'
 */
@Test
void prefixWrappedArrayTest() {
    // TODO: test prefixWrappedArray
}"
260307,69,"//
//File body = null;
//
//api.testBodyWithBinary(body);

// TODO: test validations",requirement,"    // TODO: test validations
}
/**
 * For this test, the body has to be a binary file.
 *
 * @throws ApiException
 *          if the Api call fails
 */
@Test
void testBodyWithBinaryTest() throws ApiException {","}
/**
 * For this test, the body for this request must reference a schema named &#x60;File&#x60;.
 *
 * @throws ApiException
 *          if the Api call fails
 */
@Test
void testBodyWithFileSchemaTest() throws ApiException {
    //"
278176,69,// TODO: test bars,requirement,"@Test
public void deprecatedRefTest() {
    // TODO: test deprecatedRef
}

/**
 * Test the property 'bars'
 */
@Test
public void barsTest() {","        // TODO: test bars
    }

}"
263132,69,// TODO: test ArrayOfArrayOfNumberOnly,requirement," * Model tests for ArrayOfArrayOfNumberOnly
 */
class ArrayOfArrayOfNumberOnlyTest {
    private final ArrayOfArrayOfNumberOnly model = new ArrayOfArrayOfNumberOnly();

    /**
     * Model tests for ArrayOfArrayOfNumberOnly
     */
    @Test
    void testArrayOfArrayOfNumberOnly() {","    // TODO: test ArrayOfArrayOfNumberOnly
}

/**
 * Test the property 'arrayArrayNumber'
 */
@Test
void arrayArrayNumberTest() {
    // TODO: test arrayArrayNumber
}"
868979,337,// TODO(sdh): Print a better name (https://github.com/google/closure-compiler/issues/2982),code,"        ""    CTOR:;"",
        ""  }"",
        ""});""));
TypedScope ctorBlockScope = getLabeledStatement(""CTOR"").enclosingScope;
TypedScope ctorScope = ctorBlockScope.getParentScope();
TypedScope classScope = ctorScope.getParentScope();
assertScope(classScope)
    .declares(""Bar"")
    .directly()
    .withTypeThat()","      // TODO(sdh): Print a better name (https://github.com/google/closure-compiler/issues/2982)
      .toStringIsEqualTo(""(typeof <anonymous@testcode:2>)"");
  assertScope(globalScope).doesNotDeclare(""Bar"");
}

@Test
public void testClassStaticBlockAndVariableDeclarations() {
  testSame(
      lines(
          ""class Foo {"", //"
275345,69,// TODO: test User,requirement," * Model tests for User
 */
public class UserTest {
    private final User model = new User();

    /**
     * Model tests for User
     */
    @Test
    public void testUser() {","    // TODO: test User
}

/**
 * Test the property 'id'
 */
@Test
public void idTest() {
    // TODO: test id
}"
638752,211,// TODO (https://github.com/trinodb/trino/issues/18916) should be checked once per query,code,"{
    String tableName = ""test_multipart_checkpoint_"" + randomNameSuffix();
    Path tableLocation = Files.createTempFile(tableName, null);
    copyDirectoryContents(new File(Resources.getResource(""deltalake/multipart_checkpoint"").toURI()).toPath(), tableLocation);

    assertUpdate(""CALL system.register_table(CURRENT_SCHEMA, '%s', '%s')"".formatted(tableName, tableLocation.toUri()));
    assertFileSystemAccesses(""SELECT * FROM "" + tableName,
            ImmutableMultiset.<FileOperation>builder()
                    .add(new FileOperation(LAST_CHECKPOINT, ""_last_checkpoint"", ""InputFile.newStream""))
                    .addCopies(new FileOperation(CHECKPOINT, ""00000000000000000006.checkpoint.0000000001.0000000002.parquet"", ""InputFile.length""), 2) // TODO (https://github.com/trinodb/trino/issues/18916) should be checked once per query","                    .addCopies(new FileOperation(CHECKPOINT, ""00000000000000000006.checkpoint.0000000001.0000000002.parquet"", ""InputFile.newInput""), 2) // TODO (https://github.com/trinodb/trino/issues/18916) should be checked once per query
                    .addCopies(new FileOperation(CHECKPOINT, ""00000000000000000006.checkpoint.0000000002.0000000002.parquet"", ""InputFile.length""), 2) // TODO (https://github.com/trinodb/trino/issues/18916) should be checked once per query
                    .addCopies(new FileOperation(CHECKPOINT, ""00000000000000000006.checkpoint.0000000002.0000000002.parquet"", ""InputFile.newInput""), 2) // TODO (https://github.com/trinodb/trino/issues/18916) should be checked once per query
                    .add(new FileOperation(TRANSACTION_LOG_JSON, ""00000000000000000007.json"", ""InputFile.newStream""))
                    .add(new FileOperation(TRANSACTION_LOG_JSON, ""00000000000000000007.json"", ""InputFile.length""))
                    .add(new FileOperation(TRANSACTION_LOG_JSON, ""00000000000000000008.json"", ""InputFile.length""))
                    .addCopies(new FileOperation(DATA, ""no partition"", ""InputFile.newInput""), 7)
                    .build());
}
"
835585,308,// TODO(pabloem): Add other data types,requirement,"    ""id"",
    // We need this tricky conversion because the original ""customers""
    // table already
    // contains rows 1001, 1002, 1003, 1004.
    num <= 1000
        ? Long.valueOf(num).intValue()
        : Long.valueOf(num).intValue() + 4)
.withFieldValue(""first_name"", Long.toString(num))
.withFieldValue(""last_name"", Long.toString(writeSize - num))
.withFieldValue(""email"", Long.toString(num) + ""@beamail.com"")","                        // TODO(pabloem): Add other data types
                        .build()))
    .setRowSchema(TABLE_SCHEMA)
    .apply(
        JdbcIO.<Row>write()
            .withTable(""inventory.customers"")
            .withDataSourceProviderFn(DebeziumIOMySqlConnectorIT::getMysqlDatasource));

Pipeline readPipeline = Pipeline.create(options);
PCollection<Row> result ="
252410,69,// TODO: test Cat,requirement," * Model tests for Cat
 */
class CatTest {
    private final Cat model = new Cat();

    /**
     * Model tests for Cat
     */
    @Test
    void testCat() {","    // TODO: test Cat
}

/**
 * Test the property 'className'
 */
@Test
void classNameTest() {
    // TODO: test className
}"
253738,69,// TODO: test password,requirement,"@Test
void uuidTest() {
    // TODO: test uuid
}

/**
 * Test the property 'password'
 */
@Test
void passwordTest() {","    // TODO: test password
}

/**
 * Test the property 'patternWithDigits'
 */
@Test
void patternWithDigitsTest() {
    // TODO: test patternWithDigits
}"
873011,337,"// TODO(lharker): stop ignoring USE_OF_GOOG_PROVIDE after migrating rules_closure
// code to suppress useOfGoogProvide instead of lintChecks.",temporary fix," * belong to other DiagnosticGroups.
 *
 * <p>Because all {@link DiagnosticGroup.LINT_CHECKS} run in a single pass, enabling a diagnostic
 * group containing one of the checks causes all of the other checks to run, which is surprising.
 */
@Test
public void lintChecksGroupIsDisjointFromEveryOtherGroup() throws Exception {
  DiagnosticGroup lintChecks = DiagnosticGroups.LINT_CHECKS;
  for (DiagnosticGroup group : DiagnosticGroups.getRegisteredGroups().values()) {
    if (group.equals(lintChecks)","    || group.equals(DiagnosticGroups.USE_OF_GOOG_PROVIDE)
    // We need a separate group for ""lintVarDeclarations"" so code that really cannot be
    // updated to use only `let` and `const` can suppress the warnings about `var` without
    // suppressing all lint checks.
    || group.equals(DiagnosticGroups.LINT_VAR_DECLARATIONS)) {
  continue;
}
assertWithMessage(
        ""DiagnosticTypes common to DiagnosticGroups ""
            + lintChecks.getName()"
276632,69,// TODO: test int64,requirement,"@Test
public void int32Test() {
    // TODO: test int32
}

/**
 * Test the property 'int64'
 */
@Test
public void int64Test() {","    // TODO: test int64
}

/**
 * Test the property 'number'
 */
@Test
public void numberTest() {
    // TODO: test number
}"
266073,69,// TODO: test scAETHFlowPoints,requirement,"@Test
public void capitalSnakeTest() {
    // TODO: test capitalSnake
}

/**
 * Test the property 'scAETHFlowPoints'
 */
@Test
public void scAETHFlowPointsTest() {","    // TODO: test scAETHFlowPoints
}

/**
 * Test the property 'ATT_NAME'
 */
@Test
public void ATT_NAMETest() {
    // TODO: test ATT_NAME
}"
267141,69,// TODO: test className,requirement,"@Test
public void testDog() {
    // TODO: test Dog
}

/**
 * Test the property 'className'
 */
@Test
public void classNameTest() {","    // TODO: test className
}

/**
 * Test the property 'color'
 */
@Test
public void colorTest() {
    // TODO: test color
}"
270639,69,// TODO: test mapWithUndeclaredPropertiesAnytype2,requirement,"@Test
void mapWithUndeclaredPropertiesAnytype1Test() {
    // TODO: test mapWithUndeclaredPropertiesAnytype1
}

/**
 * Test the property 'mapWithUndeclaredPropertiesAnytype2'
 */
@Test
void mapWithUndeclaredPropertiesAnytype2Test() {","    // TODO: test mapWithUndeclaredPropertiesAnytype2
}

/**
 * Test the property 'mapWithUndeclaredPropertiesAnytype3'
 */
@Test
void mapWithUndeclaredPropertiesAnytype3Test() {
    // TODO: test mapWithUndeclaredPropertiesAnytype3
}"
269529,69,// TODO: test hasBaleen,requirement,"@Test
public void testMammalAnyof() {
    // TODO: test MammalAnyof
}

/**
 * Test the property 'hasBaleen'
 */
@Test
public void hasBaleenTest() {","    // TODO: test hasBaleen
}

/**
 * Test the property 'hasTeeth'
 */
@Test
public void hasTeethTest() {
    // TODO: test hasTeeth
}"
1632811,979,"/*
			 * Loading NodeClass as a hidden class fails due to
			 *   java.lang.ClassNotFoundException: j9vm.test.invoker.NodeClass.0x0000000000000000
			 * skip this test for now.
			 * See https://github.com/eclipse-openj9/openj9/issues/13529
			 */",skip test,"}

@Test(groups = { ""level.sanity"" })
public class InvokeSpecialInsideInterface {

	public static final Logger logger = Logger.getLogger(InvokeSpecialInsideInterface.class);

	@Test
	public final void invokeSpecialInsideInterface() throws Exception {
		if (VersionCheck.major() >= 17) {","	return;
}

Outlier invalidReceiver = new Outlier();
InScope validReceiver = new InScope();

NodeInterface invoker = new NodeInterface() {};
NodeInterface anonInvoker = getAnonInvoker();

/* Invokers are used to call interface methods. In the interface methods, aload_0 is replaced"
263448,69,// TODO: test category,requirement,"@Test
void idTest() {
    // TODO: test id
}

/**
 * Test the property 'category'
 */
@Test
void categoryTest() {","    // TODO: test category
}

/**
 * Test the property 'name'
 */
@Test
void nameTest() {
    // TODO: test name
}"
947405,422,//TODO: fast results still can get lost,skip test,"
    //when
    hz().getJet().newJob(pipeline).join();
    //then
    assertSortedValues(testObserver, sourceItems.toArray(new Long[0]));
    assertError(testObserver, null);
    assertCompletions(testObserver, 1);
}

@Test","@Ignore //TODO: fast results still can get lost
public void fastResultsDoNotGetLost_whenUsingIterator() throws Exception {
    int noOfResults = 250_000;

    List<Long> sourceItems = LongStream.range(0, noOfResults)
            .boxed()
            .collect(Collectors.toList());

    Pipeline pipeline = Pipeline.create();
    pipeline.readFrom(TestSources.items(sourceItems))"
1512588,829,// Probably incorrect - comparing Object[] arrays with Arrays.equals,how to,"
@Override
public boolean equals(Object o) {
    if (this == o)
        return true;
    if (o == null || getClass() != o.getClass())
        return false;

    ComplexBean that = (ComplexBean) o;
","// Probably incorrect - comparing Object[] arrays with Arrays.equals
if (!Arrays.equals(strs, that.strs))
    return false;
// Probably incorrect - comparing Object[] arrays with Arrays.equals
if (!Arrays.equals(jobs, that.jobs))
    return false;
if (list != null ? !list.equals(that.list) : that.list != null)
    return false;
if (map != null ? !map.equals(that.map) : that.map != null)
    return false;"
1158021,501,// TODO implement,requirement,"protected boolean assertResponseId() {
    return false; // TODO implement
}

@Override
protected boolean assertResponseModel() {
    return false; // TODO implement
}

protected boolean assertFinishReason() {","        return false; // TODO implement
    }

    @Override
    protected boolean assertExceptionType() {
        return false; // TODO fix
    }
}"
778176,269,"/**
 * Shadows the same method on the superclass as we don't want to join the ring
 * because this test depends on local ranges being null and has done since its
 * introduction.
 * TODO investigate whether this is correct.
 */",requirement,"import org.apache.cassandra.utils.KillerForTests;

import static org.junit.Assert.fail;

/**
 * Test that TombstoneOverwhelmingException gets thrown when it should be and doesn't when it shouldn't be.
 */
public class OutOfSpaceTest extends CQLTester
{
","@BeforeClass
public static void setUpClass()
{   DatabaseDescriptor.daemonInitialization();
    DatabaseDescriptor.setPartitionerUnsafe(Murmur3Partitioner.instance);
    ServerTestUtils.prepareServerNoRegister();
    ServerTestUtils.markCMS();
}

@Test
public void testFlushUnwriteableDie() throws Throwable"
475313,129,"// we don't support DELETE yet. this test exists as a reminder to check read-only security context is honoured
// when/if DELETE is implemented.",requirement,"    assertMemoryLeak(() -> assertQueryDisallowed(""copy testDisallowCopySerial from '/test-alltypes.csv' with header true""));
}

@Test
public void testDisallowCreateTable() throws Exception {
    assertMemoryLeak(() -> assertQueryDisallowed(""create table src (ts TIMESTAMP, name string) timestamp(ts) PARTITION BY DAY""));
}

@Test
public void testDisallowDelete() throws Exception {","assertMemoryLeak(() -> {
    execute(""create table src (ts TIMESTAMP)"");
    try {
        executeWithPg(""delete from src"");
        assertExceptionNoLeakCheck(""It appears delete are implemented. Please change this test to check DELETE are refused with the read-only context"");
    } catch (PSQLException e) {
        // the parser does not support DELETE
        assertContains(e.getMessage(), ""unexpected token [from]"");
    }
});"
261878,69,// TODO: test className,requirement,"@Test
void testDog() {
    // TODO: test Dog
}

/**
 * Test the property 'className'
 */
@Test
void classNameTest() {","    // TODO: test className
}

/**
 * Test the property 'color'
 */
@Test
void colorTest() {
    // TODO: test color
}"
250429,69,// TODO: test id,requirement,"@Test
public void testUser() {
    // TODO: test User
}

/**
 * Test the property 'id'
 */
@Test
public void idTest() {","    // TODO: test id
}

/**
 * Test the property 'username'
 */
@Test
public void usernameTest() {
    // TODO: test username
}"
75617,12,//writer.putAlign(2); // TODO: Not sure,how to,"		"" {methodName1,methodName2}"", result);
}

@Test
public void testCobol016MsType() throws Exception {
	PdbByteWriter writer = new PdbByteWriter();
	writer.putUnsignedShort(Cobol016MsType.PDB_ID);
	writer.putUnsignedShort(4096); // Parent type index.
	// TODO: This is made up data.  API and examples are unknown.
	writer.putBytes(new byte[] { 0x03, 0x02, 0x01, 0x00 });","	//writer.putAlign(2); // TODO: Not sure
	PdbByteReader reader = new PdbByteReader(writer.get());
	AbstractMsType type = TypeParser.parse(pdb, reader);
	assertEquals(type instanceof Cobol016MsType, true);
	String result = type.toString().trim();
	assertEquals(
		""Cobol0MsType\n"" + ""  parent type index: DummyMsType\n"" + ""  additional data length: 4"",
		result);
}
"
262217,69,// TODO: test validations,requirement,"/**
 * Update an existing pet
 *
 * 
 *
 * @throws ApiException
 *          if the Api call fails
 */
@Test
public void updatePetTest() {","    // TODO: test validations
    Pet pet = null;
    //Uni<Pet> response = api.updatePet(pet);
    //Assertions.assertNotNull(response);


}

/**
 * Updates a pet in the store with form data"
392586,119,// TODO: remove this after PR #7987 is landed,temporary fix,"{
    return new DataSize(BUFFERED_PAGE_SIZE.toBytes() * count, BYTE);
}

static BufferResult getBufferResult(OutputBuffer buffer, OutputBufferId bufferId, long sequenceId, DataSize maxSize, Duration maxWait)
{
    ListenableFuture<BufferResult> future = buffer.get(bufferId, sequenceId, maxSize);
    return getFuture(future, maxWait);
}
","// TODO: remove this after PR #7987 is landed
static void acknowledgeBufferResult(OutputBuffer buffer, OutputBuffers.OutputBufferId bufferId, long sequenceId)
{
    buffer.acknowledge(bufferId, sequenceId);
}

static ListenableFuture<?> enqueuePage(OutputBuffer buffer, Page page)
{
    buffer.enqueue(Lifespan.taskWide(), ImmutableList.of(PAGES_SERDE.serialize(page)));
    ListenableFuture<?> future = buffer.isFull();"
1063139,478,//needs https://community.box.com/t5/custom/page/page-id/BoxViewTicketDetail?ticket_id=1895413 to be solved,dependency,"        if (result != null) {
            try {
                ((BoxTaskAssignment) result.getResource()).delete();
            } catch (Exception t) {
            }
        }
    }
}

@Disabled","//needs https://community.box.com/t5/custom/page/page-id/BoxViewTicketDetail?ticket_id=1895413 to be solved
@Test
public void testGetTaskAssignments() {
    // using String message body for single parameter ""taskId""

    //add assignment to task -> to be able to search for assignments
    final Map<String, Object> headers = new HashMap<>();
    // parameter type is String
    headers.put(""CamelBox.taskId"", testTask.getID());
    // parameter type is com.box.sdk.BoxUser"
280073,69,// TODO: test Whale,requirement," * Model tests for Whale
 */
public class WhaleTest {
    private final Whale model = new Whale();

    /**
     * Model tests for Whale
     */
    @Test
    public void testWhale() {","    // TODO: test Whale
}

/**
 * Test the property 'hasBaleen'
 */
@Test
public void hasBaleenTest() {
    // TODO: test hasBaleen
}"
983738,435,"/**
 * todo: describe ChildInfo
 *
 * @author Steve Ebersole
 */",documentation,"/*
 * SPDX-License-Identifier: LGPL-2.1-or-later
 * Copyright Red Hat Inc. and Hibernate Authors
 */
package org.hibernate.orm.test.jpa.cascade2;

","public class ParentInfoAssigned {
	private Long id;
	private ParentAssigned owner;
	private String info;

	public ParentInfoAssigned() {
	}

	public ParentInfoAssigned(String info) {
		this.info = info;"
902798,371,// TODO(b/189535612): this is a bug!,defect,"        Client client = new Client();
        client.before(false);
      }
    }
    """""")
.addOutputLines(
    ""out/Caller.java"",
    ""public final class Caller {"",
    ""  public void doTest() {"",
    ""    Client client = new Client();"",","          // TODO(b/189535612): this is a bug!
          ""    client.after(/* false = */ false);"",
          ""  }"",
          ""}"")
      .doTest();
}

@Test
public void trailingSemicolon() {
  refactoringTestHelper"
490732,135,"// TODO: for non-persistent topics, deleteSubscription won't fail",other,"        .build();
Consumer<byte[]> consumer = client.newConsumer().topic(partitionedTopicName).subscriptionName(""my-sub"")
        .subscriptionType(SubscriptionType.Exclusive).subscribe();

assertEquals(admin.topics().getSubscriptions(partitionedTopicName), List.of(""my-sub""));

try {
    if (isPersistent) {
        // TODO: for non-persistent topics, deleteSubscription might throw NotFoundException
        admin.topics().deleteSubscription(partitionedTopicName, ""my-sub"");","        // TODO: for non-persistent topics, deleteSubscription won't fail
        fail(""should have failed"");
    }
} catch (PreconditionFailedException e) {
    // ok
} catch (Exception e) {
    fail(e.getMessage());
}

Consumer<byte[]> consumer1 = client.newConsumer().topic(partitionedTopicName).subscriptionName(""my-sub-1"")"
668273,213,"// Return a string that identifies a Method.  This is not very efficient but it is not
// called very often.",temporary fix,"    Assert.assertEquals(3600000001L, multiPackage[1].timeouts.minTimeUs);
    Assert.assertEquals(3600000002L, multiPackage[1].timeouts.minPendingTimeUs);
    Assert.assertEquals(3600000003L, multiPackage[1].timeouts.maxPendingTimeUs);
}

// Report an error from the Computer structure validation test.
private void flag(String name, String msg) {
    fail(name + "" "" + msg);
}
","private String displayName(Method m) {
    String r = m.getName();
    String p = Arrays.toString(m.getGenericParameterTypes())
            .replaceAll(""([a-zA-Z0-9]+\\.)+"", """")
            .replace(""class "", """")
            .replaceAll(""^\\["", ""("")
            .replaceAll(""\\]$"", "")"");
    return r + p;
}
"
851701,315,"// RepositoryVersionRegistry vReg = repository.getVersionRegistry();
// assertEquals(0, vReg.getVersions().size());
// vReg.addVersion(new SimpleObjectVersion(EXP_OBJECT_VERSION_LABEL, null, null, null));
// assertEquals(2, versions.size());
// assertEquals(""1.0"", versions.get(0).getLabel());
// assertEquals(""1.1"", versions.get(1).getLabel());

// TODO mlowery finish me",requirement,"DatabaseMeta dbMeta = createDatabaseMeta( EXP_DBMETA_NAME );
repository.save( dbMeta, VERSION_COMMENT_V1, null );
deleteStack.push( dbMeta );
List<ObjectRevision> revs = service.getRevisions( dbMeta );
assertTrue( revs.size() >= 1 );
dbMeta.setHostname( EXP_DBMETA_HOSTNAME_V2 );
repository.save( dbMeta, VERSION_COMMENT_V2, null );
revs = service.getRevisions( dbMeta );
assertTrue( revs.size() >= 2 );
","}

@Test
@Ignore
public void testGetSecurityProvider() throws Exception {
  fail( ""Not yet implemented"" );
}

@Test
@Ignore"
45505,8,// TODO implement https://github.com/elastic/elasticsearch/issues/25929,requirement,"
@Override
protected Request createTestInstance() {
    Request request = new Request(randomBoolean() ? Metadata.ALL : randomAlphaOfLengthBetween(1, 20));
    request.setAllowNoMatch(randomBoolean());
    return request;
}

@Override
protected Request mutateInstance(Request instance) {","        return null;// TODO implement https://github.com/elastic/elasticsearch/issues/25929
    }

    @Override
    protected Writeable.Reader<Request> instanceReader() {
        return Request::new;
    }
}"
276538,69,// TODO: test Order,requirement," * Model tests for Order
 */
class OrderTest {
    private final Order model = new Order();

    /**
     * Model tests for Order
     */
    @Test
    void testOrder() {","    // TODO: test Order
}

/**
 * Test the property 'id'
 */
@Test
void idTest() {
    // TODO: test id
}"
1627992,979,"/* There are a few issues with the test on some platforms as follows:
		 * 1) VaList on Linux/x86_64 in OpenJDK is unable to handle the va_list with
		 *    over 8 arguments (confirmed by OpenJDK/Hotspot).
		 * 2) VaList on Linux/Aarch64, Windows/x86_64 and MacOS/x86_64 in OpenJDK has problem
		 *    in supporting the struct with only one integral element (confirmed by OpenJDK/Hotspot).
		 * Thus, the test is disabled on both these platforms for now till these issues
		 * are fixed in OpenJDK and verified on OpenJDK/Hotspot in the future.
		 */",skip test,"
		VaList vaList = VaList.make(vaListBuilder -> vaListBuilder.vargFromSegment(structLayout, structSegmt1)
				.vargFromSegment(structLayout, structSegmt2), scope);
		short result = (short)mh.invoke(2, vaList);
		Assert.assertEquals(result, 2331);
	}
}

@Test
public void test_add1IntOfStructsFromVaList() throws Throwable {","if (!isLinuxAarch64 && !isX64) {
	GroupLayout structLayout = MemoryLayout.structLayout(C_INT.withName(""elem1""));
	VarHandle intHandle1 = structLayout.varHandle(int.class, PathElement.groupElement(""elem1""));

	Addressable functionSymbol = nativeLibLookup.lookup(""add1IntOfStructsFromVaList"").get();
	MethodType mt = MethodType.methodType(int.class, int.class, VaList.class);
	FunctionDescriptor fd = FunctionDescriptor.of(C_INT, C_INT, C_POINTER);
	MethodHandle mh = clinker.downcallHandle(functionSymbol, mt, fd);

	try (ResourceScope scope = ResourceScope.newConfinedScope()) {"
114131,26,// TODO: Add gainmap-based tests once Robolectric has sufficient support.,dependency,"  Bitmap toRotate = Bitmap.createBitmap(200, 100, Bitmap.Config.ARGB_8888);
  toRotate.setColorSpace(ColorSpace.get(ColorSpace.Named.DISPLAY_P3));

  Bitmap rotated =
      TransformationUtils.rotateImageExif(
          bitmapPool, toRotate, ExifInterface.ORIENTATION_ROTATE_90);

  assertEquals(ColorSpace.get(ColorSpace.Named.DISPLAY_P3), rotated.getColorSpace());
}
","// TODO: Add gainmap-based tests once Robolectric has sufficient support.

@Test
public void testInitializeMatrixSetsScaleIfFlipHorizontal() {
  Matrix matrix = mock(Matrix.class);
  TransformationUtils.initializeMatrixForRotation(
      ExifInterface.ORIENTATION_FLIP_HORIZONTAL, matrix);
  verify(matrix).setScale(-1, 1);
}
"
1561930,918,"// kinda sorta wrong, but for testing's sake...",build,"static class IgnoredSubType extends IgnoredType { }

// Test to ensure we can override enum settings
static class LcEnumIntrospector extends JacksonAnnotationIntrospector
{
    private static final long serialVersionUID = 1L;

    @Override
    public String[] findEnumValues(MapperConfig<?> config, AnnotatedClass annotatedClass,
            Enum<?>[] enumValues, String[] names) {","        // kinda sorta wrong, but for testing's sake...
        for (int i = 0, len = enumValues.length; i < len; ++i) {
            names[i] = enumValues[i].name().toLowerCase();
        }
        return names;
    }
}

/*
/**********************************************************"
107154,22,// TODO Auto-generated method stub,requirement,"}

@Override
public void setIntHeader(String name, int value) {
    // TODO Auto-generated method stub

}

@Override
public void setHeader(String name, String value) {","    // TODO Auto-generated method stub

}

@Override
public void setDateHeader(String name, long date) {
    // TODO Auto-generated method stub

}
"
1229100,605,// Not yet implemented,requirement,"      // Optional.
    }
  }
  assertEquals(initialSize, map.size());
  assertInvariants(map);
}

@Test
public void testReplace3ExistingKeyValueNullNewValue() {
  if (allowsNullValues) {","  return;   // Not yet implemented
}
final ConcurrentMap<K, V> map;
final K keyToReplace;
final V oldValue;
try {
  map = makePopulatedMap();
} catch (UnsupportedOperationException e) {
  return;
}"
962747,435,"/**
 * TODO : javadoc
 *
 * @author Steve Ebersole
 */",documentation,"/*
 * SPDX-License-Identifier: LGPL-2.1-or-later
 * Copyright Red Hat Inc. and Hibernate Authors
 */
package org.hibernate.processor.test.fromcore;

import jakarta.persistence.*;
","@Entity
@Table(name = ""SPOUSE_TABLE"")
public class Spouse implements java.io.Serializable {
	private String id;
	private String first;
	private String maiden;
	private String last;
	private String sNumber;
	private Info info;
	private Customer customer;"
278522,69,// TODO: test dateTime,requirement,"@Test
public void dateTest() {
    // TODO: test date
}

/**
 * Test the property 'dateTime'
 */
@Test
public void dateTimeTest() {","    // TODO: test dateTime
}

/**
 * Test the property 'uuid'
 */
@Test
public void uuidTest() {
    // TODO: test uuid
}"
245580,66,// TODO Auto-generated catch block,requirement,"Assertions.assertThrows(IllegalMonitorStateException.class, () -> {
    RLock lock = redisson.getLock(""lock"");
    Thread t = new Thread() {
        public void run() {
            RLock lock = redisson.getLock(""lock"");
            lock.lock();

            try {
                Thread.sleep(1000);
            } catch (InterruptedException e) {","            // TODO Auto-generated catch block
            e.printStackTrace();
        }

        lock.unlock();
    };
};

t.start();
t.join(400);"
267221,69,// TODO: test validations,requirement,"    Object response = api.fakeInlineSchemaAnyofPath1Get();
    // TODO: test validations
}

/**
 * @throws ApiException if the Api call fails
 */
@Test
public void fakeInlineSchemaAnyofPath2GetTest() throws ApiException {
    Object response = api.fakeInlineSchemaAnyofPath2Get();","    // TODO: test validations
}

/**
 * @throws ApiException if the Api call fails
 */
@Test
public void fakeInlineSchemaAnyofPath3GetTest() throws ApiException {
    List<Object> response = api.fakeInlineSchemaAnyofPath3Get();
    // TODO: test validations"
136997,40,"// We want to randomize the order of data to test not completely predictable processing order
// However, values are also use as a timestamp of the record. (TODO: separate data and timestamp)
// We keep some correlation of time and order. Thus, the shuffling is done with a sliding window",requirement,"private final int[] values;
private int index;

ValueList(final int min, final int max) {
    key = min + ""-"" + max;

    values = new int[max - min + 1];
    for (int i = 0; i < values.length; i++) {
        values[i] = min + i;
    }","        shuffle(values, 10);

        index = 0;
    }

    int next() {
        return (index < values.length) ? values[index++] : -1;
    }
}
"
266299,69,// TODO: test validations,requirement,"/**
 * test json serialization of form data
 *
 * @throws ApiException if the Api call fails
 */
@Test
public void testJsonFormDataTest() throws ApiException {
    String param = null;
    String param2 = null;
    api.testJsonFormData(param, param2);","    // TODO: test validations
}

/**
 * To test the collection format in query parameters
 *
 * @throws ApiException if the Api call fails
 */
@Test
public void testQueryParameterCollectionFormatTest() throws ApiException {"
255832,69,// TODO: test singleRefType,requirement,"@Test
void usernameTest() {
    // TODO: test username
}

/**
 * Test the property 'singleRefType'
 */
@Test
void singleRefTypeTest() {","        // TODO: test singleRefType
    }

}"
721847,230,// some of the windows test VMs are slow as hell,code," */

package org.opensearch.backwards;

import com.carrotsearch.randomizedtesting.annotations.ParametersFactory;
import com.carrotsearch.randomizedtesting.annotations.TimeoutSuite;
import org.apache.lucene.tests.util.TimeUnits;
import org.opensearch.test.rest.yaml.ClientYamlTestCandidate;
import org.opensearch.test.rest.yaml.OpenSearchClientYamlSuiteTestCase;
","@TimeoutSuite(millis = 40 * TimeUnits.MINUTE) // some of the windows test VMs are slow as hell
public class MixedClusterClientYamlTestSuiteIT extends OpenSearchClientYamlSuiteTestCase {

    public MixedClusterClientYamlTestSuiteIT(ClientYamlTestCandidate testCandidate) {
        super(testCandidate);
    }

    @ParametersFactory
    public static Iterable<Object[]> parameters() throws Exception {
        return createParameters();"
872345,337,"// TODO(b/115853720); Should remove getter for onlySetProp, because
// there is only an assignment to it",requirement,"options,
lines(
    ""/** @constructor */"",
    ""function ES5Class() {"",
    ""  /** @private {number} */"",
    ""  this.onlySetProp_ = 1;"",
    ""  /** @private {number} */"",
    ""  this.usedProp_ = 2;"",
    ""}"",
    ""ES5Class.prototype = {"",","""  /** @type {number} */"",
""  get onlySetProp() { return this.onlySetProp_; },"",
""  set onlySetProp(value) { this.onlySetProp_ = value; },"",
// used property included for comparison, to show that it isn't removed
""  /** @type {number} */"",
""  get usedProp() { return this.usedProp_; },"",
""  set usedProp(value) { this.usedProp_ = value; },"",
""};"",
""const obj = new ES5Class();"",
""obj.onlySetProp = 1;"","
251685,69,// TODO: test username,requirement,"@Test
public void idTest() {
    // TODO: test id
}

/**
 * Test the property 'username'
 */
@Test
public void usernameTest() {","    // TODO: test username
}

/**
 * Test the property 'firstName'
 */
@Test
public void firstNameTest() {
    // TODO: test firstName
}"
166270,47,// TODO Auto-generated method stub,requirement,"    // TODO Auto-generated method stub

}

public void setIncludeSynonyms(boolean arg0) {
    // TODO Auto-generated method stub

}

public void setPlsqlWarnings(String arg0) throws SQLException {","    // TODO Auto-generated method stub

}

public void setRemarksReporting(boolean arg0) {
    // TODO Auto-generated method stub

}

public void setRestrictGetTables(boolean arg0) {"
258707,69,// TODO: test name,requirement,"@Test
void testAdditionalPropertiesObject() {
    // TODO: test AdditionalPropertiesObject
}

/**
 * Test the property 'name'
 */
@Test
void nameTest() {","        // TODO: test name
    }

}"
31014,8,"// TODO: Unmute this part
// https://github.com/elastic/elasticsearch/issues/110827
// for (int i = 1; i < plans.size(); i++) {
// assertThat(plans.get(i), equalTo(plans.get(0)));
// }",skip test,"    assertThat(aggregate.aggregateType(), equalTo(Aggregate.AggregateType.STANDARD));
    assertThat(aggregate.aggregates(), hasSize(2));
    assertThat(aggregate.groupings(), hasSize(1));
    Eval eval = as(aggregate.child(), Eval.class);
    assertThat(eval.fields(), hasSize(2));
    assertThat(Alias.unwrap(eval.fields().get(0)), instanceOf(Bucket.class));
    assertThat(Alias.unwrap(eval.fields().get(1)), instanceOf(ToLong.class));
    EsRelation relation = as(eval.child(), EsRelation.class);
    assertThat(relation.indexMode(), equalTo(IndexMode.STANDARD));
}","}

public void testRateInStats() {
    assumeTrue(""requires snapshot builds"", Build.current().isSnapshot());
    var query = """"""
        METRICS k8s | STATS max(rate(network.total_bytes_in)) BY bucket(@timestamp, 1 minute)
        | LIMIT 10
        """""";
    VerificationException error = expectThrows(
        VerificationException.class,"
1561777,918,"//  bit ugly, but can't think of cleaner simple way to check this...",temporary fix,"/* Unit tests
/**********************************************************************
 */

@Test
public void testFormatForParsers() throws Exception
{
    ObjectMapper mapper = new ObjectMapper(new FactoryWithSchema());
    MySchema s = new MySchema();
    StringReader r = new StringReader(""{}"");","    //  bit ugly, but can't think of cleaner simple way to check this...
    try {
        mapper.reader(s).forType(Object.class).readValue(r);
        fail(""Excpected exception"");
    } catch (SchemaException e) {
        assertSame(s, e._schema);
    }
}

@Test"
584484,167,//Could fail if CI is to slow and will slow down the CI build; test local,build,"  long startTime = System.currentTimeMillis();
  await().until(() -> myThreadPool.getActiveCount() == 0);
  long endTime = System.currentTimeMillis();
  //should be something between 9s and 10s
  assertThat(endTime - startTime, allOf(greaterThan(6000l), lessThan(7000l)));
  assertEquals(0, myThreadPool.getActiveCount());
  assertTrue(myThreadPool.getQueue().isEmpty());
}

@Test","@Ignore //Could fail if CI is to slow and will slow down the CI build; test local
public void overloadedMultiUsageThreadPoolTest() {
  ThreadPoolExecutor myThreadPool = LtThreadPoolFactory.createFixedThreadPoolExecutor(
    ""Test-Pool-omp"",
    10,
    20,
    false,
    (thread, throwable) -> {
      System.out.println(throwable.getClass());
    },"
1010313,441,"// TODO use generics to detect comparator
// instead of 'instanceof' for the first element",code,"    return (SerializableAssert) test;
}

Method m = object.getClass().getMethod(""equals"", new Class[] { Object.class });
if (m.getDeclaringClass() != Object.class) {
    // one of classes overrides Object.equals(Object) method
    // use default comparator
    return DEFAULT_COMPARATOR;
}
","    if (object instanceof Throwable) {
        return THROWABLE_COMPARATOR;
    }
    if (object instanceof PermissionCollection) {
        return PERMISSION_COLLECTION_COMPARATOR;
    }
    throw new RuntimeException(""Failed to detect comparator"");
}

/**"
1018301,441,//FIXME This test doesn't pass in Harmony classlib or Sun 5.0_7 RI,skip test,"
    void myFill() throws IOException {
        fill();
    }
}

/**
 * java.util.zip.InflaterInputStream#InflaterInputStream(java.io.InputStream)
 */
public void test_ConstructorLjava_io_InputStream() throws IOException {","      //FIXME This test doesn't pass in Harmony classlib or Sun 5.0_7 RI
      /*
int result = 0;
int buffer[] = new int[500];
InputStream infile = Support_Resources
		.getStream(""hyts_construO.bin"");

InflaterInputStream inflatIP = new InflaterInputStream(infile);

int i = 0;"
1469202,805,// see [GEOS-7835] WPS execution time limits test randomly breaks builds,skip test,"    Document response2 = waitForProcessEnd(statusLocationX2, 10);
    assertXpathExists(""//wps:ProcessSucceeded"", response2);

    // Third request should fail as it exceeds the asynchronous total time limit
    Document response3 = waitForProcessEnd(statusLocationX3, 10);
    assertXpathExists(
            ""//ows:ExceptionText[contains(., 'maxExecutionTime 2 seconds, maxTotalTime 3 seconds')]"", response3);
}

@Test","@Ignore // see [GEOS-7835] WPS execution time limits test randomly breaks builds
public void testSyncExecutionLimits() throws Exception {
    // set synchronous process limits
    WPSInfo wps = getGeoServer().getService(WPSInfo.class);

    wps.setMaxSynchronousExecutionTime(1);
    wps.setMaxSynchronousTotalTime(2);

    getGeoServer().save(wps);
"
357465,81,"/**
 * A space as a group separator for localized pattern causes
 * wrong format.  WorkAround : use non-breaking space.
 */",temporary fix,"    NumberFormat nf = NumberFormat.getInstance();
    nf.setMaximumFractionDigits(4);
    String out = nf.format(x);
    System.out.println(""0.00159999 formats with 4 fractional digits to "" + out);
    String expected = ""0.0016"";
    if (!out.equals(expected))
        fail(""FAIL: Expected "" + expected);
    Locale.setDefault(savedLocale);
}
","@Test
public void Test4086575() {

    NumberFormat nf = NumberFormat.getInstance(Locale.FRANCE);
    System.out.println(""nf toPattern1: "" + ((DecimalFormat)nf).toPattern());
    System.out.println(""nf toLocPattern1: "" + ((DecimalFormat)nf).toLocalizedPattern());

    // No group separator
    System.out.println(""...applyLocalizedPattern ###,00;(###,00) "");
    ((DecimalFormat)nf).applyLocalizedPattern(""###,00;(###,00)"");"
254962,69,// TODO: test arrayArrayOfModel,requirement,"@Test
void arrayArrayOfIntegerTest() {
    // TODO: test arrayArrayOfInteger
}

/**
 * Test the property 'arrayArrayOfModel'
 */
@Test
void arrayArrayOfModelTest() {","        // TODO: test arrayArrayOfModel
    }

}"
93828,12,"/**
 * The tests are touchy about anything being printed on stderr, because that's usually where
 * Python stack traces go that otherwise are ignored. Unfortunately, GDB also emits some
 * warnings there, and these are more common in containers where permissions and resources are
 * more restricted. Thus, we add some commands here to disable the features that commonly cause
 * these warnings: Leave ASLR alone, and don't try to display source code.
 */",temporary fix,"import ghidra.pty.testutil.DummyProc;
import ghidra.trace.model.TraceExecutionState;
import ghidra.trace.model.breakpoint.TraceBreakpointKind;
import ghidra.trace.model.breakpoint.TraceBreakpointKind.TraceBreakpointKindSet;
import ghidra.trace.model.target.*;
import ghidra.trace.model.target.path.KeyPath;
import ghidra.util.Msg;
import ghidra.util.NumericUtilities;

public abstract class AbstractGdbTraceRmiTest extends AbstractGhidraHeadedDebuggerTest {","public static final String PREAMBLE = """"""
		set python print-stack full
		python import ghidragdb
		set disable-randomization off
		set source open off
		"""""";
// Connecting should be the first thing the script does, so use a tight timeout.
protected static final int CONNECT_TIMEOUT_MS = 3000;
protected static final int TIMEOUT_SECONDS = 300;
protected static final int QUIT_TIMEOUT_MS = 1000;"
273007,69,// TODO: test firstName,requirement,"@Test
void usernameTest() {
    // TODO: test username
}

/**
 * Test the property 'firstName'
 */
@Test
void firstNameTest() {","    // TODO: test firstName
}

/**
 * Test the property 'lastName'
 */
@Test
void lastNameTest() {
    // TODO: test lastName
}"
837047,308,"/**
 * TODO: Remove tests(getFailureCollector, getLogicalStartTime) if these methods weren't override
 * and were implemented own methods of BatchSourceContextImpl class.
 */",temporary fix,".put(""sObjectName"", ""sObject"")
.put(""datetimeAfter"", ""datetime"")
.put(""consumerKey"", ""key"")
.put(""consumerSecret"", ""secret"")
.put(""username"", ""user"")
.put(""password"", ""password"")
.put(""loginUrl"", ""https://www.google.com"")
.put(""referenceName"", ""oldReference"")
.build();
","@Test
public void getFailureCollector() {
  /** arrange */
  BatchSourceContext context = new BatchSourceContextImpl();

  String newReferenceName = ""new reference name"";
  SalesforceSourceConfig config =
      new ConfigWrapper<>(SalesforceSourceConfig.class)
          .withParams(TEST_SALESFORCE_PARAMS_MAP)
          .setParam(""referenceName"", newReferenceName)"
423851,128,// Ignored in automated tests due to flakiness by design,defect,"  cgroupMemory = ResourceHandlerModule.getCGroupsHandler()
      .getPathForCGroup(CGroupsHandler.CGroupController.MEMORY, cgroup);
}

@After
public void tearDown() throws YarnException {
  stopTestProcess();
}

","// Ignored in automated tests due to flakiness by design
@Ignore
@Test
public void testCompareResults()
    throws YarnException, InterruptedException, IOException {

  startTestProcess();

  ProcfsBasedProcessTree legacyCalculator =
      new ProcfsBasedProcessTree(Long.toString(getPid()));"
623548,211,"// TODO this should fail, or represent TIME '01:39:07'",defect,"checkRepresentation(connectedStatement.getStatement(), ""TIME '01:39:07 +01:00'"", Types.TIME_WITH_TIMEZONE, (rs, column) -> {
    Time someBogusValue = new Time(
            Time.valueOf(
                    LocalTime.of(16, 39, 7)).getTime() /* 16:39:07 = 01:39:07 - +01:00 shift + Bahia_Banderas's shift (-8) (modulo 24h which we ""un-modulo"" below) */
                    - DAYS.toMillis(1) /* because we use currently 'shifted' representation, not possible to create just using LocalTime */
                    + HOURS.toMillis(1) /* because there was offset shift on 1970-01-01 in America/Bahia_Banderas */);
    assertThat(rs.getObject(column)).isEqualTo(someBogusValue); // TODO this should represent TIME '01:39:07 +01:00'
    assertThatThrownBy(() -> rs.getDate(column))
            .isInstanceOf(SQLException.class)
            .hasMessage(""Expected value to be a date but is: 01:39:07+01:00"");","    assertThat(rs.getTime(column)).isEqualTo(someBogusValue); // TODO this should fail, or represent TIME '01:39:07'
    assertThatThrownBy(() -> rs.getTimestamp(column))
            .isInstanceOf(IllegalArgumentException.class) // TODO (https://github.com/trinodb/trino/issues/5315) SQLException
            .hasMessage(""Expected column to be a timestamp type but is time(0) with time zone"");
});

checkRepresentation(connectedStatement.getStatement(), ""TIME '00:39:07 +01:00'"", Types.TIME_WITH_TIMEZONE, (rs, column) -> {
    Time someBogusValue = new Time(
            Time.valueOf(
                    LocalTime.of(15, 39, 7)).getTime() /* 15:39:07 = 00:39:07 - +01:00 shift + Bahia_Banderas's shift (-8) (modulo 24h which we ""un-modulo"" below) */"
641304,211,//TODO: Fix https://github.com/trinodb/trino/issues/23941,defect,"public void testDropTableWithNonExistentTableLocation()
{
    assertThatThrownBy(super::testDropTableWithNonExistentTableLocation)
            .hasMessageMatching("".* Table '.*' does not exist"");
}

@Test
@Override
public void testDeleteRowsConcurrently()
{","        //TODO: Fix https://github.com/trinodb/trino/issues/23941
        abort(""Skipped for now due to #23941"");
    }
}"
260966,69,// TODO: test binary,requirement,"@Test
void _byteTest() {
    // TODO: test _byte
}

/**
 * Test the property 'binary'
 */
@Test
void binaryTest() {","    // TODO: test binary
}

/**
 * Test the property 'date'
 */
@Test
void dateTest() {
    // TODO: test date
}"
1075606,478,// TODO Auto-generated method stub,requirement,"}

@Override
public String serviceName() {
    // TODO Auto-generated method stub
    return null;
}

@Override
public void close() {","        // TODO Auto-generated method stub

    }
}"
166208,47,// TODO Auto-generated method stub,requirement,"    // TODO Auto-generated method stub
    return null;
}

public boolean getAutoClose() throws SQLException {
    // TODO Auto-generated method stub
    return false;
}

public CallableStatement getCallWithKey(String arg0) throws SQLException {","    // TODO Auto-generated method stub
    return null;
}

public Properties getConnectionAttributes() throws SQLException {
    // TODO Auto-generated method stub
    return null;
}

public int getConnectionReleasePriority() throws SQLException {"
256066,69,// TODO: test breed,requirement,"@Test
void colorTest() {
    // TODO: test color
}

/**
 * Test the property 'breed'
 */
@Test
void breedTest() {","        // TODO: test breed
    }

}"
275720,69,// TODO: test StringEnumRef,requirement,"
/**
 * Model tests for StringEnumRef
 */
class StringEnumRefTest {
    /**
     * Model tests for StringEnumRef
     */
    @Test
    void testStringEnumRef() {","        // TODO: test StringEnumRef
    }

}"
571347,159,"// Theoretically, the HLL algorithm can count very large cardinality with little relative error rate,
// which is less than 2% in Doris. We cost about 5 minutes to test with one billion input numbers here
// successfully, but in order to shorten the test time, we chose one million numbers.",subset test,"import org.junit.Assert;
import org.junit.Test;

// hive hll udf test
public class HllUDFTest {

    private BinaryObjectInspector inputOI0 = new JavaConstantBinaryObjectInspector(new byte[0]);

    @Test
    public void hllCardinalityTest() throws Exception {","HllCardinalityUDF hllCardinalityUDF = new HllCardinalityUDF();
hllCardinalityUDF.initialize(new ObjectInspector[] { inputOI0 });
Hll hll = new Hll();
long largeInputSize = 1000000L;
for (long i = 1; i <= largeInputSize; i++) {
    hll.updateWithHash(i);
}
byte[] hllLargeBytes = HllUtil.serializeToBytes(hll);
hllCardinalityUDF.initialize(new ObjectInspector[] { inputOI0 });
Object evaluateLarge = hllCardinalityUDF"
257124,69,// TODO: test deprecatedRef,requirement,"@Test
public void idTest() {
    // TODO: test id
}

/**
 * Test the property 'deprecatedRef'
 */
@Test
public void deprecatedRefTest() {","    // TODO: test deprecatedRef
}

/**
 * Test the property 'bars'
 */
@Test
public void barsTest() {
    // TODO: test bars
}"
218853,60,"/**
 * The @Override annotation is intentionally removed for this method to align with the
 * production codes' assumption that this interface may not be available for the given hadoop
 * version.
 */",impractical case,"public class TestingRegisterApplicationMasterResponse
        extends RegisterApplicationMasterResponsePBImpl {
    private static final Resource MAX_CAPABILITY = Resource.newInstance(1024 * 10000, 10000);
    private final Supplier<List<Container>> getContainersFromPreviousAttemptsSupplier;

    TestingRegisterApplicationMasterResponse(
            Supplier<List<Container>> getContainersFromPreviousAttemptsSupplier) {
        this.getContainersFromPreviousAttemptsSupplier = getContainersFromPreviousAttemptsSupplier;
    }
","public List<Container> getContainersFromPreviousAttempts() {
    return getContainersFromPreviousAttemptsSupplier.get();
}

/**
 * The @Override annotation is intentionally removed for this method to align with the
 * production codes' assumption that this interface may not be available for the given hadoop
 * version.
 */
@SuppressWarnings(""unchecked"")"
1037354,445,// Not yet corrected,defect,"        24
        128
        100000000000000c:0
        """""";
// Now we're at 8 distribution bits
BucketIdFactory idFactory = new BucketIdFactory();
ProgressToken p = new ProgressToken(input);
assertEquals(7, p.getDistributionBitCount());
assertEquals(p.getTotalBucketCount(), 1 << 7);
assertEquals(p.getFinishedBucketCount(), 24);","// Not yet corrected
assertEquals(p.getPendingBucketCount(), 1);
assertEquals(p.getActiveBucketCount(), 0);
assertEquals(32, p.getBucketCursor());

VisitorIterator iter = VisitorIterator.createFromDocumentSelection(
        ""id.group != \""yahoo.com\"""", idFactory, 1, p);

// Now the range handler should have corrected the progress
// (but not messed with the distribution bit count)"
1118201,488,"// TODO: Add test to delete broker instance. Currently, stopBroker() does not work correctly.

// Check if '/INSTANCES/<serverName>' has been erased correctly",requirement,"  deleteInstanceRequest = _controllerRequestURLBuilder.forInstance(brokerName);
  sendDeleteRequest(deleteInstanceRequest);
  fail(""Delete should have returned a failure status (409)"");
} catch (IOException e) {
  // Expected exception on 409 status code
}

// Stop brokers
stopBroker();
","  String instancePath = ""/"" + getHelixClusterName() + ""/INSTANCES/"" + serverName;
  assertFalse(_propertyStore.exists(instancePath, 0));

  // Check if '/CONFIGS/PARTICIPANT/<serverName>' has been erased correctly
  String configPath = ""/"" + getHelixClusterName() + ""/CONFIGS/PARTICIPANT/"" + serverName;
  assertFalse(_propertyStore.exists(configPath, 0));
}

@Test(dataProvider = ""useBothQueryEngines"")
public void testDistinctQuery(boolean useMultiStageQueryEngine)"
380117,104,// TODO: use normal spring.server properties after https://github.com/line/armeria/issues/1834,dependency," * This code ensures you can setup SSL. Look at {@link ArmeriaSettings} for property names.
 *
 * <p>This is inspired by com.linecorp.armeria.spring.ArmeriaSslConfigurationTest
 */
@SpringBootTest(
  classes = ZipkinServer.class,
  webEnvironment = SpringBootTest.WebEnvironment.NONE, // RANDOM_PORT requires spring-web
  properties = {
    ""server.port=0"",
    ""spring.config.name=zipkin-server"",","// TODO: use normal spring.server properties after https://github.com/line/armeria/issues/1834
""armeria.ssl.enabled=true"",
""armeria.ssl.key-store=classpath:keystore.p12"",
""armeria.ssl.key-store-password=password"",
""armeria.ssl.key-store-type=PKCS12"",
""armeria.ssl.trust-store=classpath:keystore.p12"",
""armeria.ssl.trust-store-password=password"",
""armeria.ssl.trust-store-type=PKCS12"",
""armeria.ports[1].port=0"",
""armeria.ports[1].protocols[0]=https"","
1400535,762,"// it has enough size to print 3 warnings, but it will only print 2,
// because it needs to accommodate the suffix too in the max size.",temporary fix,"// has 7 warnings
var results1 = modelInstance.validate(List.of(new IsAdultWarner()));
// has 1 error
var results2 = modelInstance.validate(List.of(new IllegalBirdValidator(""tweety"")));
var stringWriter = new StringWriter();

// When
var results = new ModelValidationResultsImpl(results1, results2);
results.write(stringWriter, new TestResultFormatter(), maxSize);
","  assertThat(stringWriter.toString())
      .describedAs(""2 lines for 2 element names, 2 line for 2 warnings and one for the suffix"")
      .hasLineCount(5)
      .describedAs(
          ""shall contain only one error/warning and mention the count of the missing ones"")
      .endsWith(String.format(TestResultFormatter.OMITTED_RESULTS_SUFFIX_FORMAT, 6));
}

@Test
public void shouldReturnResults() {"
328852,81,"// this test has been disabled because of timeout issues.
// see JDK-8006746",skip test,"*
* You should have received a copy of the GNU General Public License version
* 2 along with this work; if not, write to the Free Software Foundation,
* Inc., 51 Franklin St, Fifth Floor, Boston, MA 02110-1301 USA.
*
* Please contact Oracle, 500 Oracle Parkway, Redwood Shores, CA 94065 USA
* or visit www.oracle.com if you need additional information or have any
* questions.
*/
","
package org.openjdk.tests.vm;

import java.util.*;

import org.testng.ITestResult;
import org.testng.annotations.Test;
import org.testng.annotations.DataProvider;
import org.testng.annotations.AfterMethod;
import org.testng.annotations.AfterSuite;"
271269,69,// TODO: test validations,requirement," *
 * @throws ApiException
 *          if the Api call fails
 */
@Test
public void getUserByNameTest() throws ApiException {
    String username = null;
    User response = 
    api.getUserByName(username);
    ","    // TODO: test validations
}

/**
 * Logs user into the system
 *
 * 
 *
 * @throws ApiException
 *          if the Api call fails"
265370,69,// TODO: test userStatus,requirement,"@Test
void phoneTest() {
    // TODO: test phone
}

/**
 * Test the property 'userStatus'
 */
@Test
void userStatusTest() {","        // TODO: test userStatus
    }

}"
1508872,822,"// 4.4 - Server can request valid Content-Length from client if client
// fails to provide a Content-Length.
// Server can respond with 400 (Bad Request) or 411 (Length Required).

// NOTE: MSIE breaks this rule
// TODO: Document which version of MSIE Breaks Rule.
// TODO: Document which versions of MSIE pass this rule (if any).",documentation,"req2.append(""Content-Length: 6\n"");
req2.append(""\n"");
req2.append(""7890AB"");

responses = http.requests(req2);
assertEquals(1, responses.size(), ""Response Count"");

response = responses.get(0); // response 1
assertEquals(HttpStatus.BAD_REQUEST_400, response.getStatus(), ""4.4.3 Ignore Content-Length / Response Code"");
","if (STRICT)
{
    StringBuffer req3 = new StringBuffer();
    req3.append(""GET /echo/R2 HTTP/1.1\n"");
    req3.append(""Host: localhost\n"");
    req3.append(""Content-Type: text/plain\n"");
    req3.append(""Connection: close\n"");
    req3.append(""\n"");
    req3.append(""123456"");
"
92846,12,//TODO: Create MDMangVS2015 Specialization,requirement,"//  quote) that MSFT has in their output.  We are not incrementing the value of ""number""
//  that we are putting in braces (unlike other MSFT guard numbers). Thus, we will output
//  `reference temporary{1}'"" for the ""?$RT1@"".  We can reconsider this later.  We also tacked
//  on the ""4HA"" as is done for the `thread safe static guard' so that it is an ""int"".
// TODO: Watch for real symbol of this type ""?$RTnum@"".
@Test
public void testReferenceTemporary() throws Exception {
	mangled = ""?$RT1@?1??name0@name1@name2@@KAHPEBGAEAG@Z@4HA"";
	String llTruth =
		""int `protected: static int __cdecl name2::name1::name0(unsigned short const *, unsigned short &)'::`2'::$RT1"";","	//TODO: Create MDMangVS2015 Specialization
	msTruth =
		""int `protected: static int __cdecl name2::name1::name0(unsigned short const * __ptr64,unsigned short & __ptr64)'::`2'::$RT1"";
	mdTruth =
		""int `protected: static int __cdecl name2::name1::name0(unsigned short const * __ptr64,unsigned short & __ptr64)'::`2'::`reference temporary{1}'"";
	demangleAndTest();
}

@Test
public void testSimpleMainTemplateAsCounterpointToReferenceTemporary() throws Exception {"
575964,159,"/**
 * TODO: enable when window is supported.
 */",skip test,"            + ""PROPERTIES ('replication_num' = '1'); "";
    createTable(duplicateTable);
    String createK1K2MV = ""create materialized view k1_k2 as select k1,k2 from "" + TEST_TABLE_NAME + "" group by ""
            + ""k1,k2;"";
    createMv(createK1K2MV);
    String query = ""select k1 from "" + TEST_TABLE_NAME + "" group by k1 order by max(v1);"";
    testMv(query, TEST_TABLE_NAME);
    dropTable(TEST_TABLE_NAME, true);
}
","@Test
void testWindowsFunctionInQuery() throws Exception {
    // String duplicateTable = ""CREATE TABLE "" + TEST_TABLE_NAME + "" ( k1 int(11) NOT NULL ,  k2  int(11) NOT NULL ,""
    //         + ""v1  varchar(4096) NOT NULL, v2  float NOT NULL , v3  decimal(20, 7) NOT NULL ) ENGINE=OLAP ""
    //         + ""DUPLICATE KEY( k1 ,  k2 ) DISTRIBUTED BY HASH( k1 ,  k2 ) BUCKETS 3 ""
    //         + ""PROPERTIES ('replication_num' = '1'); "";
    // dorisAssert.withTable(duplicateTable);
    // String createK1K2MV = ""create materialized view k1_k2 as select k1,k2 from "" + TEST_TABLE_NAME + "" group by ""
    //         + ""k1,k2;"";
    // String query = ""select k1 , sum(k2) over (partition by v1 ) from "" + TEST_TABLE_NAME + "";"";"
262848,69,// TODO: test className,requirement,"@Test
void testCat() {
    // TODO: test Cat
}

/**
 * Test the property 'className'
 */
@Test
void classNameTest() {","    // TODO: test className
}

/**
 * Test the property 'color'
 */
@Test
void colorTest() {
    // TODO: test color
}"
889989,360,"// unfortunately there is no way to know why revisions would mismatch during manual trigger.
// We already let all manual triggers to bypass revision match check",how to,"
    downstreamConfig = goConfigService.pipelineConfigNamed(downstreamConfig.name());

    assertThat(pipelineScheduleQueue.toBeScheduled().keySet()).contains(new CaseInsensitiveString(downstreamPipelineName));
    BuildCause downstreamBuildCause = pipelineScheduleQueue.toBeScheduled().get(new CaseInsensitiveString(downstreamPipelineName));
    assertThat(downstreamBuildCause.getMaterialRevisions().getRevisions().size()).isEqualTo(2);
    assertThat(buildCause.pipelineConfigAndMaterialRevisionMatch(downstreamConfig)).isFalse();
}

@Test","public void shouldSchedulePipelineWhenConfigAndMaterialRevisionsMismatch_AndManuallyTriggered() throws Exception {
    // we will use this worker to force material update without updating config
    MaterialUpdateListener byPassWorker = new MaterialUpdateListener(topic, materialDatabaseUpdater, logger, goDiskSpaceMonitor, maintenanceModeService);
    List<Modification> lastPush = configTestRepo.addCodeToRepositoryAndPush(""a.java"", ""added code file"", ""some java code"");
    byPassWorker.onMessage(new MaterialUpdateMessage(material, 123));
    //now db should have been updated, but config is still old
    RepoConfigOrigin configOrigin = (RepoConfigOrigin) goConfigService.pipelineConfigNamed(new CaseInsensitiveString(PIPELINE_NAME)).getOrigin();
    assertThat(configOrigin.getRevision()).isEqualTo(firstRevisions.latestRevision());

    final Map<String, String> revisions = new HashMap<>();"
641416,211,// TODO remove,refactor,"import static java.util.stream.Collectors.joining;
import static java.util.stream.Collectors.toList;
import static java.util.stream.IntStream.range;
import static org.apache.iceberg.TableMetadata.newTableMetadata;
import static org.assertj.core.api.Assertions.assertThat;
import static org.assertj.core.api.Assertions.assertThatThrownBy;
import static org.assertj.core.api.Assertions.offset;
import static org.junit.jupiter.api.Assumptions.abort;
import static org.junit.jupiter.api.TestInstance.Lifecycle.PER_CLASS;
","@Isolated // TODO remove
@TestInstance(PER_CLASS)
public abstract class BaseIcebergConnectorTest
        extends BaseConnectorTest
{
    private static final Pattern WITH_CLAUSE_EXTRACTOR = Pattern.compile("".*(WITH\\s*\\([^)]*\\))\\s*$"", Pattern.DOTALL);

    protected final IcebergFileFormat format;

    protected TrinoFileSystem fileSystem;"
586318,167,//TODO:,requirement,"assertEmptyMatch(""розпорядився частину зарплати примусово видавати"");
assertEmptyMatch(""не схотіли нам про це казати"");

// не
assertEmptyMatch(""Самі респонденти пояснити причин не можуть"");

assertEmptyMatch(""довелося план «Б» застосовувати"");

assertEmptyMatch(""сподіваючися щось розтлумачити"");
assertEmptyMatch(""Резюмуючи політик наголосив"");","//TODO:
assertEmptyMatch(""пригадує посміхаючись Аскольд"");
assertHasError(""неопізнаний літаючи об’єкт"");
assertHasError(""знищила існуючи бази даних"");

assertEmptyMatch(""сидячи ціле життя"");
assertEmptyMatch(""Не претендуючи жодною мірою"");

assertEmptyMatch(""є кого згадувати"");
"
258507,69,"// uncomment below to test the function
//String body = null;
//String response = api.fakeOuterStringSerialize(body).block();

// TODO: test validations",requirement,"    // TODO: test validations
}

/**
 * 
 *
 * Test serialization of outer string types
 */
@Test
public void fakeOuterStringSerializeTest()  {","}

/**
 * 
 *
 * Test serialization of enum (int) properties with examples
 */
@Test
public void fakePropertyEnumIntegerSerializeTest()  {
    // uncomment below to test the function"
1326330,642,// TODO location should not be in PATCH,defect,"
SingletonTrackedResource resource = manager.singletons()
    .createOrUpdate(RESOURCE_GROUP_NAME,
        new SingletonTrackedResourceInner().withLocation(TOP_LEVEL_TRACKED_RESOURCE_REGION.name())
            .withProperties(
                new SingletonTrackedResourceProperties().withDescription(RESOURCE_DESCRIPTION_VALID)));
Assertions.assertEquals(resourceNameDefault, resource.name());
Assertions.assertEquals(RESOURCE_DESCRIPTION_VALID, resource.properties().description());

resource = manager.singletons()","    // TODO location should not be in PATCH
    .update(RESOURCE_GROUP_NAME, new SingletonTrackedResourceInner().withLocation(Region.US_EAST2.name())
        .withProperties(new SingletonTrackedResourceProperties().withDescription(RESOURCE_DESCRIPTION_VALID2)));
Assertions.assertEquals(resourceNameDefault, resource.name());
Assertions.assertEquals(RESOURCE_DESCRIPTION_VALID2, resource.properties().description());

resource = manager.singletons().getByResourceGroup(RESOURCE_GROUP_NAME);
Assertions.assertEquals(resourceNameDefault, resource.name());

resource = manager.singletons().listByResourceGroup(RESOURCE_GROUP_NAME).stream().findFirst().get();"
247907,69,"// TODO: additional properties should be of type Dictionary<string, List<Children>>",defect,"final DefaultCodegen codegen = new CSharpClientCodegen();
OpenAPI openAPI = TestUtils.createOpenAPIWithOneSchema(""sample"", schema);
codegen.setOpenAPI(openAPI);
codegen.processOpts();
final CodegenModel cm = codegen.fromModel(""sample"", schema);

Assert.assertEquals(cm.name, ""sample"");
Assert.assertEquals(cm.classname, ""Sample"");
Assert.assertEquals(cm.description, ""an array model"");
Assert.assertEquals(cm.vars.size(), 0);","    // TODO: additional properties should be of type Dictionary<string, List<Children>>
    Assert.assertEquals(cm.imports.size(), 1);
    Assert.assertEquals(Sets.intersection(cm.imports, Sets.newHashSet(""Children"")).size(), 1);
}

@Test(description = ""convert a map model"")
public void mapModelTest() {
    final Schema schema = new Schema()
            .description(""a map model"")
            .additionalProperties(new Schema().$ref(""#/components/schemas/Children""));"
1547822,896,"// Create a list of patient sub-tables to work with TODO(lwhite): Build the copy-on-write to
// ViewGroups to avoid",requirement,"StringColumn concept = t.stringColumn(""concept"");

// Non-temporal clause
Table nt = t.where(concept.isEqualTo(conceptA).and(concept.isNotEqualTo(conceptB)));

DoubleColumn ntPatients = nt.doubleColumn(""patient"");

// Group the original table by patient id
TableSliceGroup patients = StandardTableSliceGroup.create(t, ""patient"");
","CopyOnWriteArrayList<TableSlice> patientTables =
    new CopyOnWriteArrayList<>(patients.getSlices());

// Apply the independent temporal event filtering to the patient subtables and remove any that
// don't pass
for (TableSlice patientTable : patients) {
  StringColumn concepts = patientTable.stringColumn(""concept"");
  double patientId = Double.parseDouble(patientTable.name());
  if (!concepts.contains(conceptZ) || concepts.contains(conceptD)) {
    patientTables.remove(patientTable);"
264140,69,// TODO: test color,requirement,"@Test
void classNameTest() {
    // TODO: test className
}

/**
 * Test the property 'color'
 */
@Test
void colorTest() {","    // TODO: test color
}

/**
 * Test the property 'breed'
 */
@Test
void breedTest() {
    // TODO: test breed
}"
674838,213,"/**
 * Keeps an accessible copy of messages that were queued for us to query.
 *
 * WARNING: queued messages get added to this, but processed/removed messages to NOT
 * automatically get removed. This can lead to confusing bugs. Maybe one day someone will
 * fix this, but in the meantime, this is your warning.
 */",defect,"        Log.i(TAG, ""onSystemUserVisibilityChanged("" + visible + "")"");
    }

    @Override
    protected UserJourneyLogger getUserJourneyLogger() {
        return mUserJourneyLoggerMock;
    }
}

private static class TestHandler extends Handler {","private final List<Message> mMessages = new ArrayList<>();

TestHandler(Looper looper) {
    super(looper);
}

Set<Integer> getMessageCodes() {
    Set<Integer> result = new LinkedHashSet<>();
    for (Message msg : mMessages) {
        result.add(msg.what);"
802838,285,"// This is done to ensure that every success type is covered by a test.
// TODO(cjhopman): add test for failed case.",requirement,"  writeDepfileInput(DEPFILE_INPUT_CONTENT);
  writeNonDepfileInput(NON_DEPFILE_INPUT_CONTENT);
  rootRule.value = 0;
  artifactCache = new InMemoryArtifactCache();
  lastSuccessType = null;
  doClean();
}

@Test
public void runTestForAllSuccessTypes() throws Exception {","for (BuildRuleSuccessType successType : EnumSet.allOf(BuildRuleSuccessType.class)) {
  reset();
  try {
    switch (successType) {
      case BUILT_LOCALLY:
        testBuiltLocally();
        break;
      case FETCHED_FROM_CACHE:
        testFetchedFromCache();
        break;"
262374,69,// TODO: test int64,requirement,"@Test
void int32Test() {
    // TODO: test int32
}

/**
 * Test the property 'int64'
 */
@Test
void int64Test() {","    // TODO: test int64
}

/**
 * Test the property 'number'
 */
@Test
void numberTest() {
    // TODO: test number
}"
277816,69,// TODO: test dateTime,requirement,"@Test
public void uuidTest() {
    // TODO: test uuid
}

/**
 * Test the property 'dateTime'
 */
@Test
public void dateTimeTest() {","    // TODO: test dateTime
}

/**
 * Test the property 'map'
 */
@Test
public void mapTest() {
    // TODO: test map
}"
255660,69,"// api.testEndpointParameters(number, _double, patternWithoutDelimiter, _byte, integer, int32, int64, _float, string, binary, date, dateTime, password, paramCallback);

// TODO: test validations",requirement,"Integer integer = null;
Integer int32 = null;
Long int64 = null;
Float _float = null;
String string = null;
File binary = null;
LocalDate date = null;
OffsetDateTime dateTime = null;
String password = null;
String paramCallback = null;","}
/**
 * To test enum parameters
 *
 * To test enum parameters
 */
@Test
public void testEnumParametersTest() {
    List<String> enumHeaderStringArray = null;
    String enumHeaderString = null;"
1508198,822,"// TODO the following assertion fails because of a bug in the JDK (see JDK-8311079 and MountedPathResourceTest.testJarFileResourceAccessBackSlash())
//assertThat(servletContext.getResource(""/nested-reserved-!#\\\\$%&()*+,:=?@[]-meta-inf-resource.txt""), notNullValue());",defect,"assertThat(resourcePaths.size(), is(expected.length));
assertThat(resourcePaths, containsInAnyOrder(expected));

String realPath = servletContext.getRealPath(""/"");
assertThat(realPath, notNullValue());
assertThat(servletContext.getRealPath(""/WEB-INF/""), endsWith(""/WEB-INF/""));
// TODO the following assertion fails because of a bug in the JDK (see JDK-8311079 and MountedPathResourceTest.testJarFileResourceAccessBackSlash())
//assertThat(servletContext.getRealPath(resourcePaths.get(1)), endsWith(""/nested-reserved-!#\\\\$%&()*+,:=?@[]-meta-inf-resource.txt""));

assertThat(servletContext.getResource(""/WEB-INF/""), notNullValue());","
HttpTester.Response response1 = HttpTester.parseResponse(connector.getResponse(""""""
    GET /resources HTTP/1.1\r
    Host: local\r
    Connection: close\r
    \r
    """"""));

assertThat(response1.getStatus(), is(HttpStatus.OK_200));
assertThat(response1.getContent(), containsString(""/WEB-INF""));"
166421,47,// TODO Auto-generated method stub,requirement,"}

@Override
public void enterExplicitCache() throws SQLException {
    // TODO Auto-generated method stub

}

@Override
public void enterImplicitCache() throws SQLException {","    // TODO Auto-generated method stub

}

@Override
public void exitExplicitCacheToActive() throws SQLException {
    // TODO Auto-generated method stub

}
"
276734,69,// TODO: test message,requirement,"@Test
public void typeTest() {
    // TODO: test type
}

/**
 * Test the property 'message'
 */
@Test
public void messageTest() {","        // TODO: test message
    }

}"
260706,69,// TODO: test Capitalization,requirement," * Model tests for Capitalization
 */
class CapitalizationTest {
    private final Capitalization model = new Capitalization();

    /**
     * Model tests for Capitalization
     */
    @Test
    void testCapitalization() {","    // TODO: test Capitalization
}

/**
 * Test the property 'smallCamel'
 */
@Test
void smallCamelTest() {
    // TODO: test smallCamel
}"
749692,241,// TODO: is this right (Sunday is a weird day...),how to,"Pair.makePair(SUTime.FRIDAY, ""2016-06-17/2016-06-17""),
Pair.makePair(SUTime.SATURDAY, ""2016-06-18/2016-06-18""),
Pair.makePair(SUTime.SUNDAY, ""2016-06-19/2016-06-19""),

Pair.makePair(SUTime.MORNING, ""2016-06-19T06:00:00.000/2016-06-19T12:00""),
Pair.makePair(SUTime.AFTERNOON, ""2016-06-19T12:00:00.000/PT6H""),  // TODO: Check this...
Pair.makePair(SUTime.EVENING, ""2016-06-19T18:00:00.000/PT2H""),    // TODO: Check this...
Pair.makePair(SUTime.NIGHT, ""2016-06-19T14:00:00.000/2016-06-20T00:00:00.000""),

Pair.makePair(SUTime.DAY, ""2016-06-19/2016-06-19""),","Pair.makePair(SUTime.WEEK, ""2016-06-13/2016-06-19""),  // TODO: is this right (Sunday is a weird day...)
Pair.makePair(SUTime.MONTH, ""2016-06-01/2016-06-30""),
Pair.makePair(SUTime.MONTH.multiplyBy(3), ""2016-05-04/2016-08-03"" /*, ""2016-06-01/2016-08-31""*/), // TODO: check...
Pair.makePair(SUTime.QUARTER, ""2016-04-01/2016-06-30""),
Pair.makePair(SUTime.YEAR, ""2016-01-01/2016-12-31""),

Pair.makePair(SUTime.WINTER, ""2016-12-01/2016-03""),
Pair.makePair(SUTime.SPRING, ""2016-03-01/2016-06""),
Pair.makePair(SUTime.SUMMER, ""2016-06-01/2016-09""),
Pair.makePair(SUTime.FALL, ""2016-09-01/2016-12""),"
547164,149,"// The next test also verifies replace functionality. Now, they are together to save on test execution time
// due to Travis CI 10 minute default running time (with no output) -- having it separate made it
// last longer. At some point we should really simplify this file, so it runs faster (splitting, etc.)",temporary fix,"    try (final Writer writer =
             Files.newBufferedWriter(new File(inputDir, ""filtered_"" + i).toPath(), StandardCharsets.UTF_8)) {
      writer.write(StringUtils.format(""2017-12-%d,%d,%d th test file\n"", i + 1, i + 10, i));
    }
  }
  inputIntervals = new ArrayList<>(intervals);
  inputIntervals.sort(Comparators.intervalsByStartThenEnd());
}

","@Test
public void testRun() throws Exception
{

  // verify dropExisting false:
  final Integer maxRowsPerSegment = numShards == null ? 10 : null;
  final Set<DataSegment> publishedSegments = runTask(createTask(
      new HashedPartitionsSpec(
          maxRowsPerSegment,
          numShards,"
851431,315,// TODO Auto-generated method stub,requirement,"  // TODO Auto-generated method stub

}

public void saveUserInfo( IUser arg0 ) throws KettleException {
  // TODO Auto-generated method stub

}

public void setRoles( List<IRole> arg0 ) throws KettleException {","  // TODO Auto-generated method stub

}

public void setUserInfo( IUser arg0 ) {
  // TODO Auto-generated method stub

}

public void setUsers( List<IUser> arg0 ) throws KettleException {"
256336,69,// TODO: test OuterEnum,requirement,"
/**
 * Model tests for OuterEnum
 */
public class OuterEnumTest {
    /**
     * Model tests for OuterEnum
     */
    @Test
    public void testOuterEnum() {","        // TODO: test OuterEnum
    }

}"
252582,69,// TODO: test mapProperty,requirement,"@Test
void testAdditionalPropertiesClass() {
    // TODO: test AdditionalPropertiesClass
}

/**
 * Test the property 'mapProperty'
 */
@Test
void mapPropertyTest() {","    // TODO: test mapProperty
}

/**
 * Test the property 'mapOfMapProperty'
 */
@Test
void mapOfMapPropertyTest() {
    // TODO: test mapOfMapProperty
}"
1499131,822,// TODO,requirement,"        LOGGER.debug(""SP received {} on {}"", frame, session);
    // TODO
    callback.succeeded();
}

@Override
public boolean onIdleTimeout(Session session)
{
    if (LOGGER.isDebugEnabled())
        LOGGER.debug(""SP idle timeout on {}"", session);","    // TODO
    return true;
}

@Override
public void onFailure(Session session, Throwable failure, Callback callback)
{
    if (LOGGER.isDebugEnabled())
        LOGGER.debug(""SP failure on "" + session, failure);
    // TODO"
167799,51,// TODO Auto-generated method stub,requirement,"}

@Override
public int getMaximum(int field) {
    // TODO Auto-generated method stub
    return 0;
}

@Override
public int getGreatestMinimum(int field) {","    // TODO Auto-generated method stub
    return 0;
}

@Override
public int getLeastMaximum(int field) {
    // TODO Auto-generated method stub
    return 0;
}
"
611078,198,"// TODO: This is current behavior, but is it what we want?",how to,"import com.google.refine.expr.ParsingException;
import com.google.refine.grel.GrelTestBase;

public class JoinTests extends GrelTestBase {

    @Test
    public void joinArray() throws ParsingException {
        String[] test = { ""[2,1,3].join('|')"", ""2|1|3"" };
        parseEval(bindings, test);
","// TODO: This is current behavior, but is it what we want?
String[] test1 = { ""[2,null,3].join(', ')"", ""2, 3"" };
parseEval(bindings, test1);

String[] test2 = { ""['z','b','c','a'].join('-')"", ""z-b-c-a"" };
parseEval(bindings, test2);

// TODO: Do we really want the following two tests to return different results?
String[] test3 = { ""['z', null,'c','a'].join('-')"", ""z-c-a"" };
parseEval(bindings, test3);"
1336503,651,"// Careful of the excluded middle!
// We cannot simplify ""b <> 1 or b = 1"" to ""true"" because if b is null, the
// result is unknown.
// TODO: ""b = b"" would be the best simplification.",requirement,"            le(aRef, literal5)),
        ne(aRef, literal4)),
    ""<>(?0.a, 4)"");

// ""b <> 1 or b = 1"" ==> ""b is not null"" with unknown as false
final RexNode neOrEq =
    or(ne(bRef, literal(1)),
        eq(bRef, literal(1)));
checkSimplifyFilter(neOrEq, ""IS NOT NULL(?0.b)"");
","final RexNode simplified =
    this.simplify.simplifyUnknownAs(neOrEq, RexUnknownAs.UNKNOWN);
assertThat(simplified,
    hasToString(""OR(IS NOT NULL(?0.b), null)""));

// ""a is null or a is not null"" ==> ""true""
checkSimplifyFilter(
    or(isNull(aRef),
        isNotNull(aRef)),
    ""true"");"
262394,69,// TODO: test password,requirement,"@Test
void uuidTest() {
    // TODO: test uuid
}

/**
 * Test the property 'password'
 */
@Test
void passwordTest() {","    // TODO: test password
}

/**
 * Test the property 'bigDecimal'
 */
@Test
void bigDecimalTest() {
    // TODO: test bigDecimal
}"
268402,69,// TODO: test _return,requirement,"@Test
void testModelReturn() {
    // TODO: test ModelReturn
}

/**
 * Test the property '_return'
 */
@Test
void _returnTest() {","        // TODO: test _return
    }

}"
608284,191,// TODO: Waiting a few seconds is not a reliable condition. Figure out a better way for this.,how to,"
}.start();

TestHelper.awaitOrFail(backgroundThread1Started);
TestHelper.awaitOrFail(backgroundThread2Closed);
Realm realm = Realm.getInstance(realmConfig);
realm.beginTransaction();
realm.commitTransaction();
// Any REALM_CHANGED message should now only reach the open Handler on Thread1.
try {","        // TODO: Waiting a few seconds is not a reliable condition. Figure out a better way for this.
        if (!handlerNotified.await(TestHelper.SHORT_WAIT_SECS,  TimeUnit.SECONDS)) {
            fail(""Handler didn't receive message"");
        }
    } finally {
        realm.close();
    }
}

// Tests that we handle a Looper thread quiting it's looper before it is done executing the current loop ( = Realm.close()"
280153,69,// TODO: test outerEnumInteger,requirement,"@Test
public void outerEnumTest() {
    // TODO: test outerEnum
}

/**
 * Test the property 'outerEnumInteger'
 */
@Test
public void outerEnumIntegerTest() {","    // TODO: test outerEnumInteger
}

/**
 * Test the property 'outerEnumDefaultValue'
 */
@Test
public void outerEnumDefaultValueTest() {
    // TODO: test outerEnumDefaultValue
}"
1155491,501,// TODO https://github.com/langchain4j/langchain4j/issues/2219,requirement,"import static dev.langchain4j.model.ollama.AbstractOllamaLanguageModelInfrastructure.OLLAMA_BASE_URL;
import static dev.langchain4j.model.ollama.AbstractOllamaLanguageModelInfrastructure.ollamaBaseUrl;
import static dev.langchain4j.model.ollama.OllamaImage.LLAMA_3_1;
import static dev.langchain4j.model.ollama.OllamaImage.LLAMA_3_2_VISION;
import static dev.langchain4j.model.ollama.OllamaImage.OLLAMA_IMAGE;
import static dev.langchain4j.model.ollama.OllamaImage.localOllamaImage;
import static dev.langchain4j.model.ollama.OllamaImage.resolve;

class OllamaChatModelIT extends AbstractChatModelIT {
","// TODO https://github.com/langchain4j/langchain4j/issues/2219

private static final String MODEL_WITH_TOOLS = LLAMA_3_1;
private static LC4jOllamaContainer ollamaWithTools;

private static final String MODEL_WITH_VISION = LLAMA_3_2_VISION;
private static LC4jOllamaContainer ollamaWithVision;

static {
    if (isNullOrEmpty(OLLAMA_BASE_URL)) {"
985094,435,"//TODO this could be implemented with @BeforeAll, if we move to Junit 5.5 or higher. The way to intercept exceptions in this method, inside
// the @NotImplementedYet extension would be by harnessing LifecycleMethodExecutionExceptionHandler, or InvocationInterceptor,
// and both are Junit 5.5 (and experimental)",other,"		settingProviders = @SettingProvider(
				settingName = DEFAULT_LIST_SEMANTICS,
				provider = ImplicitListAsBagProvider.class
		)
)
public class MultiLevelCascadeCollectionIdClassTest {

	private static final Logger log = Logger.getLogger( MultiLevelCascadeCollectionIdClassTest.class );
	private boolean initialized = false;
","protected void initialize(EntityManagerFactoryScope scope) {
	scope.inTransaction(
			entityManager -> {
				entityManager.createNativeQuery( ""INSERT INTO MAIN_TABLE(ID_NUM) VALUES (99427)"" ).executeUpdate();
				entityManager.createNativeQuery( ""INSERT INTO SUB_TABLE(ID_NUM, SUB_ID, FAMILY_IDENTIFIER, IND_NUM) VALUES (99427, 1, 'A', '123A')"" ).executeUpdate();
				entityManager.createNativeQuery( ""INSERT INTO SUB_TABLE(ID_NUM, SUB_ID, FAMILY_IDENTIFIER, IND_NUM) VALUES (99427, 2, 'S', '321A')"" ).executeUpdate();
				entityManager.createNativeQuery( ""INSERT INTO SUB_SUB_TABLE(ID_NUM, CODE, IND_NUM) VALUES (99427, 'CODE1', '123A')"" ).executeUpdate();
			}
	);
	initialized = true;"
253072,69,// TODO: test validations,requirement," *          if the Api call fails
 */
@Test
void uploadFileWithRequiredFileTest() {
    Long petId = null;
    File requiredFile = null;
    String additionalMetadata = null;

    ModelApiResponse response = api.uploadFileWithRequiredFile(petId, requiredFile, additionalMetadata);
","        // TODO: test validations
    }
    
}"
265254,69,// TODO: test someId,requirement,"@Test
void testFakeBigDecimalMap200Response() {
    // TODO: test FakeBigDecimalMap200Response
}

/**
 * Test the property 'someId'
 */
@Test
void someIdTest() {","    // TODO: test someId
}

/**
 * Test the property 'someMap'
 */
@Test
void someMapTest() {
    // TODO: test someMap
}"
214511,60,// TODO:remove file-merging setting after FLINK-32085 & FLINK-32081 are resolved.,temporary fix,"                        pathToString(savepointDir),
                        testCase.restoreSource == RestoreSource.CANONICAL_SAVEPOINT
                                ? SavepointFormatType.CANONICAL
                                : SavepointFormatType.NATIVE)
                .get();
    }
}

private void restoreAndValidate(String location) {
    Configuration conf = new Configuration();","// TODO:remove file-merging setting after FLINK-32085 & FLINK-32081 are resolved.
conf.set(FILE_MERGING_ENABLED, false);
StreamExecutionEnvironment env = StreamExecutionEnvironment.getExecutionEnvironment(conf);
env.enableChangelogStateBackend(testCase.restoreWithChangelog);
JobGraph jobGraph = addGraph(env);
jobGraph.setSavepointRestoreSettings(forPath(location));

if (tryRun(jobGraph) != testCase.allowRestore) {
    fail(testCase.describeRestore());
}"
252522,69,// TODO: test number,requirement,"@Test
void int64Test() {
    // TODO: test int64
}

/**
 * Test the property 'number'
 */
@Test
void numberTest() {","    // TODO: test number
}

/**
 * Test the property '_float'
 */
@Test
void _floatTest() {
    // TODO: test _float
}"
1134218,491,"// TODO: Should be checked on server side. On Embedded metastore it throws MetaException,
// on Remote metastore it throws TProtocolException",dependency,"      table.getDbName().toUpperCase(), table.getTableName().toUpperCase()));

  // Test in mixed case
  Assert.assertTrue(""Table exists"", client.tableExists(""hIVe"", ""DeFaUlt"", ""tEsT_TabLE""));
}

@Test
public void testTableExistsNullDatabase() throws Exception {
  try {
    client.tableExists(null, OTHER_DATABASE);","    Assert.fail(""Expected an MetaException or TProtocolException to be thrown"");
  } catch (MetaException exception) {
    // Expected exception - Embedded MetaStore
  } catch (TProtocolException exception) {
    // Expected exception - Remote MetaStore
  }
}

@Test
public void testTableExistsNullTableName() throws Exception {"
1371991,734,// TODO: Remove this once we support PyTorch support for timeseries extension,temporary fix,"
import java.io.IOException;
import java.time.LocalDateTime;
import java.util.Map;
import java.util.concurrent.ConcurrentHashMap;

public class DeepARTranslatorTest {

    @Test
    public void testDeepARTranslator() throws IOException, TranslateException, ModelException {","// TODO: Remove this once we support PyTorch support for timeseries extension
TestRequirements.notArm();

String modelUrl = ""https://resources.djl.ai/test-models/mxnet/timeseries/deepar.zip"";
Map<String, Object> arguments = new ConcurrentHashMap<>();
int predictionLength = 28;
arguments.put(""prediction_length"", predictionLength);
DeepARTranslator translator = DeepARTranslator.builder(arguments).build();
Criteria<TimeSeriesData, Forecast> criteria =
        Criteria.builder()"
250455,69,// TODO: test ReadOnlyFirst,requirement," * Model tests for ReadOnlyFirst
 */
public class ReadOnlyFirstTest {
    private final ReadOnlyFirst model = new ReadOnlyFirst();

    /**
     * Model tests for ReadOnlyFirst
     */
    @Test
    public void testReadOnlyFirst() {","    // TODO: test ReadOnlyFirst
}

/**
 * Test the property 'bar'
 */
@Test
public void barTest() {
    // TODO: test bar
}"
1463257,805,"// FIXME: this feature type is not yet complete
// validateGet(path);",requirement,"        doc);

// polarity
Node polarity = dip.getNextSibling();
assertEquals(""gsml:polarity"", polarity.getNodeName());
assertXpathEvaluatesTo(
        ""not applicable"",
        ""//er:MineralOccurrence[@gml:id='er.mineraloccurrence.S0032895']/er:planarOrientation/gsml:CGI_PlanarOrientation/gsml:polarity"",
        doc);
","}

/** Test elements are encoded in the order as defined in the schema GeologicUnit is tested here */
@Test
public void testPropertyEncodingOrder_GeologicUnit() throws Exception {
    WFSInfo wfs = getGeoServer().getService(WFSInfo.class);
    wfs.setEncodeFeatureMember(true);
    getGeoServer().save(wfs);
    String path = ""wfs?request=GetFeature&version=1.1.0&typename=gsml:GeologicUnit&featureid=gu.25699"";
    Document doc = getAsDOM(path);"
265799,69,// TODO: test mapArrayInteger,requirement,"@Test
public void mapBooleanTest() {
    // TODO: test mapBoolean
}

/**
 * Test the property 'mapArrayInteger'
 */
@Test
public void mapArrayIntegerTest() {","    // TODO: test mapArrayInteger
}

/**
 * Test the property 'mapArrayAnytype'
 */
@Test
public void mapArrayAnytypeTest() {
    // TODO: test mapArrayAnytype
}"
750498,250,"// TODO: verify ribbon stats match
// assertEquals(target.lb().getLoadBalancerStats().getSingleServerStat())",requirement,"        .target(TestInterface.class, ""http://"" + client());

try {
  api.post();
  fail(""No exception thrown"");
} catch (RetryableException ignored) {

}
// TODO: why are these retrying?
assertThat(server1.getRequestCount()).isGreaterThanOrEqualTo(1);","}

@Test
void ribbonRetryConfigurationOnSameServer() throws IOException, InterruptedException {
  server1.enqueue(new MockResponse().setSocketPolicy(SocketPolicy.DISCONNECT_AT_START));
  server1.enqueue(new MockResponse().setSocketPolicy(SocketPolicy.DISCONNECT_AT_START));
  server2.enqueue(new MockResponse().setSocketPolicy(SocketPolicy.DISCONNECT_AT_START));
  server2.enqueue(new MockResponse().setSocketPolicy(SocketPolicy.DISCONNECT_AT_START));

  getConfigInstance()"
1231768,618,"//    @Test
//    public void execute_defaultSchema() throws Exception {
//        new DatabaseTestTemplate().testOnAvailableDatabases(
//                new SqlStatementDatabaseTest(null, new DropUniqueConstraintStatement(null, TABLE_NAME, CONSTRAINT_NAME, UNIQUE_COLUMNS)) {
//
//                    protected void preExecuteAssert(DatabaseSnapshotGenerator snapshot) {
//                        //todo: assert when isUnique works: assertTrue(snapshot.getTable(TABLE_NAME).getColumn(COL_NAME).isUnique());
//                    }
//
//                    protected void postExecuteAssert(DatabaseSnapshotGenerator snapshot) {
//                        //todo: assert when isUnique works: assertFalse(snapshot.getTable(TABLE_NAME).getColumn(COL_NAME).isUnique());
//                    }
//
//                });
//    }",multi,"package liquibase.sqlgenerator.core;

public abstract class DropUniqueConstraintGeneratorTest {","
}"
92723,12,"//Seems like a pattern where they truncate the symbol and append a 32-character (128-bit) hash code on the end instead.  Not sure what/how we
// should deal with this (and potentially others--this came from Windows 7): give partial results?  By running with parse info output, we can
// see that it is a series of nested templates to start, which cuts off during a deep nesting.",how to,"	@Test
	public void testUnknown2() throws Exception { //Real Symbol from Windows 10
		mangled = ""??_C@_00CNPNBAHC@?$AA@FNODOBFM@"";
//		mstruth1 = "" ?? ?? ::FNODOBFM::`string'"";
//	    mstruth2 = "" ?? ::FNODOBFM::`string'"";
		msTruth = """";
		mdTruth = msTruth;
		demangleAndTest();
	}
","@Category(MDMangFailingTestCategory.class)
@Test
public void testUnknown3() throws Exception {
	mangled =
		""??$attach@PEAV?$UnknownOnlyLite@V?$OpcCertificateEnumeratorCom@V?$scope@PEAV?$SimpleEnumerator@V?$scope@PEAVOpcCertificateSetImpl@win_dox@@U?$const_policies@U?$types_1@U?$counted_strong@U?$const_policies@Uresource_policies@951f6a2d6e0aeb78808e853e71bf1781"";
	msTruth = ""?? attach<class ?? :: ?? * __ptr64>"";
	mdTruth = msTruth;
	demangleAndTest();
}
"
853787,315,// TODO Add StepStatusList,requirement,"  assertEquals( ""The XML document should match after rebuilding from XML"", resultXML,
    SlaveServerTransStatus.fromXML( resultXML ).getXML() );
  assertEquals( ""There should be one \""log_date\"" node in the XML"", 1,
    XMLHandler.countNodes( newTransStatus, ""log_date"" ) );
  assertEquals( ""The \""log_date\"" node should match the original value"", XMLHandler.date2string( logDate ),
    XMLHandler.getTagValue( newTransStatus, ""log_date"" ) );
}

@Test
public void testSerialization() throws KettleException {","// TODO Add StepStatusList
List<String> attributes = Arrays.asList( ""TransName"", ""Id"", ""StatusDescription"", ""ErrorDescription"",
  ""LogDate"", ""Paused"", ""FirstLoggingLineNr"", ""LastLoggingLineNr"", ""LoggingString"" );
Map<String, FieldLoadSaveValidator<?>> attributeMap = new HashMap<String, FieldLoadSaveValidator<?>>();
attributeMap.put( ""LoggingString"", new LoggingStringLoadSaveValidator() );

SlaveServerTransStatusLoadSaveTester tester =
  new SlaveServerTransStatusLoadSaveTester( SlaveServerTransStatus.class, attributes, attributeMap );

tester.testSerialization();"
279188,69,// TODO: test lastName,requirement,"@Test
public void firstNameTest() {
    // TODO: test firstName
}

/**
 * Test the property 'lastName'
 */
@Test
public void lastNameTest() {","    // TODO: test lastName
}

/**
 * Test the property 'email'
 */
@Test
public void emailTest() {
    // TODO: test email
}"
911326,374,"// currently spark session catalog only resolve to v1 functions instead of desired v2 functions
// https://github.com/apache/spark/blob/branch-3.4/sql/catalyst/src/main/scala/org/apache/spark/sql/catalyst/analysis/Analyzer.scala#L2070-L2083",temporary fix,"  assertThat(output.get(0)[2])
      .isInstanceOf(Long.class)
      .isEqualTo(Long.valueOf(snapshotSummary().get(SnapshotSummary.REMOVED_FILE_SIZE_PROP)));

  List<Object[]> actualRecords = currentData();
  assertEquals(""Data after compaction should not change"", expectedRecords, actualRecords);
}

@TestTemplate
public void testRewriteDataFilesWithFilterOnOnBucketExpression() {","assumeThat(catalogName).isNotEqualTo(SparkCatalogConfig.SPARK.catalogName());
createBucketPartitionTable();
// create 5 files for each partition (c2 = 'foo' and c2 = 'bar')
insertData(10);
List<Object[]> expectedRecords = currentData();

// select only 5 files for compaction (files in the partition c2 = 'bar')
List<Object[]> output =
    sql(
        ""CALL %s.system.rewrite_data_files(table => '%s',"""
100481,16,"// TODO: update dependencies?
// assertThat(aCls.getDependencies()).contains(cCls);
// assertThat(cCls.getUsedIn()).contains(aCls);",dependency,"public void test() {
	List<ClassNode> classes = loadFromSmaliFiles();
	ClassNode aCls = searchCls(classes, ""inline.A"");
	ClassNode bCls = searchCls(classes, ""inline.other.B"");
	ClassNode cCls = searchCls(classes, ""inline.other.C"");

	assertThat(bCls).code().doesNotContain(""bridgeMth()"");
	assertThat(aCls).code().containsOne(""C.test()"");
	assertThat(cCls).code().containsOne(""public class C {"");
","	}
}"
843218,308,"/**
 * Unit Tests for {@link TriggerExample}. The results generated by triggers are by definition
 * non-deterministic and hence hard to test. The unit test does not test all aspects of the example.
 */",requirement,"import org.apache.beam.sdk.values.TimestampedValue;
import org.apache.beam.vendor.guava.v32_1_2_jre.com.google.common.base.Joiner;
import org.apache.beam.vendor.guava.v32_1_2_jre.com.google.common.collect.Lists;
import org.joda.time.Duration;
import org.joda.time.Instant;
import org.junit.Rule;
import org.junit.Test;
import org.junit.runner.RunWith;
import org.junit.runners.JUnit4;
","@RunWith(JUnit4.class)
public class TriggerExampleTest {

  private static final String[] INPUT = {
    ""01/01/2010 00:00:00,1108302,94,E,ML,36,100,29,0.0065,66,9,1,0.001,74.8,1,9,3,0.0028,71,1,9,""
        + ""12,0.0099,67.4,1,9,13,0.0121,99.0,1,,,,,0,,,,,0,,,,,0,,,,,0"",
    ""01/01/2010 00:00:00,""
        + ""1100333,5,N,FR,9,0,39,,,9,,,,0,,,,,0,,,,,0,,,,,0,,,,,0,,,,,0,,,,,0,,,,"",
    """"
  };"
991643,441,// TODO replace once we have real API,dependency,"check(""Currencies"", locale, currencies, currencyFormats, new DisplayNameGetter() {
    public String get(ULocale loc, String code, Object context) {
        Currency s = Currency.getInstance(code);
        return s.getName(loc, ((Integer)context).intValue(), new boolean[1]);
    }
});
// comment this out, because the zone string information is lost
// we'd have to access the resources directly to test them

check(""Zones"", locale, zones, zoneFormats, new DisplayNameGetter() {","        // TODO replace once we have real API
        public String get(ULocale loc, String code, Object context) {
            return getZoneString(loc, code, ((Integer)context).intValue());
        }
    });

}

Map zoneData = new HashMap();
"
996435,441,"//  CLDR No Longer uses complex currency symbols.
//  Skipping this test.
//        Locale loc = new Locale(""kn"", ""IN"", """");
//        NumberFormat fmt = NumberFormat.getCurrencyInstance(loc);

//        expect2(fmt, 1.0, ""Re.\u00a01.00"");
//        expect(fmt, 1.001, ""Re.\u00a01.00""); // tricky
//        expect2(fmt, 12345678.0, ""Rs.\u00a01,23,45,678.00"");
//        expect2(fmt, 0.5, ""Rs.\u00a00.50"");
//        expect2(fmt, -1.0, ""-Re.\u00a01.00"");
//        expect2(fmt, -10.0, ""-Rs.\u00a010.00"");",skip test,"    int n = 1234;
    expect(fmt, ""a b1234c "", n);
    expect(fmt, ""a   b1234c   "", n);
}

/**
 * Test currencies whose display name is a ChoiceFormat.
 */
@Test
public void TestComplexCurrency() {","}

@Test
public void TestCurrencyKeyword() {
    ULocale locale = new ULocale(""th_TH@currency=QQQ"");
    NumberFormat format = NumberFormat.getCurrencyInstance(locale);
    String result = format.format(12.34f);
    if (!""QQQ12.34"".equals(result)) {
        errln(""got unexpected currency: "" + result);
    }"
279070,69,// TODO: test code,requirement,"@Test
public void testModelApiResponse() {
    // TODO: test ModelApiResponse
}

/**
 * Test the property 'code'
 */
@Test
public void codeTest() {","    // TODO: test code
}

/**
 * Test the property 'type'
 */
@Test
public void typeTest() {
    // TODO: test type
}"
877654,337,// TODO(user): These should be inlinable.,defect,"      ""var a = {b: {}}; var x = function(){1 * a.b.c}; print(x);"",
      ""var a = {b: {}}; var x; print(function(){1 * a.b.c});"");
}

@Test
public void testNoInlineGetElem() {
  // Again we don't know if i = j
  noInline(""var x = a[i]; a[j] = 2; print(x); "");
}
","// TODO(user): These should be inlinable.
@Test
public void testNoInlineConstructors() {
  noInline(""var x = new Iterator(); x.next();"");
}

// TODO(user): These should be inlinable.
@Test
public void testNoInlineArrayLits() {
  noInline(""var x = []; print(x)"");"
278100,69,// TODO: test mapOfMapProperty,requirement,"@Test
public void mapPropertyTest() {
    // TODO: test mapProperty
}

/**
 * Test the property 'mapOfMapProperty'
 */
@Test
public void mapOfMapPropertyTest() {","        // TODO: test mapOfMapProperty
    }

}"
878705,337,// TODO(nickreid): Add rewriting support for this.,requirement,"public void testNoRewrite_nonCallReference_viaDestructuring() {
  testSame(
      lines(
          NoRewriteNonCallReferenceTestInput.BASE, //
          ""o.foo();"", // We need at least one normal call to trigger rewriting.
          ""const {foo: x} = o;""));
}

@Test
public void testNoRewrite_nonCallReference_viaGetprop_usingFnCall() {","  // TODO(nickreid): Add rewriting support for this.
  testSame(
      lines(
          NoRewriteNonCallReferenceTestInput.BASE, //
          ""o.foo();"", // We need at least one normal call to trigger rewriting.
          ""o.foo.call(null);""));
}

@Test
public void testNoRewrite_nonCallReference_viaGetprop_usingFnApply() {"
1610889,947,// todo: check that we can load and instantiate class from the returned class name,requirement,"@Test
void shouldProperlyCreateCustomResourceInfo() {
  CustomResourceInfo info = CustomResourceInfo.fromClass(ClusteredCR.class);
  assertEquals(GROUP, info.group());
  assertEquals(VERSION, info.version());
  assertEquals(Scope.CLUSTER, info.scope());
  assertEquals(ClusteredCR.class.getCanonicalName(), info.crClassName()); // todo: should we actually use the type name here?
  assertTrue(info.specClassName().isPresent());
  String specClassName = info.specClassName().get();
  assertEquals(Spec.class.getName(), specClassName);","// todo: check that we can load and instantiate class from the returned class name
/*
 * Class<?> specClass = Class.forName(specClassName);
 * Object o = specClass.getDeclaredConstructor().newInstance();
 * assertNotNull(o);
 */
assertTrue(info.statusClassName().isPresent());
assertEquals(Status.class.getName(), info.statusClassName().get());
assertEquals(HasMetadata.getSingular(ClusteredCR.class), info.singular());
assertEquals(HasMetadata.getPlural(ClusteredCR.class), info.plural());"
876990,337,// TODO(johnlenz): fix this.,defect,"  test(""var e = false;var foo = {};if(e + 1)foo.bar=function(){};"", ""var e = false;if(e + 1);"");
}

@Test
public void testIf4() {
  test(""var e = false, f;var foo = {};if(f=e)foo.bar=function(){};"", ""var e = false;if(e);"");
}

@Test
public void testIf4a() {","  // TODO(johnlenz): fix this.
  testSame(""var e = [], f;if(f=e);f[0] = 1;"");
}

@Test
public void testIf4b() {
  // TODO(johnlenz): fix this.
  test(""var e = [], f;if(e=f);f[0] = 1;"", ""var f;if(f);f[0] = 1;"");
}
"
1314723,623,// This test could be broken if multiple tests are running in parallel.,defect,"    }
};

@BeforeEach
void setUp() {
    startFuture = new CompletableFuture<>();
}

@Test
void shouldCacheSslContext() {","// This test could be broken if multiple tests are running in parallel.
final CountingConnectionPoolListener poolListener = new CountingConnectionPoolListener();
final TlsProvider tlsProvider =
        TlsProvider.builder()
                   .keyPair(""foo.com"", clientFooCert.tlsKeyPair())
                   .keyPair(""bar.com"", clientBarCert.tlsKeyPair())
                   .trustedCertificates(serverFooCert.certificate(), serverBarCert.certificate())
                   .build();

final List<Channel> channels = new ArrayList<>();"
95324,12,"//	public void testDisassemblerMidBlockOverlapWithProgramAndConflictPreservation()
//			throws Exception {
//		// TODO: having difficult time coming up with valid test case
//	}

//	public void testDisassemblerMidBlockOverlapWithProgramAndConflictDetection() throws Exception {
//		// TODO: having difficult time coming up with valid test case
//	}

//
// TEST BAD PARSE CASES
//",how to,"
	disAddrs = disassembler.disassemble(addr(18), null);
	assertEquals(addrset(range(18, 19), range(30, 31)), disAddrs);

	verifyInstructionPresence();

	verifyNoBookmarks();

}
","
/**
 *     10: or 
 *     12: BAD  (Unable to resolve constructor)
 *     14: ret  (Not parsed due to parse error @ 12)
 *     
 * Test parse error
 * 
 */
@Test"
267945,69,// TODO: test Pet,requirement," * Model tests for Pet
 */
public class PetTest {
    private final Pet model = new Pet();

    /**
     * Model tests for Pet
     */
    @Test
    public void testPet() {","    // TODO: test Pet
}

/**
 * Test the property 'id'
 */
@Test
public void idTest() {
    // TODO: test id
}"
670509,213,"// TODO Test the ""load from the file"" case where DA will still be loaded even without
// BIND_DEVICE_ADMIN and target API is N.",requirement,"        /* messageRegex= */ permission.BIND_DEVICE_ADMIN,
        () -> dpm.setActiveAdmin(adminNoPerm, /* replace =*/ false));
assertThat(dpm.isAdminActive(adminNoPerm)).isFalse();

// Change the target API level to MNC.  Now it can be set as DA.
setUpPackageManagerForAdmin(adminNoPerm, DpmMockContext.CALLER_UID, null,
        VERSION_CODES.M);
dpm.setActiveAdmin(adminNoPerm, /* replace =*/ false);
assertThat(dpm.isAdminActive(adminNoPerm)).isTrue();
","}

/**
 * Test for:
 * {@link DevicePolicyManager#removeActiveAdmin}
 */
@Test
public void testRemoveActiveAdmin_SecurityException() {
    mContext.callerPermissions.add(android.Manifest.permission.MANAGE_DEVICE_ADMINS);
"
256480,69,// TODO: test myString,requirement,"@Test
public void myNumberTest() {
    // TODO: test myNumber
}

/**
 * Test the property 'myString'
 */
@Test
public void myStringTest() {","    // TODO: test myString
}

/**
 * Test the property 'myBoolean'
 */
@Test
public void myBooleanTest() {
    // TODO: test myBoolean
}"
902858,371,"// TODO(cpovirk): This doesn't look ""positive"" to me.
// TODO(cpovirk): Also, I *think* the lack of braces on the while() loop is intentional?",how to,"                }
              }
            }
          }
          """""")
      .doTest();
}

@Test
public void positiveDespiteWhileLoop() {","aggressiveHelper
    .addSourceLines(
        ""Foo.java"",
        """"""
        import static com.google.common.base.Preconditions.checkArgument;

        class Foo {
          void foo(Object o) {
            while (true) checkArgument(o != null);
          }"
255018,69,// TODO: test className,requirement,"@Test
void testCat() {
    // TODO: test Cat
}

/**
 * Test the property 'className'
 */
@Test
void classNameTest() {","    // TODO: test className
}

/**
 * Test the property 'color'
 */
@Test
void colorTest() {
    // TODO: test color
}"
262802,69,// TODO: test TypeHolderExample,requirement," * Model tests for TypeHolderExample
 */
class TypeHolderExampleTest {
    private final TypeHolderExample model = new TypeHolderExample();

    /**
     * Model tests for TypeHolderExample
     */
    @Test
    void testTypeHolderExample() {","    // TODO: test TypeHolderExample
}

/**
 * Test the property 'stringItem'
 */
@Test
void stringItemTest() {
    // TODO: test stringItem
}"
272339,69,// TODO: test username,requirement,"@Test
void testAllOfWithSingleRef() {
    // TODO: test AllOfWithSingleRef
}

/**
 * Test the property 'username'
 */
@Test
void usernameTest() {","    // TODO: test username
}

/**
 * Test the property 'singleRefType'
 */
@Test
void singleRefTypeTest() {
    // TODO: test singleRefType
}"
264556,69,// TODO: test bar,requirement,"@Test
void testHasOnlyReadOnly() {
    // TODO: test HasOnlyReadOnly
}

/**
 * Test the property 'bar'
 */
@Test
void barTest() {","    // TODO: test bar
}

/**
 * Test the property 'foo'
 */
@Test
void fooTest() {
    // TODO: test foo
}"
271339,69,// TODO: test validations,requirement," *
 * @throws ApiException
 *          if the Api call fails
 */
@Test
public void addPetTest() throws ApiException {
    Pet pet = null;
    
    api.addPet(pet);
    ","    // TODO: test validations
}

/**
 * Deletes a pet
 *
 * 
 *
 * @throws ApiException
 *          if the Api call fails"
261008,69,// TODO: test OuterEnum,requirement,"
/**
 * Model tests for OuterEnum
 */
class OuterEnumTest {
    /**
     * Model tests for OuterEnum
     */
    @Test
    void testOuterEnum() {","        // TODO: test OuterEnum
    }

}"
266410,69,// TODO: test bigDecimal,requirement,"@Test
public void passwordTest() {
    // TODO: test password
}

/**
 * Test the property 'bigDecimal'
 */
@Test
public void bigDecimalTest() {","        // TODO: test bigDecimal
    }

}"
876542,337,// TODO(b/73762053): Avoid generating unreachable statements.,requirement,"@Test
public void testUnreachableCodeGeneration() {
  rewriteGeneratorBody(
      ""if (i) return 1; else return 2;"",
      lines(
          ""  if (i) {"",
          ""    return GEN_CONTEXT$0.return(1);"",
          ""  } else {"",
          ""    return GEN_CONTEXT$0.return(2);"",
          ""  }"",","          // TODO(b/73762053): Avoid generating unreachable statements.
          ""  GEN_CONTEXT$0.jumpToEnd();""));
}

@Test
public void testReturnGenerator() {
  rewriteGeneratorsTest(
      srcs(""function f() { return function *g() {yield 1;} }""),
      expected(
          lines("
137981,40,"// We want to randomize the order of data to test not completely predictable processing order
// However, values are also use as a timestamp of the record. (TODO: separate data and timestamp)
// We keep some correlation of time and order. Thus, the shuffling is done with a sliding window",requirement,"private final int[] values;
private int index;

ValueList(final int min, final int max) {
    key = min + ""-"" + max;

    values = new int[max - min + 1];
    for (int i = 0; i < values.length; i++) {
        values[i] = min + i;
    }","        shuffle(values, 10);

        index = 0;
    }

    int next() {
        return (index < values.length) ? values[index++] : -1;
    }
}
"
1138685,491,//TODO: HIVE-28044: Replication tests to run on Tez,requirement,"public static void setUpBeforeClass() throws Exception {
  HashMap<String, String> overrideProperties = new HashMap<>();
  overrideProperties.put(MetastoreConf.ConfVars.EVENT_MESSAGE_FACTORY.getHiveName(),
      GzipJSONMessageEncoder.class.getCanonicalName());
  internalBeforeClassSetup(overrideProperties);
}

static void internalBeforeClassSetup(Map<String, String> additionalProperties)
    throws Exception {
  hconf = new HiveConf(TestReplicationScenarios.class);","//TODO: HIVE-28044: Replication tests to run on Tez
hconf.setVar(HiveConf.ConfVars.HIVE_EXECUTION_ENGINE, ""mr"");
String metastoreUri = System.getProperty(""test.""+MetastoreConf.ConfVars.THRIFT_URIS.getHiveName());
if (metastoreUri != null) {
  hconf.set(MetastoreConf.ConfVars.THRIFT_URIS.getHiveName(), metastoreUri);
  return;
}
// Disable auth so the call should succeed
MetastoreConf.setBoolVar(hconf, MetastoreConf.ConfVars.EVENT_DB_NOTIFICATION_API_AUTH, false);
hconf.set(MetastoreConf.ConfVars.TRANSACTIONAL_EVENT_LISTENERS.getHiveName(),"
269981,69,// TODO: test photoUrls,requirement,"@Test
public void nameTest() {
    // TODO: test name
}

/**
 * Test the property 'photoUrls'
 */
@Test
public void photoUrlsTest() {","    // TODO: test photoUrls
}

/**
 * Test the property 'tags'
 */
@Test
public void tagsTest() {
    // TODO: test tags
}"
1171646,541,"// When RegionServer is created in MiniHBaseCluster, it uses HBaseConfiguration.create(conf) of
// the master Configuration. The create() just copies config params over, it does not do
// a clone for a historic reason. Properties such as resources are lost during this process.
// Exposing a new method in HBaseConfiguration causes confusion. Instead, the new hbase-site.xml
// under test-data directory is added to RegionServer's configuration as a workaround.",temporary fix,"  overrideConfigFileUnderTestDataDir = Paths.get(absoluteDataPath, OVERRIDE_SERVER_CONFIG);
  Files.copy(overrideConfigFile, overrideConfigFileUnderTestDataDir);

  backupConfigFileUnderTestDataDir = Paths.get(absoluteDataPath, BACKUP_SERVER_CONFIG);

  // Add the new custom config file to Configuration
  testUtil.getConfiguration().addResource(testUtil.getDataTestDir(SERVER_CONFIG));
}

protected static void addResourceToRegionServerConfiguration(final HBaseTestingUtil testUtil) {","  for (RegionServerThread rsThread : testUtil.getMiniHBaseCluster().getRegionServerThreads()) {
    rsThread.getRegionServer().getConfiguration()
      .addResource(testUtil.getDataTestDir(SERVER_CONFIG));
  }
}

/**
 * Replace the hbase-site.xml file under this test's data directory with the content of the
 * override-hbase-site.xml file. Stashes the current existing file so that it can be restored
 * using {@link #restoreHBaseSiteXML()}."
287013,73,// TODO(b/207848601): Switch to using proper tooling for testing against golden data.,other,"videoFrameProcessorTestRunner.release();
videoFrameProcessorTestRunner =
    getDefaultFrameProcessorTestRunnerBuilder(testId)
        .setOutputFileLabel(""full4StepRotationBrightnessIncreaseAndCenterCrop"")
        .setEffects(increaseBrightnessFullRotationCenterCrop)
        .build();
videoFrameProcessorTestRunner.processFirstFrameAndEnd();
Bitmap fullRotationBrightnessIncreaseAndCenterCropResultBitmap =
    videoFrameProcessorTestRunner.getOutputBitmap();
","  // TODO(b/207848601): Switch to using proper tooling for testing against golden data.
  float averagePixelAbsoluteDifference =
      getBitmapAveragePixelAbsoluteDifferenceArgb8888(
          centerCropAndBrightnessIncreaseResultBitmap,
          fullRotationBrightnessIncreaseAndCenterCropResultBitmap,
          testId);
  assertThat(averagePixelAbsoluteDifference).isAtMost(MAXIMUM_AVERAGE_PIXEL_ABSOLUTE_DIFFERENCE);
}

@Test"
856742,323,// TODO Auto-generated method stub,requirement,"}

@Override
public void registerOutParameter(String parameterName, int sqlType, int scale) throws SQLException {
    // TODO Auto-generated method stub

}

@Override
public void registerOutParameter(String parameterName, int sqlType, String typeName) throws SQLException {","    // TODO Auto-generated method stub

}

@Override
public void setAsciiStream(String parameterName, InputStream x) throws SQLException {
    // TODO Auto-generated method stub

}
"
726817,230,// Todo: Move this test to SegmentReplicationIndexShardTests so that it runs for both node-node & remote store,refactor,"        for (IndexShard shard : shards) {
            assertConsistentHistoryBetweenTranslogAndLucene(shard);
        }
        final List<DocIdSeqNoAndSource> docsAfterReplication = getDocIdAndSeqNos(shards.getPrimary());
        for (IndexShard shard : shards.getReplicas()) {
            assertThat(shard.routingEntry().toString(), getDocIdAndSeqNos(shard), equalTo(docsAfterReplication));
        }
    }
}
","// Todo: Move this test to SegmentReplicationIndexShardTests so that it runs for both node-node & remote store
public void testSegmentReplication_Index_Update_Delete() throws Exception {
    String mappings = ""{ \"""" + MapperService.SINGLE_MAPPING_NAME + ""\"": { \""properties\"": { \""foo\"": { \""type\"": \""keyword\""} }}}"";
    try (ReplicationGroup shards = createGroup(2, getIndexSettings(), mappings, new NRTReplicationEngineFactory())) {
        shards.startAll();
        final IndexShard primaryShard = shards.getPrimary();

        final int numDocs = randomIntBetween(100, 200);
        for (int i = 0; i < numDocs; i++) {
            shards.index(new IndexRequest(index.getName()).id(String.valueOf(i)).source(""{\""foo\"": \""bar\""}"", MediaTypeRegistry.JSON));"
23823,8,// RandomIndexWriter is too slow here:,code,"    IOUtils.close(r, dir);
}

public void testIndexSimpleShapes() throws Exception {
    IndexWriterConfig iwc = newIndexWriterConfig();
    // Else seeds may not reproduce:
    iwc.setMergeScheduler(new SerialMergeScheduler());
    // Else we can get O(N^2) merging:
    iwc.setMaxBufferedDocs(10);
    Directory dir = newDirectory();","// RandomIndexWriter is too slow here:
IndexWriter w = new IndexWriter(dir, iwc);
final int numDocs = randomIntBetween(10, 1000);
CartesianShapeIndexer indexer = new CartesianShapeIndexer(FIELD_NAME);
for (int id = 0; id < numDocs; id++) {
    Document doc = new Document();
    @SuppressWarnings(""unchecked"")
    Function<Boolean, Geometry> geometryFunc = ESTestCase.randomFrom(
        ShapeTestUtils::randomLine,
        ShapeTestUtils::randomPoint,"
873622,337,"// TODO(b/148169932): There should be another mismatch {found: string, required: number}.",superficial,"    ""  constructor() {"",
    ""    /** @type {number} */ this.x;"",
    ""  }"",
    ""}"",
    """",
    ""function f(/** {x: string} */ a) {"",
    ""  const /** !Foo */ b = a;"",
    ""}""),
TYPE_MISMATCH_WARNING);
","  // TODO(b/148169932): There should be another mismatch {found: string, required: number}.
  this.assertThatRecordedMismatches().hasSize(1);
}

@Test
public void bug_testMismatchRecursively_throughTemplates() {
  testWarning(
      lines(
          ""/**"",
          "" * @interface"","
847457,308,// TODO(https://github.com/apache/beam/issues/20447),requirement," *
 * <p>For more tests see:
 *
 * <p>- {@link org.apache.beam.runners.flink.FlinkRequiresStableInputTest}
 *
 * <p>-{@link org.apache.beam.runners.flink.translation.wrappers.streaming.DoFnOperatorTest}
 *
 * <p>- {@link BufferedElementsTest}
 */
@SuppressWarnings({","  ""rawtypes"" // TODO(https://github.com/apache/beam/issues/20447)
})
public class BufferingDoFnRunnerTest {

  @Test
  public void testRestoreWithoutConcurrentCheckpoints() throws Exception {
    BufferingDoFnRunner bufferingDoFnRunner = createBufferingDoFnRunner(1, Collections.emptyList());
    assertThat(bufferingDoFnRunner.currentStateIndex, is(0));
    assertThat(bufferingDoFnRunner.numCheckpointBuffers, is(2));
  }"
1134559,491,// Ignore exceptions,code,"  notificationLog = insertTxnWriteNotificationLog(TXN_ID, WRITE_ID, DB_NAME, TABLE_NAME);
}

@After
public void tearDown() throws Exception {
  try {
    if (client != null) {
      client.close();
    }
  } catch (Exception e) {","  // Ignore exceptions
} finally {
  client = null;
}
try {
  if (notificationLog != null) {
    objectStore.getPersistenceManager().deletePersistent(notificationLog);
  }
} catch (Exception e) {
  // Ignore exceptions"
203245,60,// THIS FILE IS COPIED FROM APACHE CALCITE,code,"import java.io.File;
import java.io.IOException;
import java.io.Writer;
import java.net.MalformedURLException;
import java.net.URL;
import java.util.ArrayList;
import java.util.HashMap;
import java.util.List;
import java.util.Map;
","// THIS FILE IS COPIED FROM APACHE CALCITE

/**
 * A collection of resources used by tests.
 *
 * <p>Loads files containing test input and output into memory. If there are differences, writes out
 * a log file containing the actual output.
 *
 * <p>Typical usage is as follows. A test case class defines a method
 *"
1342094,655,//TODO: try tu run it in debug flashplayer (?),how to,"        } catch (InterruptedException | IOException | OutOfMemoryError | TranslateException | StackOverflowError ex) {
        }
    }
}
String nFilePath = filePath.substring(0, filePath.length() - 4); //remove .swf
nFilePath += "".recompiled.swf"";

try ( FileOutputStream fos = new FileOutputStream(nFilePath)) {
    swf.saveTo(fos);
}","        //TODO: try tu run it in debug flashplayer (?)
    } catch (Exception ex) {
        fail(""Exception during decompilation: "" + filePath + "":"" + ex.getMessage(), ex);
    }
}

@Override
public String[] getTestDataDirs() {
    return new String[]{TESTDATADIR}; //, FREE_ACTIONSCRIPT_AS2, FREE_ACTIONSCRIPT_AS3};
}"
177539,56,// TODO Test should fail if there are leftover events,requirement,"}

@Override
public Statement apply(final Statement base, org.junit.runner.Description description) {
    return new Statement() {
        @Override
        public void evaluate() throws Throwable {
            // TODO: Ideally clear the queue just before testClass rather then before each method
            clear();
            base.evaluate();","            // TODO Test should fail if there are leftover events
        }
    };
}

public AdminEventRepresentation poll() {
    AdminEventRepresentation event = fetchNextEvent();
    Assert.assertNotNull(""Admin event expected"", event);

    return event;"
1475168,805,// TODO: add ids in the elemnets and check contents using jSoup,requirement,"    assertThat(
            readSingle(doc, ""vector_layers[?(@.id == 'Forests')].fields""),
            allOf(hasEntry(""FID"", ""string""), hasEntry(""NAME"", ""string"")));
    assertThat(readSingle(doc, ""vector_layers[?(@.id == 'Forests')].geometry_type""), equalTo(""polygon""));
}

@Test
public void getDataTilesMetadataHTML() throws Exception {
    String roadSegments = getLayerId(MockData.ROAD_SEGMENTS);
    getAsJSoup(""ogc/tiles/v1/collections/"" + roadSegments + ""/tiles?f=text/html"");","    // TODO: add ids in the elemnets and check contents using jSoup
}

@Test
public void getMapTilesMetadata() throws Exception {
    String roadSegments = getLayerId(MockData.ROAD_SEGMENTS);
    DocumentContext json = getAsJSONPath(""ogc/tiles/v1/collections/"" + roadSegments + ""/map/tiles/EPSG:4326"", 200);

    // check the rendered tiles links
    assertEquals("
256476,69,// TODO: test OuterComposite,requirement," * Model tests for OuterComposite
 */
public class OuterCompositeTest {
    private final OuterComposite model = new OuterComposite();

    /**
     * Model tests for OuterComposite
     */
    @Test
    public void testOuterComposite() {","    // TODO: test OuterComposite
}

/**
 * Test the property 'myNumber'
 */
@Test
public void myNumberTest() {
    // TODO: test myNumber
}"
856789,323,// TODO Auto-generated method stub,requirement,"}

@Override
public boolean wasNull() throws SQLException {
    // TODO Auto-generated method stub
    return false;
}

@Override
public void addBatch() throws SQLException {","    // TODO Auto-generated method stub

}

@Override
public void clearParameters() throws SQLException {
    // TODO Auto-generated method stub

}
"
1502060,822,"// TODO this test is flakey
// The failure appears associated with the 431 BadMessageException being thrown",defect,"    }
}

/*
 * Feed a full header method
 */
@Test
@Tag(""flaky"")
public void testFullMethod() throws Exception
{","
startServer(new HelloHandler());

try (Socket client = newSocket(_serverURI.getHost(), _serverURI.getPort());
     StacklessLogging ignored = new StacklessLogging(HttpConnection.class))
{
    client.setSoTimeout(10000);
    LOG.info(""expect request is too large, then ISE extra data ..."");
    OutputStream os = client.getOutputStream();
"
272501,69,// TODO: test stringProp,requirement,"@Test
void booleanPropTest() {
    // TODO: test booleanProp
}

/**
 * Test the property 'stringProp'
 */
@Test
void stringPropTest() {","    // TODO: test stringProp
}

/**
 * Test the property 'dateProp'
 */
@Test
void datePropTest() {
    // TODO: test dateProp
}"
633638,211,"// inline function cannot be recursive
// note: mutual recursion is not supported either, but it is not tested due to the forward declaration limitation above",skip test,"// inline functions must be declared before they are used
assertThat(assertions.query(
        """"""
        WITH
          FUNCTION a(x integer) RETURNS integer RETURN b(x),
          FUNCTION b(x integer) RETURNS integer RETURN x * 2
        SELECT a(10)
        """"""))
        .failure().hasMessage(""line 2:48: Function 'b' not registered"");
","    assertThat(assertions.query(
            """"""
            WITH FUNCTION a(x integer) RETURNS integer RETURN a(x)
            SELECT a(10)
            """"""))
            .failure().hasMessage(""line 1:6: Recursive language functions are not supported: a(integer):integer"");
}

public static class TestingLanguageEnginePlugin
        implements Plugin"
638230,211,// TODO: Find the maximum column name length in ClickHouse and enable this test.,skip test,"public void testAlterTableAddLongColumnName()
{
    // TODO: Find the maximum column name length in ClickHouse and enable this test.
    abort(""TODO"");
}

@Test
@Override
public void testAlterTableRenameColumnToLongName()
{","    // TODO: Find the maximum column name length in ClickHouse and enable this test.
    abort(""TODO"");
}

@Test
@Override
public void testShowCreateTable()
{
    assertThat(computeActual(""SHOW CREATE TABLE orders"").getOnlyValue())
            .isEqualTo(""CREATE TABLE clickhouse.tpch.orders (\n"" +"
269887,69,// TODO: test ArrayAnyOf,requirement," * Model tests for ArrayAnyOf
 */
public class ArrayAnyOfTest {
    private final ArrayAnyOf model = new ArrayAnyOf();

    /**
     * Model tests for ArrayAnyOf
     */
    @Test
    public void testArrayAnyOf() {","        // TODO: test ArrayAnyOf
    }

}"
912794,374,// todo add some test case to test NaN,requirement,"  List<Row> expectedRecords =
      Lists.newArrayList(Row.of(1, ""iceberg"", 10.0), Row.of(2, ""b"", 20.0), Row.of(3, null, 30.0));
  assertSameElements(expectedRecords, result);
  assertThat(lastScanEvent.filter())
      .as(""Should not push down a filter"")
      .isEqualTo(Expressions.alwaysTrue());
}

@TestTemplate
public void testSqlParseNaN() {","    // todo add some test case to test NaN
  }
}"
602172,189,// FIXME,defect,"@Ignore(""Tomcat is broken on client GOAWAY"")
@Test
public void gracefulShutdown() {}

// FIXME
@Override
@Ignore(""Tomcat is not able to send trailer only"")
@Test
public void specialStatusMessage() {}
","// FIXME
@Override
@Ignore(""Tomcat is not able to send trailer only"")
@Test
public void unimplementedMethod() {}

// FIXME
@Override
@Ignore(""Tomcat is not able to send trailer only"")
@Test"
1529301,874,"/**
 * Other cases: in this case sql parsing is ok, but will lead to NPE, such as #6548, #7504
 */",defect,"public void testInvalidQuery() throws IOException {
    // see https://olapio.atlassian.net/browse/KE-42034
    // Ignored - union_error.sql
    TestScenario scenario = new TestScenario(ExecAndComp.CompareLevel.SAME, JoinType.DEFAULT, false, ""parse-error"",
            0, 0, Collections.singleton(""union_error.sql""));
    AbstractContext context = proposeWithSmartMaster(""newten"", Lists.newArrayList(scenario));
    Map<String, AccelerateInfo> accelerateInfoMap = context.getAccelerateInfoMap();
    accelerateInfoMap.forEach((key, value) -> Assert.assertTrue(value.isFailed() || value.isPending()));
}
","@Test
public void testOtherCases() throws IOException {
    AbstractContext context = proposeWithSmartMaster(""newten"", Lists.newArrayList(new TestScenario(""other_cases"")));
    Map<String, AccelerateInfo> accelerateInfoMap = context.getAccelerateInfoMap();
    accelerateInfoMap.forEach((key, value) -> {
        Assert.assertTrue(value.isPending() || value.isFailed());
    });
}

@Test"
843598,308,// TODO: Should test timer firings: see https://github.com/apache/beam/issues/18084,requirement,"  return StateNamespaces.window(windowFn.windowCoder(), checkNotNull(window));
}

/**
 * Advance the input watermark to the specified time, then advance the output watermark as far as
 * possible.
 */
public void advanceInputWatermark(Instant newInputWatermark) throws Exception {
  timerInternals.advanceInputWatermark(newInputWatermark);
  while (timerInternals.removeNextEventTimer() != null) {","    // TODO: Should test timer firings: see https://github.com/apache/beam/issues/18084
  }
}

/** Advance the processing time to the specified time. */
public void advanceProcessingTime(Instant newProcessingTime) throws Exception {
  timerInternals.advanceProcessingTime(newProcessingTime);
  while (timerInternals.removeNextProcessingTimer() != null) {
    // TODO: Should test timer firings: see https://github.com/apache/beam/issues/18084
  }"
1409710,762,"/**
 * <p>Tests cluster scenario with two nodes trying to write the installation id property in parallel.</p>
 *
 * <p><b>Note:</b> the test is not executed on H2 because it doesn't support the
 * exclusive lock on table.</p>
 */",skip test,"
import org.camunda.bpm.engine.impl.BootstrapEngineCommand;
import org.camunda.bpm.engine.impl.db.sql.DbSqlSessionFactory;
import org.camunda.bpm.engine.impl.interceptor.CommandContext;
import org.camunda.bpm.engine.impl.test.RequiredDatabase;
import org.camunda.bpm.engine.impl.test.TestHelper;
import org.camunda.bpm.engine.test.util.DatabaseHelper;
import org.junit.Before;
import org.junit.Test;
","public class ConcurrentInstallationIdInitializationTest extends ConcurrencyTestCase {

  @Before
  public void setUp() {
    TestHelper.deleteInstallationId(processEngineConfiguration);
  }

  @Test
  @RequiredDatabase(excludes = {DbSqlSessionFactory.H2, DbSqlSessionFactory.MARIADB})
  public void test() throws InterruptedException {"
1359128,700,"// TODO: easy, try reloadClasses false, or explain why it's needed",multi,"    Class<?> exceptionClass = NullPointerException.class;
    assertEquals(exceptionClass, item.getValue().getClass());
    assertEquals(ClassNameUtils.toInternal(exceptionClass), item.getType());

    int[] expectedAddresses = new int[] { 0, 5, 6 };
    VMTester.testVisitation(graph, expectedAddresses);
}

@Test
public void instanceInitializerWorksAsExpected() throws ClassNotFoundException {","// TODO: easy, try reloadClasses false, or explain why it's needed
VirtualMachine vm = VMTester.spawnVM(true);
VirtualClass instanceType = vm.getClassManager().getVirtualClass(CLASS_NAME);
initial.setRegisters(0, new UninitializedInstance(instanceType), CLASS_NAME);
Class<?> virtualClass = vm.getClassLoader().loadClass(CLASS_NAME_BINARY);
ExecutionGraph graph = VMTester.execute(vm, CLASS_NAME, ""<init>()V"", initial);

// Can't simply put instance in the expected state because mutable objects get cloned.
// The object parse at consensus would be different than the initial parse.
HeapItem consensus = graph.getTerminatingRegisterConsensus(0);"
256604,69,// TODO: test map,requirement,"@Test
public void dateTimeTest() {
    // TODO: test dateTime
}

/**
 * Test the property 'map'
 */
@Test
public void mapTest() {","        // TODO: test map
    }

}"
694612,213,// TODO b/64262688 Add Concurrency tests to compare WAL vs DELETE read/write,superficial,"import org.junit.runner.RunWith;

/**
 * Performance tests for typical CRUD operations and loading rows into the Cursor
 *
 * <p>To run: bit CorePerfTests:android.database.SQLiteDatabasePerfTest
 */
@RunWith(AndroidJUnit4.class)
@LargeTest
public class SQLiteDatabasePerfTest {","// TODO b/64262688 Add Concurrency tests to compare WAL vs DELETE read/write
private static final String DB_NAME = ""dbperftest"";
private static final int DEFAULT_DATASET_SIZE = 1000;

@Rule
public PerfStatusReporter mPerfStatusReporter = new PerfStatusReporter();
private SQLiteDatabase mDatabase;
private Context mContext;

@Before"
169363,51,"/**
 * TODO Comment of PersonInfoModel
 *
 * @author tony.chenl
 */",documentation," * Alibaba Company. (""Confidential Information"").  You shall not
 * disclose such Confidential Information and shall use it only in
 * accordance with the terms of the license agreement you entered into
 * with Alibaba.com.
 */
package com.alibaba.json.test.dubbo;

import java.io.Serializable;
import java.util.List;
","public class PersonInfo implements Serializable {
    private static final long serialVersionUID = 7443011149612231882L;

    List<Phone>               phones;

    Phone                     fax;

    FullAddress               fullAddress;

    String                    mobileNo;"
1056188,455,//        abstract void abstractMethod(); todo,requirement,"public class AnExampleClass {
  static int foo = 123;

  public static final String STATIC_FINAL_FIELD = ""STATIC_FINAL_FIELD"";
  public final String nonstaticFinalField = ""nonstaticFinalField"";

  public String normalMethod(String stringArg, int intArg) {
    return ""normalMethod("" + stringArg + "", "" + intArg + "")"";
  }
","  //        abstract void abstractMethod(); todo
}"
530844,144,// todo work out why the actual args fails,defect,"                null);
txManagerOrder.verify(transaction).run(""queryA"", MapValue.EMPTY);
txManagerOrder.verify(statement1).consume(any(ResponseHandler.class), anyLong());

InOrder outputOrder = inOrder(outputEventStream);
outputOrder.verify(outputEventStream).writeStatementStart(statementA, List.of(""c1"", ""c2"", ""c3""));
verifyDefaultResultRows(outputOrder);

outputOrder
        .verify(outputEventStream)","        .writeStatementEnd(any(), any(), any(), any()); // todo work out why the actual args fails
outputOrder
        .verify(outputEventStream)
        .writeTransactionInfo(TransactionNotificationState.OPEN, uriScheme.txCommitUri(123L), 0, null);

txManagerOrder.verify(registry).release(123L, handle);

when(inputEventStream.read()).thenReturn(statementB, NULL_STATEMENT);

// when an additional invocation is triggered it should resume the initial transaction"
611150,198,"// TODO refactor getEngine to use dependency injection, so a mock Engine
// object can be used.",refactor,"public void getEngineThrowsOnNullParameter() {
    assertThrows(IllegalArgumentException.class, () -> SUT.wrapGetEngine(null, null));

    assertThrows(IllegalArgumentException.class, () -> SUT.wrapGetEngine(null, project));

    assertThrows(IllegalArgumentException.class, () -> SUT.wrapGetEngine(request, null));
}

@Test
public void getEngineRegressionTest() throws Exception {","
Engine engine = null;
when(request.getParameter(""engine"")).thenReturn(""{\""hello\"":\""world\""}"");

engine = SUT.wrapGetEngine(request, project);
Assert.assertNotNull(engine);

verify(request, times(1)).getParameter(""engine"");
// JSON configuration doesn't have 'facets' key or 'INCLUDE_DEPENDENT'
// key, so there should be no further action"
260253,69,// TODO: test string,requirement,"@Test
void testFooGetDefaultResponse() {
    // TODO: test FooGetDefaultResponse
}

/**
 * Test the property 'string'
 */
@Test
void stringTest() {","        // TODO: test string
    }

}"
860613,323,"/*
                     * As much as I dislike it, I don't see any easy way around
                     * this hack. The thread is started as the Servlet exits but
                     * we need to wait for the post processing to complete for
                     * the test to work as intended. In real-world applications
                     * this does mean that there is a real chance of an ISE. We
                     * may need to increase this delay for some CI systems.
                     */",multi,"    }
}


private final class NonContainerThread extends Thread {

    @Override
    public void run() {
        if (endTiming == EndTiming.THREAD_COMPLETES_AFTER_SERVLET_EXIT) {
            try {","        sleep(1000);
    } catch (InterruptedException e) {
        // Ignore
    }
}

// Trigger the error if necessary
if (asyncEnd.isError()) {
    try {
        clientDisconnectLatch.await();"
271611,69,// TODO: test deprecatedRef,requirement,"@Test
void idTest() {
    // TODO: test id
}

/**
 * Test the property 'deprecatedRef'
 */
@Test
void deprecatedRefTest() {","    // TODO: test deprecatedRef
}

/**
 * Test the property 'bars'
 */
@Test
void barsTest() {
    // TODO: test bars
}"
265190,69,// TODO: test MapTest,requirement," * Model tests for MapTest
 */
class MapTestTest {
    private final MapTest model = new MapTest();

    /**
     * Model tests for MapTest
     */
    @Test
    void testMapTest() {","    // TODO: test MapTest
}

/**
 * Test the property 'mapMapOfString'
 */
@Test
void mapMapOfStringTest() {
    // TODO: test mapMapOfString
}"
1003713,441,"// This might cause us trouble if Europe/Helsinki changes its rules. See the bug for
// details of the intent of this test.",how to,"        assertEquals(currentOffset, tz.getOffset(new Date(Integer.MIN_VALUE).getTime()));
        assertEquals(currentOffset, tz.getOffset(new Date(Integer.MAX_VALUE).getTime()));
    }
}

// http://code.google.com/p/android/issues/detail?id=16608
public void testHelsinkiOverflow() throws Exception {
    long time = 2147483648000L;// Tue, 19 Jan 2038 03:14:08 GMT
    TimeZone timeZone = TimeZone.getTimeZone(""Europe/Helsinki"");
    long offset = timeZone.getOffset(time);","    assertEquals(7200000, offset);
}

// http://code.google.com/p/android/issues/detail?id=11918
public void testHasSameRules() throws Exception {
    TimeZone denver = TimeZone.getTimeZone(""America/Denver"");
    TimeZone phoenix = TimeZone.getTimeZone(""America/Phoenix"");
    assertFalse(denver.hasSameRules(phoenix));
}
"
258375,69,// TODO: test SpecialModelName,requirement," * Model tests for SpecialModelName
 */
class SpecialModelNameTest {
    private final SpecialModelName model = new SpecialModelName();

    /**
     * Model tests for SpecialModelName
     */
    @Test
    void testSpecialModelName() {","    // TODO: test SpecialModelName
}

/**
 * Test the property '$specialPropertyName'
 */
@Test
void $specialPropertyNameTest() {
    // TODO: test $specialPropertyName
}"
843337,308,// TODO: remove after SAMZA-2761 fix,temporary fix,"public void testPipelineWithAggregation() {
  final List<KV<String, Long>> input =
      new ArrayList<>(
          Arrays.asList(
              KV.of(""apple"", 2L),
              KV.of(""banana"", 5L),
              KV.of(""apple"", 8L),
              KV.of(""grape"", 10L),
              KV.of(""banana"", 5L)));
","// TODO: remove after SAMZA-2761 fix
for (int i = 0; i < 50; i++) {
  input.add(KV.of(""*"", 0L));
}

PCollection<KV<String, Long>> sums =
    pipeline
        .apply(Create.of(input))
        .apply(Filter.by(x -> !x.getKey().equals(""*"")))
        .apply(Sum.longsPerKey());"
99249,15,"// FIXME fusion mode causes hangs
//.assertFusionMode(QueueFuseable.ASYNC)",defect,"})
.doOnNext(new Consumer<GroupedFlowable<Integer, Integer>>() {
    @Override
    public void accept(GroupedFlowable<Integer, Integer> g) {
        g.subscribe(ts1);
    }
})
.subscribe(ts2);

ts1","    .assertFusionMode(QueueFuseable.NONE)
    .assertValues(2, 3, 4, 5, 6, 7, 8, 9, 10, 11)
    .assertNoErrors()
    .assertComplete();

    ts2
    .assertValueCount(1)
    .assertNoErrors()
    .assertComplete();
}"
879389,337,// TODO(b/130682799): C.p_ should not be collapsed,requirement,"        // changing private static field through setter property
        ""C.p = 1;"",
        ""alert?.(C?.p_);"",
        """")),
expected(
    lines(
        ""class C {"",
        ""  /** @param {number} v */"",
        ""  static set p(v) { this.p_ = v; }"",
        ""}"",","              // TODO(b/130682799): C.p_ should not be collapsed
              ""/** @private {number} */"",
              ""var C$p_ = 0;"",
              ""C.p = 1;"",
              ""alert?.(C?.p_);"",
              """")));
}

@Test
public void doNotCollapseAStaticPropertyReadInAStaticMethod() {"
277272,69,// TODO: test property,requirement,"@Test
public void snakeCaseTest() {
    // TODO: test snakeCase
}

/**
 * Test the property 'property'
 */
@Test
public void propertyTest() {","    // TODO: test property
}

/**
 * Test the property '_123number'
 */
@Test
public void _123numberTest() {
    // TODO: test _123number
}"
92394,12,"//TODO: Create MDMangVS2015 Specialization for this problem and then remove ""mstruth = mdtruth""",requirement,"	msTruth = mdTruth;
	demangleAndTest();
}

@Test
public void testFragmentStart_j() throws Exception {
	mangled = ""__t2m@??CArray@@QAEPAVJunk@@XZ"";
	msTruth = ""__t2m@??CArray@@QAEPAVJunk@@XZ"";
	dbTruth = ""[T2M] public: class Junk * __thiscall Array::operator->(void)"";
	mdTruth = dbTruth;","	//TODO: Create MDMangVS2015 Specialization for this problem and then remove ""mstruth = mdtruth""
	msTruth = mdTruth;
	demangleAndTest();
}

@Test
public void testFragmentStart_k() throws Exception {
	mangled = ""__mep@??CArray@@$$FQAEPAVJunk@@XZ"";
	msTruth = ""__mep@??CArray@@$$FQAEPAVJunk@@XZ"";
	dbTruth = ""[MEP] public: class Junk * __thiscall Array::operator->(void)"";"
285299,73,// TODO(b/264974805): Make export output deterministic and check it against dump file.,requirement,"MediaItem mediaItem = MediaItem.fromUri(ASSET_URI_PREFIX + FILE_AUDIO_VIDEO);

transformer.start(mediaItem, outputPath);
transformer.cancel();
Files.delete(Paths.get(outputPath));

// This would throw if the previous export had not been cancelled.
transformer.start(mediaItem, outputPath);
ExportResult exportResult = TransformerTestRunner.runLooper(transformer);
","  // TODO(b/264974805): Make export output deterministic and check it against dump file.
  assertThat(exportResult.exportException).isNull();
}

@Test
public void start_fromSpecifiedThread_completesSuccessfully() throws Exception {
  HandlerThread anotherThread = new HandlerThread(""AnotherThread"");
  anotherThread.start();
  Looper looper = anotherThread.getLooper();
  Transformer transformer ="
317485,78,"/**
 * Invalid assertion usage: somewhere down the call graph a method is used in an assertion that
 * does not return true on all paths and thus may lead to assertion errors without a message in
 * the caller. Specifically assertSth has a return false path that would fire the error in the
 * caller run without a message.
 */",how to,"        assert verifyGraph(graph) : ""Invalid superfluous message"";
    }

    private static boolean verifyGraph(StructuredGraph graph) {
        assert graph.hasLoops() : ""Normal message"";
        return true;
    }

}
","private static final class InvalidCallGraphUsage4 extends TestPhase {
    @Override
    protected void run(StructuredGraph graph) {
        assert assertSth(graph);
        assert assertSth1(graph);
    }

    // invalid assertion method because some paths return false
    private static boolean assertSth(StructuredGraph g) {
        assert g.hasUnsafeAccess() : ""ABCD"";"
1158656,501,// TODO verify that parameters are propagated after https://github.com/langchain4j/langchain4j/issues/1044,dependency,"        .logRequests(true) // verifying manually in the logs for now
        .logResponses(true) // verifying manually in the logs for now
        .build();

// when
ChatResponse chatResponse = chatModel.chat(chatRequest);

// then
assertThat(chatResponse.aiMessage().text()).containsIgnoringCase(""Berlin"");
","    // TODO verify that parameters are propagated after https://github.com/langchain4j/langchain4j/issues/1044
}

@Test
void should_respect_default_common_chat_parameters() {

    // given
    int maxOutputTokens = 3;
    ChatRequestParameters parameters = ChatRequestParameters.builder()
            .maxOutputTokens(maxOutputTokens)"
1169594,541,"// Can't simply `htu.startMiniCluster(options)` because that method waits for the master to
// start completely. However, this test's premise is that a partially started master should
// still respond to a shutdown RPC. So instead, we manage each component lifecycle
// independently.
// I think it's not worth refactoring HTU's helper methods just for this class.",code,"LocalHBaseCluster hbaseCluster = null;
try {
  htu = new HBaseTestingUtil(createMasterShutdownBeforeStartingAnyRegionServerConfiguration());

  // configure a cluster with
  final StartTestingClusterOption options = StartTestingClusterOption.builder().numDataNodes(1)
    .numMasters(1).numRegionServers(0).masterClass(HMaster.class)
    .rsClass(SingleProcessHBaseCluster.MiniHBaseClusterRegionServer.class).createRootDir(true)
    .build();
","htu.startMiniDFSCluster(options.getNumDataNodes());
htu.startMiniZKCluster(options.getNumZkServers());
htu.createRootDir();
hbaseCluster = new LocalHBaseCluster(htu.getConfiguration(), options.getNumMasters(),
  options.getNumRegionServers(), options.getMasterClass(), options.getRsClass());
final MasterThread masterThread = hbaseCluster.getMasters().get(0);

masterThread.start();
// Switching to master registry exacerbated a race in the master bootstrap that can result
// in a lost shutdown command (HBASE-8422, HBASE-23836). The race is essentially because"
73111,12,"// NB. I don't know what uniques, if any, are involved",how to,"}

protected void assertDecodeStep() {
	PcodeRow row = Unique.assertOne(pcodeProvider.pcodeTableModel.getModelData());
	assertEquals(EnumPcodeRow.DECODE, row);
	assertTrue(pcodeProvider.uniqueTableModel.getModelData().isEmpty());
}

protected void assertPopulated() {
	assertFalse(pcodeProvider.pcodeTableModel.getModelData().isEmpty());","	// NB. I don't know what uniques, if any, are involved
}

@Test
public void testEmpty() throws Exception {
	assertEmpty();
}

@Test
public void testCloseCurrentTraceEmpty() throws Exception {"
257540,69,// TODO: test Animal,requirement," * Model tests for Animal
 */
public class AnimalTest {
    private final Animal model = new Animal();

    /**
     * Model tests for Animal
     */
    @Test
    public void testAnimal() {","    // TODO: test Animal
}

/**
 * Test the property 'className'
 */
@Test
public void classNameTest() {
    // TODO: test className
}"
1627994,979,"/* 1) Disable the test on Windows given a misaligned access exception coming from
		 * java.base/java.lang.invoke.MemoryAccessVarHandleBase triggered by CLinker.toCString()
		 * is also captured on OpenJDK/Hotspot.
		 * 2) Disable the test on AIX as Valist is not yet implemented in OpenJDK.
		 */",skip test,"
		VaList vaList = VaList.make(vaListBuilder -> vaListBuilder.vargFromSegment(structLayout, structSegmt1)
				.vargFromSegment(structLayout, structSegmt2), scope);
		double result = (double)mh.invoke(2, vaList);
		Assert.assertEquals(result, 44660.6006D, 0.0001D);
	}
}

@Test
public void test_vprintfFromDefaultLibFromVaList() throws Throwable {","if (!isWinX64 && !isAixOS) {
	Addressable functionSymbol = defaultLibLookup.lookup(""vprintf"").get();
	MethodType mt = MethodType.methodType(int.class, MemoryAddress.class, VaList.class);
	FunctionDescriptor fd = FunctionDescriptor.of(C_INT, C_POINTER, C_POINTER);
	MethodHandle mh = clinker.downcallHandle(functionSymbol, mt, fd);

	try (ResourceScope scope = ResourceScope.newConfinedScope()) {
		MemorySegment formatSegmt = CLinker.toCString(""%d * %d = %d\n"", scope);
		VaList vaList = VaList.make(vaListBuilder -> vaListBuilder.vargFromInt(C_INT, 7)
				.vargFromInt(C_INT, 8)"
265292,69,// TODO: test value,requirement,"@Test
void testOuterObjectWithEnumProperty() {
    // TODO: test OuterObjectWithEnumProperty
}

/**
 * Test the property 'value'
 */
@Test
void valueTest() {","        // TODO: test value
    }

}"
565463,154,"// TODO Check CI log
// logger.debug(""spanChunk dump \noriginal spanChunkBo:{} \ndecode spanChunkBo:{} "", spanChunkBo, decode);",requirement,"
SpanEncodingContext<SpanChunkBo> encodingContext = new SpanEncodingContext<>(spanChunkBo);
Buffer qualifier = wrapBuffer(spanEncoder.encodeSpanChunkQualifier(encodingContext));
Buffer column = wrapBuffer(spanEncoder.encodeSpanChunkColumnValue(encodingContext));

SpanDecodingContext decodingContext = new SpanDecodingContext();
decodingContext.setTransactionId(spanChunkBo.getTransactionId());
decodingContext.setCollectorAcceptedTime(spanChunkBo.getCollectorAcceptTime());

SpanChunkBo decode = (SpanChunkBo) spanDecoder.decode(qualifier, column, decodingContext);","
List<String> notSerializedField = Lists.newArrayList(""endPoint"", ""serviceType"", ""applicationServiceType"");
List<String> excludeField = List.of(""spanEventBoList"", ""localAsyncId"");
notSerializedField.addAll(excludeField);
Assertions.assertThat(decode)
        .usingRecursiveComparison()
        .ignoringFields(notSerializedField.toArray(new String[0]))
        .isEqualTo(spanChunkBo);

"
257556,69,// TODO: test className,requirement,"@Test
public void testCat() {
    // TODO: test Cat
}

/**
 * Test the property 'className'
 */
@Test
public void classNameTest() {","    // TODO: test className
}

/**
 * Test the property 'color'
 */
@Test
public void colorTest() {
    // TODO: test color
}"
278700,69,// TODO: test _return,requirement,"@Test
public void testModelReturn() {
    // TODO: test ModelReturn
}

/**
 * Test the property '_return'
 */
@Test
public void _returnTest() {","        // TODO: test _return
    }

}"
35869,8,"// At this point we only support functions with 0, 1, or 2 arguments.",temporary fix,"private static List<FunctionResolutionStrategy> resolutionStrategies() {
    return asList(FunctionResolutionStrategy.DEFAULT, new FunctionResolutionStrategy() {
    });
}

protected List<FunctionResolutionStrategy> pluggableResolutionStrategies() {
    return resolutionStrategies();
}

private static List<Expression> randomFunctionArgs() {","    // At this point we only support functions with 0, 1, or 2 arguments.
    Supplier<List<Expression>> option = randomFrom(
        asList(
            Collections::emptyList,
            () -> singletonList(randomUnresolvedAttribute()),
            () -> asList(randomUnresolvedAttribute(), randomUnresolvedAttribute())
        )
    );
    return option.get();
}"
