"id","uid","repository_id","repository_directory","text","start_line","end_line","file","comment_hash","commit_hash","is_td","is_random","td_type","note","language","created_at","updated_at"
1244485,c1a41abb470b1639e97589d4b997316d895e765b,620,apache--ignite,"//TODO: Rewrite with dynamic cache creation, and GRID start in #beforeTest after resolve of
//TODO: IGNITE-1094",110,111,modules/indexing/src/test/java/org/apache/ignite/internal/processors/query/IgniteSqlSchemaIndexingTest.java,bd04a3616673003885780c2ae5d34d50d954b47e,"8346282218210e64720c149fc60809550efd4d03",true,true,,,,2025-02-13 23:45:20.702,2025-02-19 22:13:10.799
802838,"761193c2e30ec6ea281509413d2da6acfb120879",285,facebook--buck,"// This is done to ensure that every success type is covered by a test.
// TODO(cjhopman): add test for failed case.",227,228,test/com/facebook/buck/core/build/engine/impl/CachingBuildEngineInitializableFromDiskTest.java,"007c413b5f34e1a31f1eb77191e3e510a74d8494","9c7c421e49f4d92d67321f18c6d1cd90974c77c4",true,true,,,,2025-02-13 21:43:25.109,2025-02-19 22:13:56.164
279188,"1f78850d019de0043700ef751e29c878edfd6978",69,OpenAPITools--openapi-generator,// TODO: test lastName,60,60,samples/server/petstore/java-helidon-server/v3/mp/src/test/java/org/openapitools/server/model/UserTest.java,affc44f34fd1b66d7aaa34d81345e0713d56cb68,"9ed15a1c97321ae74bb395959040c9539c8881a4",true,true,,,,2025-02-13 20:33:52.987,2025-02-19 22:15:27.834
362060,"74bf0b8987e6fa03e757ea387f49cb9c8651c35d",81,openjdk--jdk,// workaround,282,282,test/jdk/jdk/editpad/EditPadTest.java,b710bfd9aac7fee8e0a8c149d4f79a4b38185686,"642816538fbaa5b74c6beb8a14d1738cdde28c10",true,true,,,,2025-02-13 20:59:06.841,2025-02-19 22:15:51.411
575964,ae06b6840120bfcbbd516bd9a39af265f1ef2f3c,159,apache--doris,"/**
 * TODO: enable when window is supported.
 */",762,764,fe/fe-core/src/test/java/org/apache/doris/nereids/rules/rewrite/mv/SelectMvIndexTest.java,"68732b70d0e2a008f334649b3651a15a62740ae3","3c1d7d27269cab0022bc5b293da45dbb6013dff0",true,true,,,,2025-02-13 21:21:37.660,2025-02-19 22:15:33.601
674360,"10a9b90566cc1acf76b1a132c52cb88669c79d65",213,aosp-mirror--platform_frameworks_base,// TODO(b/111889696): Remove the user 0 assumption once we support multi-user,1340,1340,services/tests/servicestests/src/com/android/server/accessibility/AccessibilityManagerServiceTest.java,"0dad5f7c4db3451ff83da3b429e8ef99cda7a0f7","58d256e4c9d5c0eabe880e84ac05f0374c910163",true,true,,,,2025-02-13 21:32:34.679,2025-02-19 22:25:52.226
778176,b6996c6b26b271520f52a2aa5bcbc7ff9d8db940,269,apache--cassandra,"/**
 * Shadows the same method on the superclass as we don't want to join the ring
 * because this test depends on local ranges being null and has done since its
 * introduction.
 * TODO investigate whether this is correct.
 */",50,55,test/unit/org/apache/cassandra/cql3/OutOfSpaceTest.java,"756af32d971f488398cd44f55cf7f35df5ba9453","511bd203144a71bf0a72876a393d186a9778407e",true,true,,,,2025-02-13 21:41:15.422,2025-02-19 22:27:14.844
1326330,"312514ec42ff501c78b1356b8a370d6323307e98",642,microsoft--typespec,// TODO location should not be in PATCH,250,250,packages/http-client-java/generator/http-client-generator-test/src/test/java/azure/resourcemanager/resources/ArmResourceTest.java,"15217864814d8e05799e5cef7bb64d3a1fb03593","087322a773b6400cd90b88d13ac871a10a8843da",true,true,,,,2025-02-13 23:50:52.803,2025-02-19 22:27:25.166
558646,"8473ddbc3a5df4f6f1027930a8bfb357910340d9",149,apache--druid,"// Doesn't work in MSQ, although it's not really MSQ's fault. In MSQ, the second field (foo2.dim3) is returned as
// the string ""[a, b]"" because it gets run through DimensionHandlerUtils.convertObjectToString in
// IndexedTableDimensionSelector. In native, this doesn't happen, because we don't have as much type information,
// and we end up using IndexedTableColumnValueSelector instead. This is really a problem with
// IndexedTableColumnSelectorFactory: it assumes strings are not multi-valued, even though they might be.",5190,5194,sql/src/test/java/org/apache/druid/sql/calcite/CalciteJoinQueryTest.java,"44812b3cbe392a36af3f4d913c1a282142a980eb","58f31b821fe9802ba73f7bbc3234c629ad73f299",true,true,,review,,2025-02-13 21:19:59.601,2025-02-19 22:28:17.492
278630,b78f997e948e9b75080fb4bbd4d5c1613acd74fc,69,OpenAPITools--openapi-generator,// TODO: test ClassModel,28,28,samples/server/petstore/java-helidon-server/v3/se/src/test/java/org/openapitools/server/model/ClassModelTest.java,"425ed14feaca779ec60ca2113972c6da0f8d841a","9ed15a1c97321ae74bb395959040c9539c8881a4",true,true,,,,2025-02-13 20:33:50.545,2025-02-19 22:29:44.960
277816,"667ddabcf28e5781f4d209f4c3d193361078fd9b",69,OpenAPITools--openapi-generator,// TODO: test dateTime,49,49,samples/server/petstore/java-helidon-server/v4/se/src/test/java/org/openapitools/server/model/MixedPropertiesAndAdditionalPropertiesClassTest.java,"930befda390ce67c5335140b5ade9ee67322359e","9ed15a1c97321ae74bb395959040c9539c8881a4",true,true,,,,2025-02-13 20:33:47.004,2025-02-19 22:30:48.018
166232,"8b35d64bca4f557ad2050c4dea1240972db83d4e",47,alibaba--druid,// TODO Auto-generated method stub,572,572,core/src/test/java/com/alibaba/druid/test/util/OracleMockConnection.java,"038a43c1105ae180e421785294590ea20ba10ce7",b043fd17d6ee8de16dd395e2476620fbd66a31e8,true,true,,,,2025-02-13 20:24:33.862,2025-02-19 22:31:01.508
260253,"49d8b8cf950f32b241f5e19401d9c9c88ac696d0",69,OpenAPITools--openapi-generator,// TODO: test string,45,45,samples/client/petstore/java/resteasy/src/test/java/org/openapitools/client/model/FooGetDefaultResponseTest.java,"618dd5b1c6673fba8749420fd1c642aa297a7115","9ed15a1c97321ae74bb395959040c9539c8881a4",true,true,,,,2025-02-13 20:32:44.190,2025-02-19 22:32:49.768
265622,"6b3f6d8cd56250057c9ad584d1c38e7a1b6e4d97",69,OpenAPITools--openapi-generator,// TODO: test validations,45,45,samples/client/petstore/java/restclient-useSingleRequestParameter/src/test/java/org/openapitools/client/api/StoreApiTest.java,"79f4bab34576d036cd7d221fbc4f385f571b4181","9ed15a1c97321ae74bb395959040c9539c8881a4",true,true,,,,2025-02-13 20:33:03.725,2025-02-19 22:33:42.223
911326,"4601cfde5ac1d5bce1382ff7bf368c54fb12340a",374,apache--iceberg,"// currently spark session catalog only resolve to v1 functions instead of desired v2 functions
// https://github.com/apache/spark/blob/branch-3.4/sql/catalyst/src/main/scala/org/apache/spark/sql/catalyst/analysis/Analyzer.scala#L2070-L2083",459,460,spark/v3.5/spark-extensions/src/test/java/org/apache/iceberg/spark/extensions/TestRewriteDataFilesProcedure.java,"7967f7babd11b95a4e47719f456aabd79808dd97","31e9dc768cef47df5eb007577f25ef3bbff86f61",true,true,,review,,2025-02-13 21:53:36.159,2025-02-19 22:36:00.259
274102,e4d5278cd7f52f3374590558d38a5c34051500b3,69,OpenAPITools--openapi-generator,// TODO: test type,51,51,samples/client/petstore/java/restclient/src/test/java/org/openapitools/client/model/ParentWithNullableTest.java,e18dd928d23876d8947a37181b8aafa3168dff52,"9ed15a1c97321ae74bb395959040c9539c8881a4",true,true,,,,2025-02-13 20:33:33.654,2025-02-19 22:36:40.376
860613,"7832c6172d9c8e02ba136074c64fc529fd29b52b",323,apache--tomcat,"/*
                     * As much as I dislike it, I don't see any easy way around
                     * this hack. The thread is started as the Servlet exits but
                     * we need to wait for the post processing to complete for
                     * the test to work as intended. In real-world applications
                     * this does mean that there is a real chance of an ISE. We
                     * may need to increase this delay for some CI systems.
                     */",208,215,test/org/apache/catalina/core/TestAsyncContextStateChanges.java,e21f99afb0e49026dd47e728aa1e09cbcb039935,"3d58c3ac70beb21588b120d21ff5c075801ca31e",true,true,,,,2025-02-13 21:48:48.367,2025-02-19 22:38:25.972
1138685,"67f2ca40e6936f76eaae21dd5eb90f5eb301a6b6",491,apache--hive,//TODO: HIVE-28044: Replication tests to run on Tez,196,196,itests/hive-unit/src/test/java/org/apache/hadoop/hive/ql/parse/TestReplicationScenarios.java,"69a391e7ae7cdef6a54610d0b4d7e8986ca2a7cd",b914b6a29ba0b1fab5e64034ee289e2deaa1a844,true,true,,,,2025-02-13 22:32:28.546,2025-02-19 22:42:17.518
854908,"186d7465bddfcc103e4c0676256da348a8ef8121",315,pentaho--pentaho-kettle,"// TODO assertTrue(!set.isEmpty());
// TODO assertTrue(set.isFull());",107,108,core/src/test/java/org/pentaho/di/core/RowSetTest.java,"34ef302b01ee5fa2d95f7acf1ec7c9b073b84eea",db5f39cc7d9f6223ef20e6da5102d5910e91af27,true,true,,,,2025-02-13 21:48:16.539,2025-02-19 22:45:09.738
277362,"5de1714b139eaff8cd87cf82fd6b1d8b90ad5f93",69,OpenAPITools--openapi-generator,// TODO: test capitalCamel,44,44,samples/server/petstore/java-helidon-server/v4/se-uac/src/test/java/org/openapitools/server/model/CapitalizationTest.java,"1beacfe9f5db601270292dce2bb5de85592ada53","9ed15a1c97321ae74bb395959040c9539c8881a4",true,true,,,,2025-02-13 20:33:45.379,2025-02-19 22:46:50.790
443779,"18ee78134e51bbe876e550b24bf5da17cafa4e90",128,apache--hadoop,"/**
 * Note that {@link java.net.Socket#setSendBufferSize(int)} is only a hint.
 * If this test is flaky it should be ignored.  See HADOOP-13351.
 */",56,59,hadoop-hdfs-project/hadoop-hdfs/src/test/java/org/apache/hadoop/hdfs/TestDFSClientSocketSize.java,eb264da0fe6cc1280a37ab619e5277bd91203517,"8424c155f11049e2d5a92b7f8d63d4c67d2eaaa6",true,true,,,,2025-02-13 21:09:14.748,2025-02-19 22:56:09.248
981147,"2e61cd1ab9a7b7ace66441341037269395101c10",435,hibernate--hibernate-orm,//TODO: upsert() with IDENTITY not working on SQL Server,40,40,hibernate-core/src/test/java/org/hibernate/orm/test/stateless/StatelessSessionVersioningTest.java,eb8a76a47e178bde290bd205085a52f3152925ff,ff5fa10867d82d78002746faba4665e1a420bf0f,true,true,,,,2025-02-13 21:59:43.985,2025-02-19 22:59:11.735
641304,"180bd9b8a36e47ec3adb0c03a65abf69c4f18d6f",211,trinodb--trino,//TODO: Fix https://github.com/trinodb/trino/issues/23941,253,253,plugin/trino-iceberg/src/test/java/io/trino/plugin/iceberg/catalog/rest/TestIcebergPolarisCatalogConnectorSmokeTest.java,"86fa514aac684ccac2946116deb2b53156a2327f",b89da7e651fea169443b1aaedb0c406744fe2cff,true,true,,,,2025-02-13 21:28:18.541,2025-02-19 23:38:24.666
1189144,"0d6143fbfcd899d4aaa3654e9b807f09fd1b0d3a",541,apache--hbase,"/**
 * Just a dummy exception for testing IPCUtil.isFatalConnectionException.
 */",20,22,hbase-client/src/test/java/org/apache/hadoop/hbase/ipc/DummyException.java,"9f8107dc0bd1420d079462a1327c910c241b1d7d","821f1b0d494b5ef850eae4b9a1a21c53dd4d2763",true,true,,,,2025-02-13 23:36:13.471,2025-02-19 23:43:47.604
15995,f9b33ff32efc2bac38215ad1dec0f36effcb3361,8,elastic--elasticsearch,// TODO: remove this if branch when removing the 'index_recovery_use_synthetic_source' feature flag,493,493,server/src/test/java/org/elasticsearch/index/mapper/SourceFieldMapperTests.java,"2f641082ccdc7d135a7cea17ab17c3a713dffe54","3d457ef84ebf5d3ee0fd09339fbc3373ed5beb3c",true,true,,,,2025-02-13 20:11:37.251,2025-02-20 03:22:00.506
33041,a298b393f5f8e01c3a14c656aa7e2b3f65ecc42b,8,elastic--elasticsearch,// Short circuit signature validation to be always successful since this test class does not test it,415,415,x-pack/plugin/security/src/test/java/org/elasticsearch/xpack/security/authc/jwt/JwtAuthenticatorTests.java,"667ca3d2fd38a9f6951c01f42b71eb3851e7bf84","3d457ef84ebf5d3ee0fd09339fbc3373ed5beb3c",true,true,,review,,2025-02-13 20:12:36.325,2025-02-20 03:07:09.767
92723,"2badd0ad6b7fbe5404fd2c2d75cdd8b8266dc9b6",12,NationalSecurityAgency--ghidra,"//Seems like a pattern where they truncate the symbol and append a 32-character (128-bit) hash code on the end instead.  Not sure what/how we
// should deal with this (and potentially others--this came from Windows 7): give partial results?  By running with parse info output, we can
// see that it is a series of nested templates to start, which cuts off during a deep nesting.",11796,11798,Ghidra/Features/MicrosoftDmang/src/test/java/mdemangler/MDMangBaseTest.java,"6345f48f832e92e4c02badc3687a0f278a16c46b",db1b6860c9bbe8b659704cb3909c0bf54359fb7d,true,true,,,,2025-02-13 20:17:31.431,2025-02-20 06:52:17.710
93828,f562bc3dc9e99f33b3cbc6163f4941e14ff08d08,12,NationalSecurityAgency--ghidra,"/**
 * The tests are touchy about anything being printed on stderr, because that's usually where
 * Python stack traces go that otherwise are ignored. Unfortunately, GDB also emits some
 * warnings there, and these are more common in containers where permissions and resources are
 * more restricted. Thus, we add some commands here to disable the features that commonly cause
 * these warnings: Leave ASLR alone, and don't try to display source code.
 */",58,64,Ghidra/Test/DebuggerIntegrationTest/src/test.slow/java/agent/gdb/rmi/AbstractGdbTraceRmiTest.java,d40e26668f3167cdd13e6884d6f8040897c06e51,db1b6860c9bbe8b659704cb3909c0bf54359fb7d,true,true,,,,2025-02-13 20:17:34.768,2025-02-19 21:39:14.047
95324,"8f70ac0de28e9af597e7ddf7c946604556236f10",12,NationalSecurityAgency--ghidra,"//	public void testDisassemblerMidBlockOverlapWithProgramAndConflictPreservation()
//			throws Exception {
//		// TODO: having difficult time coming up with valid test case
//	}

//	public void testDisassemblerMidBlockOverlapWithProgramAndConflictDetection() throws Exception {
//		// TODO: having difficult time coming up with valid test case
//	}

//
// TEST BAD PARSE CASES
//",1040,1051,Ghidra/Test/IntegrationTest/src/test.slow/java/ghidra/program/disassemble/DisassemblerTest.java,"9ecce559c70bdca4fe531a2c946d1d37488b8a70",db1b6860c9bbe8b659704cb3909c0bf54359fb7d,true,true,,,,2025-02-13 20:17:39.494,2025-02-20 03:22:47.101
100481,dcdca866d491f75b1ed67e8ac202608d4123ef7c,16,skylot--jadx,"// TODO: update dependencies?
// assertThat(aCls.getDependencies()).contains(cCls);
// assertThat(cCls.getUsedIn()).contains(aCls);",51,53,jadx-core/src/test/java/jadx/tests/integration/inline/TestMethodInline.java,"8d08b95be44d43055bcfc23c70326c954aa95a7b",bf58f03405c99cb73654a686dd95f3c8522581af,true,true,,,,2025-02-13 20:18:10.206,2025-02-19 22:47:07.832
104603,"20699e1de21fbf0f4511615284af6d4350fbc13e",19,apache--dubbo,// TODO assert error log,83,83,dubbo-cluster/src/test/java/org/apache/dubbo/rpc/cluster/support/FailSafeClusterInvokerTest.java,c8b77aeb0d8966d160061d689e38aa27f7048cb6,bc729afcf02555e65b5e601c908b966fadd8a036,true,true,,,,2025-02-13 20:18:42.833,2025-02-20 06:39:11.995
166327,"69ea50b0f8d735d4e03894a13e031b776a273c0c",47,alibaba--druid,// TODO Auto-generated method stub,245,245,core/src/test/java/com/alibaba/druid/test/util/OracleMockPreparedStatement.java,"038a43c1105ae180e421785294590ea20ba10ce7",b043fd17d6ee8de16dd395e2476620fbd66a31e8,true,true,,,,2025-02-13 20:24:34.123,2025-02-18 21:28:17.669
181062,"3412f8d8a744e420b96bf1f69fd883077e343676",56,keycloak--keycloak,"// The following check is not valid anymore since file store does have the same ID, and is redundant due to the previous line
// Assert.assertNotEquals(""test-user@localhost"", refreshedToken.getSubject());",2148,2149,testsuite/integration-arquillian/tests/base/src/test/java/org/keycloak/testsuite/oauth/RefreshTokenTest.java,bd5a520b87b104b1d5fa575593f6f24d0520023f,"7e5540896bbbafc02234b6ea2b15215dc24cb972",true,true,,review,,2025-02-13 20:26:12.736,2025-02-20 03:45:06.456
196421,"64f2e58e5af943bbff99512dad743d004d7019d4",60,apache--flink,"/**
 * This test only fails eventually.
 */",927,927,flink-runtime/src/test/java/org/apache/flink/runtime/checkpoint/CheckpointCoordinatorTriggeringTest.java,f10a28f572d8645d79c05430eccf934129fbc7af,"24f18975c7205ec3b58e2fb8dca048fa2b6a4721",true,true,,review,,2025-02-13 20:27:44.843,2025-02-20 06:49:15.325
251553,fcf82814c7f6d853281cd320bcce2e664dd9d9e9,69,OpenAPITools--openapi-generator,// TODO: test name,53,53,samples/client/petstore/java/resttemplate-swagger2/src/test/java/org/openapitools/client/model/TagTest.java,"25af9fd065ae560a2089b975d736ecc32b833ca2","9ed15a1c97321ae74bb395959040c9539c8881a4",true,true,,,,2025-02-13 20:32:10.403,2025-02-20 03:53:27.515
253538,"2d04ffe1bd423e53ccefa32637fb472b8182011d",69,OpenAPITools--openapi-generator,// TODO: test AdditionalPropertiesInteger,38,38,samples/client/petstore/java/rest-assured-jackson/src/test/java/org/openapitools/client/model/AdditionalPropertiesIntegerTest.java,"47e15ecdeec6cc0f5210a140d2ce76547647cf78","9ed15a1c97321ae74bb395959040c9539c8881a4",true,true,,,,2025-02-13 20:32:18.019,2025-02-18 20:54:27.164
249542,"4c10c83e6bac31afe2715440130276f6ef701695",69,OpenAPITools--openapi-generator,// TODO - assign values to the input arguments.,357,357,samples/client/petstore/java-helidon-client/v4/se/src/test/java/org/openapitools/client/api/FakeApiTest.java,"342e6513e258471fdfba7aaa013723b8cd41cd9f","9ed15a1c97321ae74bb395959040c9539c8881a4",true,true,,,,2025-02-13 20:32:05.718,2025-02-19 20:38:38.955
258135,e87dbc637627eb2dc49ecfb12d650d64edcb307b,69,OpenAPITools--openapi-generator,// TODO: test ClassModel,36,36,samples/client/petstore/java/webclient-useSingleRequestParameter/src/test/java/org/openapitools/client/model/ClassModelTest.java,"425ed14feaca779ec60ca2113972c6da0f8d841a","9ed15a1c97321ae74bb395959040c9539c8881a4",true,true,,,,2025-02-13 20:32:36.752,2025-02-19 22:09:43.587
258375,d4c28422b99865c41de83647cde062c8bc324f7e,69,OpenAPITools--openapi-generator,// TODO: test SpecialModelName,36,36,samples/client/petstore/java/webclient-useSingleRequestParameter/src/test/java/org/openapitools/client/model/SpecialModelNameTest.java,"875407d1efa40bfbbab0ba0f491fb54a41c2bec2","9ed15a1c97321ae74bb395959040c9539c8881a4",true,true,,,,2025-02-13 20:32:37.569,2025-02-20 03:22:52.855
258707,d1d28fdb1ca31ba6ca1373290cd78cee1066f36f,69,OpenAPITools--openapi-generator,// TODO: test name,47,47,samples/client/petstore/java/rest-assured/src/test/java/org/openapitools/client/model/AdditionalPropertiesObjectTest.java,"25af9fd065ae560a2089b975d736ecc32b833ca2","9ed15a1c97321ae74bb395959040c9539c8881a4",true,true,,,,2025-02-13 20:32:38.435,2025-02-20 06:48:12.882
260279,"96b1a5167d47e365d4f4b6beb3b4c39f13089dfc",69,OpenAPITools--openapi-generator,"//
//String orderId = null;
//
//api.deleteOrder(orderId);

// TODO: test validations",46,51,samples/client/petstore/java/resteasy/src/test/java/org/openapitools/client/api/StoreApiTest.java,"8bd261f56e37b188859a85d62882002f49e0c0b9","9ed15a1c97321ae74bb395959040c9539c8881a4",true,true,,,,2025-02-13 20:32:44.255,2025-02-20 04:05:27.127
261296,"8e562371f6701cd9d0b7eea5094968a36847da2f",69,OpenAPITools--openapi-generator,// TODO: test status,78,78,samples/client/petstore/java/restclient-swagger2/src/test/java/org/openapitools/client/model/OrderTest.java,"7ec0a38daa71964e9948c3248115db22a0054dc9","9ed15a1c97321ae74bb395959040c9539c8881a4",true,true,,,,2025-02-13 20:32:49.161,2025-02-20 06:53:22.448
265292,"324a90c4446cd2ba2f9f9faace4138376d0b4111",69,OpenAPITools--openapi-generator,// TODO: test value,45,45,samples/client/petstore/java/restclient-useSingleRequestParameter/src/test/java/org/openapitools/client/model/OuterObjectWithEnumPropertyTest.java,"955fbff3bd1ae003d8b2f397dd101f636a813af8","9ed15a1c97321ae74bb395959040c9539c8881a4",true,true,,,,2025-02-13 20:33:02.605,2025-02-20 06:49:13.840
265330,b0728feda37a6cf84f82292ba18b0fd013fe98e8,69,OpenAPITools--openapi-generator,// TODO: test OuterComposite,37,37,samples/client/petstore/java/restclient-useSingleRequestParameter/src/test/java/org/openapitools/client/model/OuterCompositeTest.java,"1a5643b1f95329ce4381daab33bcbf6da88ba163","9ed15a1c97321ae74bb395959040c9539c8881a4",true,true,,,,2025-02-13 20:33:02.741,2025-02-19 21:25:03.056
268462,"4ad49809b01080041a1f5c3ed0486716a6704df5",69,OpenAPITools--openapi-generator,// TODO: test prefixInteger,153,153,samples/client/petstore/java/retrofit2rx2/src/test/java/org/openapitools/client/model/XmlItemTest.java,"4e1068b9e59d55a38f7791f9a01a9e68d3873095","9ed15a1c97321ae74bb395959040c9539c8881a4",true,true,,,,2025-02-13 20:33:12.244,2025-02-20 06:46:10.670
269803,"2398d82dd8319d9306bb27722227c6159060a7ab",69,OpenAPITools--openapi-generator,// TODO: test status,89,89,samples/client/petstore/java/okhttp-gson/src/test/java/org/openapitools/client/model/PetWithRequiredTagsTest.java,"7ec0a38daa71964e9948c3248115db22a0054dc9","9ed15a1c97321ae74bb395959040c9539c8881a4",true,true,,,,2025-02-13 20:33:18.093,2025-02-20 03:20:48.366
272433,"73379d198c43926a62a045f481204cf0432569d9",69,OpenAPITools--openapi-generator,// TODO: test firstName,60,60,samples/client/petstore/java/webclient/src/test/java/org/openapitools/client/model/UserTest.java,"5e52c649910fce5005c1ab68e5d5e881823382c8","9ed15a1c97321ae74bb395959040c9539c8881a4",true,true,,,,2025-02-13 20:33:27.796,2025-02-19 22:41:43.294
275154,c1b694c7005514a2af18e56cc5c56b9d9e96ca02,69,OpenAPITools--openapi-generator,// TODO: test outcomes,55,55,samples/client/echo_api/java/apache-httpclient/src/test/java/org/openapitools/client/model/QueryTest.java,"84b72a133a98a63e3b7bab02e2dc8fd80cb0eb11","9ed15a1c97321ae74bb395959040c9539c8881a4",true,true,,,,2025-02-13 20:33:37.219,2025-02-18 23:00:05.267
278758,"6fbca012fe24a7ca9ac2b4f53dd63fc9cc12f899",69,OpenAPITools--openapi-generator,// TODO: test OuterEnumDefaultValue,26,26,samples/server/petstore/java-helidon-server/v3/se/src/test/java/org/openapitools/server/model/OuterEnumDefaultValueTest.java,af17394329d15394178494f25d897f795c7d414c,"9ed15a1c97321ae74bb395959040c9539c8881a4",true,true,,,,2025-02-13 20:33:51.332,2025-02-19 21:08:28.515
309604,"385eae668d68f68ecbcff16efb8f7f92aac863d1",78,oracle--graal,"/*
                             * Nothing concrete to check here, since FP80 potentially doesn't fit in
                             * any numeric interop type.
                             */",173,176,truffle/src/com.oracle.truffle.nfi.test/src/com/oracle/truffle/nfi/test/NumericNFITest.java,db4612cfb4073f3de4f99d000f09d6dfb1d2427b,"009a6f93e563afb1d110b42dc5951b3d6b4156f8",true,true,,,,2025-02-13 20:36:53.531,2025-02-20 04:14:39.748
435141,"322b0394bd1058ed659fdd97dfb4391dd7aed658",128,apache--hadoop,"// Ignore the following tests because taking a lease requires a real
// (not mock) file system store. These tests don't work on the mock.",36,37,hadoop-tools/hadoop-azure/src/test/java/org/apache/hadoop/fs/azure/TestNativeAzureFileSystemMocked.java,"76719fe8b779167267e8a6392e541114c4e1dbf6","8424c155f11049e2d5a92b7f8d63d4c67d2eaaa6",true,true,,,,2025-02-13 21:08:41.735,2025-02-18 20:02:35.892
546934,e9bc73e599f0c3db03287c3b658eae211329b217,149,apache--druid,"// This is disabled since OverlordResource.getTaskStatus() is annotated with TaskResourceFilter which is supposed to
// set authorization token properly, but isn't called in this test.
// This should be fixed in https://github.com/apache/druid/issues/6685.
// expectAuthorizationTokenCheck();",995,998,indexing-service/src/test/java/org/apache/druid/indexing/overlord/http/OverlordResourceTest.java,"58a6769a5ec04262778ed941e2ff041166595337","58f31b821fe9802ba73f7bbc3234c629ad73f299",true,true,,,,2025-02-13 21:19:14.544,2025-02-18 21:12:08.374
586649,f8004c63bfe39fa3b0c55671f74139859087a318,167,languagetool-org--languagetool,"//TODO: бек, бег, ага, паша, хан
//    TestTools.myAssert(""Каладжі-ага"", """", tokenizer, tagger);",479,480,languagetool-language-modules/uk/src/test/java/org/languagetool/tagging/uk/UkrainianTaggerTest.java,bac4cf66864a295a7a30dcd2054bd27cd189256f,a611c39ca0e3ee34ceb4f95bfc387aa9755566c8,true,true,,,,2025-02-13 21:22:40.563,2025-02-20 04:14:13.644
647576,"1137eb0ebaa70f259ea7aa6ac707139deecb41f8",213,aosp-mirror--platform_frameworks_base,// this is old test where the flag needs to be disabled,256,256,services/tests/mockingservicestests/src/com/android/server/RescuePartyTest.java,"9f1978afcdbc36f34d748ac6c239877181b84531","58d256e4c9d5c0eabe880e84ac05f0374c910163",true,true,,review,,2025-02-13 21:31:04.951,2025-02-20 04:02:42.615
847457,eb78defe3cf5646903fe50a19c026c957aa6b609,308,apache--beam,// TODO(https://github.com/apache/beam/issues/20447),51,51,runners/flink/src/test/java/org/apache/beam/runners/flink/translation/wrappers/streaming/stableinput/BufferingDoFnRunnerTest.java,"1056c54485d81d96bde80a16a3cc8bed6ffd6a96","2b18c28132630689639a308dcc30da1441fd65ae",true,true,,,,2025-02-13 21:47:34.924,2025-02-20 03:53:53.373
912794,c913d28c75a77be362c837d751e19b942dd6b2d2,374,apache--iceberg,// todo add some test case to test NaN,559,559,flink/v1.20/flink/src/test/java/org/apache/iceberg/flink/source/TestFlinkTableSource.java,"116304168bde14de45dffea1f9d5f4585ddb2930","31e9dc768cef47df5eb007577f25ef3bbff86f61",true,true,,,,2025-02-13 21:53:39.861,2025-02-20 06:40:55.060
964186,"970d9abda5fe199ceb913932f1dce7e397f7b923",435,hibernate--hibernate-orm,"// todo (6.0) : fix for Oracle see HHH-13432
//		integrationSettings.put( AvailableSettings.HQL_BULK_ID_STRATEGY, new MultiTableBulkIdStrategyStub() );",330,331,hibernate-core/src/test/java/org/hibernate/orm/test/bootstrap/jpa/PersistenceUnitOverridesTests.java,b45254b7c47dc0281884bf1fb385db52a0901b83,ff5fa10867d82d78002746faba4665e1a420bf0f,true,true,,,,2025-02-13 21:58:48.193,2025-02-20 06:56:04.161
977196,b061e394f1ccd4c4b01136438dfb70ae3c3e84e0,435,hibernate--hibernate-orm,"/**
 * TODO : javadoc
 *
 * @author Steve Ebersole
 */",17,21,hibernate-core/src/test/java/org/hibernate/orm/test/annotations/quote/resultsetmappings/MyEntity.java,"7419e56d8d2dda1cf97d7dbe2a9ce26f52896b2b",ff5fa10867d82d78002746faba4665e1a420bf0f,true,true,,,,2025-02-13 21:59:30.700,2025-02-20 06:36:55.769
991320,"6ca5ad8ddc1ff6fd2b8cbb0929f7f389e5c3aa07",441,google--j2objc,"//      This is not interesting anymore as the data is already built
//      beforehand

//        check build
//        UnicodeSet ss = CanonicalIterator.getSafeStart();
//        logln(""Safe Start: "" + ss.toPattern(true));
//        ss = CanonicalIterator.getStarts('a');
//        expectEqual(""Characters with 'a' at the start of their decomposition: "", """", CanonicalIterator.getStarts('a'),
//            new UnicodeSet(""[\u00E0-\u00E5\u0101\u0103\u0105\u01CE\u01DF\u01E1\u01FB""
//            + ""\u0201\u0203\u0227\u1E01\u1EA1\u1EA3\u1EA5\u1EA7\u1EA9\u1EAB\u1EAD\u1EAF\u1EB1\u1EB3\u1EB5\u1EB7]"")
//                );

// check permute
// NOTE: we use a TreeSet below to sort the output, which is not guaranteed to be sorted!",121,134,jre_emul/android/platform/external/icu/android_icu4j/src/main/tests/android/icu/dev/test/normalizer/TestCanonicalIterator.java,"92598e72a5cf47f2e9a09ad1b22b19a24a4df5b5","3664859a54dbe07905b2789cf06318c5b390e92f",true,true,,,,2025-02-13 22:01:28.717,2025-02-18 08:03:23.328
1022634,f16e4c746982aab73ae2d3d6dfc0eca086ab82cf,441,google--j2objc,"//TODO(b/265202484): fix JavaLangClassCastException: Cannot cast object of
// type OrgApacheHarmonyXmlDomEntityReferenceImpl to OrgW3cDomText
// public void testSetEntityResolver() {
//     // Ordinary case
//     InputStream source = new ByteArrayInputStream(""<a>&foo;</a>"".getBytes());
//     InputStream entity = new ByteArrayInputStream(""bar"".getBytes());

//     MockResolver resolver = new MockResolver();
//     resolver.addEntity(""foo"", ""foo"", new InputSource(entity));

//     Document d;

//     try {
//         db = dbf.newDocumentBuilder();
//         db.setEntityResolver(resolver);
//         d = db.parse(source);
//     } catch (Exception e) {
//         throw new RuntimeException(""Unexpected exception"", e);
//     }

//     Element root = (Element)d.getElementsByTagName(""a"").item(0);
//     assertEquals(""bar"", ((Text)root.getFirstChild()).getData());

//     // null case
//     source = new ByteArrayInputStream(""<a>&foo;</a>"".getBytes());

//     try {
//         db = dbf.newDocumentBuilder();
//         db.setEntityResolver(null);
//         d = db.parse(source);
//     } catch (Exception e) {
//         throw new RuntimeException(""Unexpected exception"", e);
//     }

//     root = (Element)d.getElementsByTagName(""a"").item(0);
//     assertEquals(""foo"", ((EntityReference)root.getFirstChild()).getNodeName());
// }",605,641,jre_emul/android/platform/libcore/harmony-tests/src/test/java/org/apache/harmony/tests/javax/xml/parsers/DocumentBuilderTest.java,"4158c0892e674ecbdce6622cf0dc1ade05846ac5","3664859a54dbe07905b2789cf06318c5b390e92f",true,true,,,,2025-02-13 22:03:11.604,2025-02-18 04:57:30.674
1081500,dec89c8cfff8e4b888da4b87c74336ed24dde1f0,478,apache--camel,"// this is a bit of a hack, since we don't implement generations.",487,487,components/camel-google/camel-google-storage/src/test/java/org/apache/camel/component/google/storage/localstorage/FakeStorageRpc.java,"0e014f065c9088a7fb5156ea690aa7c45e159814","0f00efcd0e3ad9149092e315faea2ed4f2b2dde5",true,true,,,,2025-02-13 22:25:58.101,2025-02-20 04:00:03.303
1186079,"0f945e0bab7e954e4c641c68ca8194d98ac39f65",541,apache--hbase,// TODO: use sft.load() api here,335,335,hbase-server/src/test/java/org/apache/hadoop/hbase/mob/TestMobStoreCompaction.java,"22ae92f3863823ebb097600561fca7bee24c8781","821f1b0d494b5ef850eae4b9a1a21c53dd4d2763",true,true,,,,2025-02-13 23:35:59.815,2025-02-20 03:39:00.696
1206419,"670dc03bfe6022fe051add0459d3c9002e5e90d7",570,apache--nifi,"// Ignore this error, probably a ""table does not exist"" since Derby doesn't yet support DROP IF EXISTS [DERBY-4842]",453,453,nifi-extension-bundles/nifi-standard-bundle/nifi-standard-processors/src/test/java/org/apache/nifi/processors/standard/TestGenerateTableFetch.java,"0538e39b5d2f7c90ae35efad0aef92374553ada2","1a7e3c60efa4e31378b2854ea2e442ba07198cb3",true,true,,r,,2025-02-13 23:38:08.903,2025-02-20 06:36:22.395
1371658,"664d660c2edd6223c395a7462be6890eae938312",733,Freeyourgadget--Gadgetbridge,"// TODO: Unlike PPGs with 0xBB compression the timestamps are not linear
// The data also looks different, hmmm....",47,48,app/src/test/java/nodomain/freeyourgadget/gadgetbridge/devices/huawei/TestHuaweiTruSleepParser.java,"823432dd9dc5051f52f2294eb712b9a8287a1dfc",a0948ee1cbc2a870f91d313f8e37df5f524465f7,true,true,,,,2025-02-13 23:56:49.292,2025-02-20 03:13:21.222
1512589,edabb61688f05f97b7bdc0f3918697c9c250d0e1,829,sofastack--sofa-rpc,// Probably incorrect - comparing Object[] arrays with Arrays.equals,87,87,test/test-integration/src/test/java/com/alipay/sofa/rpc/test/generic/bean/ComplexBean.java,"25f399a80a38c70853f9ee13c3297af9ca4c5126",be93251f7ac754178811dd04d826ebe8f0967a1a,true,true,,review,,2025-02-14 00:15:13.555,2025-02-20 02:55:35.057
36354,"79dcd04763cc3c069e68bad729dcf01d7ac574d1",8,elastic--elasticsearch,"// This only tests for calendar ordering, ignoring the other criteria",769,769,x-pack/plugin/rollup/src/test/java/org/elasticsearch/xpack/rollup/RollupJobIdentifierUtilTests.java,"993dbd9b919b0252807ab8b26504cf0aa4676de5","3d457ef84ebf5d3ee0fd09339fbc3373ed5beb3c",true,true,,review,,2025-02-13 20:12:47.421,2025-02-20 19:23:01.737
210413,d77281e6c2b8982540a42e28e1e1578c00a76b5f,60,apache--flink,// we only read the first line for keeping the test simple,265,265,flink-formats/flink-json/src/test/java/org/apache/flink/formats/json/canal/CanalJsonSerDeSchemaTest.java,"1eb3129015e451f400cc1609cb13187d7e18c0a2","24f18975c7205ec3b58e2fb8dca048fa2b6a4721",true,true,,,,2025-02-13 20:28:30.829,2025-02-20 19:34:38.084
249037,"14d0f197cdc7c90e056c154731a47254b17ccb2e",69,OpenAPITools--openapi-generator,// TODO: test indirectMap,69,69,samples/client/petstore/java-helidon-client/v4/se/src/test/java/org/openapitools/client/model/MapTestTest.java,"4a689c99edc132f546e614d420dbf17d4f61f188","9ed15a1c97321ae74bb395959040c9539c8881a4",true,true,,,,2025-02-13 20:32:04.451,2025-02-20 19:38:06.830
380596,f04454f183fc55b0898151ee35a1d522b280fc0f,104,openzipkin--zipkin,// TODO(adriancole): Find a home for this generic conversion between Call and Java 8.,268,268,zipkin-storage/elasticsearch/src/test/java/zipkin2/elasticsearch/internal/client/HttpCallTest.java,"1356cb9f20c5ac1c01b5e696520b4a0ee2575f5a",e151986db4d1de1aea53618f18e4ee3acaa9ed3a,true,true,,,,2025-02-13 21:02:03.271,2025-02-20 19:39:50.700
1063139,"02c56f96d4dd80586d4994cc306f657b16c07ca9",478,apache--camel,//needs https://community.box.com/t5/custom/page/page-id/BoxViewTicketDetail?ticket_id=1895413 to be solved,166,166,components/camel-box/camel-box-component/src/test/java/org/apache/camel/component/box/BoxTasksManagerIT.java,a59ce8267c11853fc270d7693545aa89ac067be3,"0f00efcd0e3ad9149092e315faea2ed4f2b2dde5",true,true,,,,2025-02-13 22:24:49.890,2025-02-20 19:48:37.425
253738,ce2e980e2e687922f9421d8390e44143485cd14d,69,OpenAPITools--openapi-generator,// TODO: test password,154,154,samples/client/petstore/java/native-async/src/test/java/org/openapitools/client/model/FormatTestTest.java,"45ca53b75b8538d5792b11bf814472766efc313d","9ed15a1c97321ae74bb395959040c9539c8881a4",true,true,,,,2025-02-13 20:32:18.858,2025-02-20 19:51:31.425
249857,b435e4e5c0c4811819891c06dad51adce70f210c,69,OpenAPITools--openapi-generator,// TODO: test username,51,51,samples/client/petstore/java-helidon-client/v4/mp/src/test/java/org/openapitools/client/model/UserTest.java,a7f3f608975d19d7cd2f60a98c28359090b24f74,"9ed15a1c97321ae74bb395959040c9539c8881a4",true,true,,,,2025-02-13 20:32:06.460,2025-02-20 19:53:42.061
565463,"2305f32e2f7712c17c4a2dc48490d6e2051f5e83",154,pinpoint-apm--pinpoint,"// TODO Check CI log
// logger.debug(""spanChunk dump \noriginal spanChunkBo:{} \ndecode spanChunkBo:{} "", spanChunkBo, decode);",173,174,commons-server/src/test/java/com/navercorp/pinpoint/common/server/bo/serializer/trace/v2/SpanEncoderTest.java,"09b3853acfe80de4f7d49efc9a09c8e4a552d167","55ca14ad84d954ac757a3d618a936071ec16b402",true,true,,,,2025-02-13 21:20:34.991,2025-02-20 20:01:24.277
874375,e6f0c012d1a6c572117fc9d4261c9cd6cf228797,337,google--closure-compiler,// TODO(b/133450410): This should be a visibility violation.,1367,1367,test/com/google/javascript/jscomp/CheckAccessControlsOldSyntaxTest.java,"674e5c6598467ebcb935f3f12d0f540fbb24e2c1",c86e4dd27ef48f9aa49261b1391274023ce7b658,true,true,,,,2025-02-13 21:50:30.386,2025-02-20 20:11:10.156
392586,"1d1ef1de69615463bd13d9e33fcecd33564d8283",119,prestodb--presto,// TODO: remove this after PR #7987 is landed,105,105,presto-main/src/test/java/com/facebook/presto/execution/buffer/BufferTestUtils.java,f3cd55665ddfb8e6ecfe7b1519cc17f2ac91bf9a,e84e4d21c8a1429095a180f5152de0b988b998d2,true,true,,,,2025-02-13 21:04:31.846,2025-02-20 20:13:16.978
265254,"43b8b69a13266f8a05159bc8dadf051a89ada008",69,OpenAPITools--openapi-generator,// TODO: test someId,47,47,samples/client/petstore/java/restclient-useSingleRequestParameter/src/test/java/org/openapitools/client/model/FakeBigDecimalMap200ResponseTest.java,"47a75c781da7452297de0ee8022ff3dc431bc04f","9ed15a1c97321ae74bb395959040c9539c8881a4",true,true,,,,2025-02-13 20:33:02.467,2025-02-20 20:15:37.988
1230417,ef19f31a4e355a5bb6837887bbafea7da0310161,607,LWJGL--lwjgl3,// TODO: Make this work for GLES,88,88,modules/samples/src/test/java/org/lwjgl/demo/nanovg/NanoVGUtils.java,c4ed3c0547a4fa0f3b04b972ce231ede81f2dd64,e7008a878ca8065db6b5cffb53594659344de300,true,true,,,,2025-02-13 23:43:54.533,2025-02-20 20:17:03.791
853787,"5768a709485592897112cc72c1262364c7b2717b",315,pentaho--pentaho-kettle,// TODO Add StepStatusList,88,88,engine/src/test/java/org/pentaho/di/www/SlaveServerTransStatusTest.java,"3a75073a7d29cbaaf4d9c4a6e03c745f3ac335ea",db5f39cc7d9f6223ef20e6da5102d5910e91af27,true,true,,,,2025-02-13 21:48:11.855,2025-02-20 20:17:28.099
1632811,b5a25b17782b77243182abfbb25981fe7e33ac16,979,eclipse-openj9--openj9,"/*
			 * Loading NodeClass as a hidden class fails due to
			 *   java.lang.ClassNotFoundException: j9vm.test.invoker.NodeClass.0x0000000000000000
			 * skip this test for now.
			 * See https://github.com/eclipse-openj9/openj9/issues/13529
			 */",72,77,test/functional/Java8andUp/src/j9vm/test/invoker/InvokeSpecialInsideInterface.java,"0faac3379ade946e93965cd276d690dd6fddbceb",b6b5bb6f849e54001df8d62417016d6083bd1955,true,true,,,,2025-02-14 00:27:02.379,2025-02-20 20:17:39.684
1018374,d633e8064bd35df3124d342f02013f9845526141,441,google--j2objc,"/* J2ObjC removed: not supported by Junit 4.11 (https://github.com/google/j2objc/issues/1318).
import libcore.junit.junit3.TestCaseWithRules;
import libcore.junit.util.ResourceLeakageDetector.DisableResourceLeakageDetection;
import libcore.junit.util.ResourceLeakageDetector; */",34,37,jre_emul/android/platform/libcore/harmony-tests/src/test/java/org/apache/harmony/tests/java/util/zip/ZipOutputStreamTest.java,"04a73f14fdae30fc5eec7a3d3b642ad03f0947ce","3664859a54dbe07905b2789cf06318c5b390e92f",true,true,,,,2025-02-13 22:02:59.327,2025-02-20 20:20:55.244
75617,f9216c1cd78f67b0f632c30195ce67391d3f3664,12,NationalSecurityAgency--ghidra,//writer.putAlign(2); // TODO: Not sure,830,830,Ghidra/Features/PDB/src/test/java/ghidra/app/util/bin/format/pdb2/pdbreader/type/TypesTest.java,"2d38e1619b71dacbe396306b4bd5eb8559ba05a9",db1b6860c9bbe8b659704cb3909c0bf54359fb7d,true,true,,,,2025-02-13 20:16:34.974,2025-02-20 20:22:55.005
571347,"10958056d36411d8609e198da8a57868dfab17b7",159,apache--doris,"// Theoretically, the HLL algorithm can count very large cardinality with little relative error rate,
// which is less than 2% in Doris. We cost about 5 minutes to test with one billion input numbers here
// successfully, but in order to shorten the test time, we chose one million numbers.",44,46,fe/hive-udf/src/test/java/org/apache/doris/HllUDFTest.java,"5baba5460e6f4c12a7feb225797a047fd7698dcb","3c1d7d27269cab0022bc5b293da45dbb6013dff0",true,true,,,,2025-02-13 21:21:23.583,2025-02-20 20:25:34.658
267276,"19b2faf2d9480e1ad25011a2519464aabb9e027a",69,OpenAPITools--openapi-generator,// TODO: test FormatTest,35,35,samples/client/petstore/java/microprofile-rest-client/src/test/java/org/openapitools/client/model/FormatTestTest.java,"02ff315e338e0faefc7bfde4ae56dd035de1ac66","9ed15a1c97321ae74bb395959040c9539c8881a4",true,true,,,,2025-02-13 20:33:08.423,2025-02-20 20:27:08.191
991460,f6f1be708046019cdb60946066dedaa1a3c54bae,441,google--j2objc,"// Design limitation - typeless u extension keyword 00 below is interpreted as a boolean value true/yes.
// With the legacy keyword syntax, ""yes"" is used for such boolean value instead of ""true"".
// However, once the legacy keyword is translated back to BCP 47 u extension, key ""00"" is unknown,
// so ""yes"" is preserved - not mapped to ""true"". We could change the code to automatically transform
// ""yes"" to ""true"", but it will break roundtrip conversion if BCP 47 u extension has ""00-yes"".",83,87,jre_emul/android/platform/external/icu/android_icu4j/src/main/tests/android/icu/dev/test/util/LocaleBuilderTest.java,d22f28ff9daf1a169c9ed3d9796ad035c94d67c5,"3664859a54dbe07905b2789cf06318c5b390e92f",true,true,,,,2025-02-13 22:01:29.067,2025-02-20 20:30:02.982
750498,ec737333745124db6b68364c3e00f3ea941fb595,250,OpenFeign--feign,"// TODO: verify ribbon stats match
// assertEquals(target.lb().getLoadBalancerStats().getSingleServerStat())",147,148,ribbon/src/test/java/feign/ribbon/RibbonClientTest.java,"6cc2d849379be8773042401b0bbb73e750fc2255",c61d2f6ffad90f9433b144004a7b2d4add20a8ae,true,true,,,,2025-02-13 21:38:31.254,2025-02-20 20:32:24.760
602172,"9b7c11360f0df089c56283422c36f91d3f8c22cc",189,grpc--grpc-java,// FIXME,122,122,servlet/src/tomcatTest/java/io/grpc/servlet/TomcatInteropTest.java,"1e6b6fc3d650ec38cadf143891ff89648d4d33c5","302342cfce50361bc1b12a37a3627d34c25dbf88",true,true,,,,2025-02-13 21:24:16.738,2025-02-20 20:33:10.030
266043,"53e89a4d7f168bc1d2c0f47aebe9020937656feb",69,OpenAPITools--openapi-generator,// TODO: test baz,53,53,samples/client/petstore/java/okhttp-gson-dynamicOperations/src/test/java/org/openapitools/client/model/ReadOnlyFirstTest.java,b76c7aa82998ea5d8e3a2536ff86682689eea13c,"9ed15a1c97321ae74bb395959040c9539c8881a4",true,true,,,,2025-02-13 20:33:04.804,2025-02-20 20:35:23.087
218853,"73bef6ee0ae6421ffc742e7330f5188ae5c46f85",60,apache--flink,"/**
 * The @Override annotation is intentionally removed for this method to align with the
 * production codes' assumption that this interface may not be available for the given hadoop
 * version.
 */",42,46,flink-yarn/src/test/java/org/apache/flink/yarn/TestingRegisterApplicationMasterResponse.java,"02978a0b72dc55776ade6fe10db6396b57ce0c0c","24f18975c7205ec3b58e2fb8dca048fa2b6a4721",true,true,,r,,2025-02-13 20:29:00.709,2025-02-20 20:38:56.299
538272,"8162baaaf054eb1eb1135d5d7513a0bc3fb9eca1",144,neo4j--neo4j,"/**
 * Looks at contents of a text file and sees whether or not it has windows-style newlines, or unix style.
 * Used in tests to make annotation processors generate files matching signature files to verify contents with.
 * Why not do it the other way around, you ask (i.e. convert the the signature files when reading them)?
 * The assertions framework used in these annotation tests makes that very hard and fragile with the google assertions.
 *
 * @param fullyQualifiedName the resource name to look at.
 * @return either {@link AnnotationConstants#DEFAULT_NEW_LINE} or {@link AnnotationConstants#WINDOWS_NEW_LINE}.
 * @throws IOException on I/O error.
 */",32,41,annotations/src/test/java/org/neo4j/annotations/AnnotationTestHelper.java,"1d63d64d4ab6d292d4edc8f96389c53f78c579f8",c68156edf24164435ab1ac257ec633134c2887f7,true,true,,review,,2025-02-13 21:17:44.902,2025-02-20 20:46:50.889
327554,ff11d8f4e4012bf90dc06d7a9ef111880ef54f6c,81,openjdk--jdk,// TODO: should this check *any* reference to http://download.oracle.com/,78,78,test/langtools/jdk/javadoc/doclet/testDocRootLink/TestDocRootLink.java,bdcb34ea01e849beaa288ca94a136bc0487281a2,"642816538fbaa5b74c6beb8a14d1738cdde28c10",true,true,,,,2025-02-13 20:57:16.718,2025-02-20 20:49:29.182
267141,"8f593e8c72f65c527b530a57cc55bb5f5cd2c070",69,OpenAPITools--openapi-generator,// TODO: test className,46,46,samples/client/petstore/java/okhttp-gson-3.1/src/test/java/org/openapitools/client/model/DogTest.java,c6045aff5b3106fed06e86f92a56564f8acc235f,"9ed15a1c97321ae74bb395959040c9539c8881a4",true,true,,,,2025-02-13 20:33:08.055,2025-02-20 20:50:36.807
271611,"10e0669dd38d79786a181ae5b6c56910d06e39b6",69,OpenAPITools--openapi-generator,// TODO: test deprecatedRef,60,60,samples/client/petstore/java/microprofile-rest-client-3.0/src/test/java/org/openapitools/client/model/ObjectWithDeprecatedFieldsTest.java,"4cb373337a9e81f258b669b24049d43805b2a358","9ed15a1c97321ae74bb395959040c9539c8881a4",true,true,,,,2025-02-13 20:33:24.401,2025-02-20 20:50:42.983
856708,e3ce001c9669d603befc222a817d7d4cf0f67eb1,323,apache--tomcat,// TODO Auto-generated method stub,238,238,modules/jdbc-pool/src/test/java/org/apache/tomcat/jdbc/test/driver/Statement.java,"038a43c1105ae180e421785294590ea20ba10ce7","3d58c3ac70beb21588b120d21ff5c075801ca31e",true,true,,,,2025-02-13 21:48:37.311,2025-02-20 20:52:20.020
276892,"058b78f5bbfb4da044c88d3bc4c69fbdacf5114a",69,OpenAPITools--openapi-generator,// TODO: test smallCamel,36,36,samples/server/petstore/java-helidon-server/v4/se-uac-group-by-file-path/src/test/java/org/openapitools/server/model/CapitalizationTest.java,d530957358f82bf9c08f0b71062181709f5bf586,"9ed15a1c97321ae74bb395959040c9539c8881a4",true,true,,,,2025-02-13 20:33:43.957,2025-02-20 20:52:42.279
271759,b10cd684f276a4fa25f87dda37773a00cc3ea635,69,OpenAPITools--openapi-generator,// TODO: test datetimeProp,86,86,samples/client/petstore/java/microprofile-rest-client-3.0/src/test/java/org/openapitools/client/model/NullableClassTest.java,fcfb3ef243adcd2728a9592db4cbf37b965571a0,"9ed15a1c97321ae74bb395959040c9539c8881a4",true,true,,,,2025-02-13 20:33:25.169,2025-02-20 20:56:25.844
1360339,"8cb651998e3511f71a75fde80a0948122efc0f8f",703,azkaban--azkaban,"// Second time will update some tables. This is only for testing purpose and
// obviously we wouldn't set things up this way.",111,112,azkaban-common/src/test/java/azkaban/database/AzkabanDatabaseSetupTest.java,"1828b39021de5c5fd826e89109da18cc8ddd5e3e","6db750049f6fdf7842e18b8d533a3b736429bdf4",true,true,,review,,2025-02-13 23:55:34.875,2025-02-20 20:57:49.887
1045570,"26a551e88e90a9d1c845f8756251928697be304c",449,apache--incubator-kie-drools,// TODO Auto-generated method stub,277,277,drools-core/src/test/java/org/drools/core/util/BinaryHeapQueueTest.java,"038a43c1105ae180e421785294590ea20ba10ce7","58926c31641530b7706ad71eddc7b0332c01aab5",true,true,,,,2025-02-13 22:19:43.370,2025-02-20 21:01:25.563
502339,"47e7f2f22ac854570ee6fa977f0cb22837932238",140,quarkusio--quarkus,"// mechanism for class level annotations does not differ from method level (where we do extensive testing),
// therefore what we really do want to test is annotation detection and smoke test",37,38,extensions/security/deployment/src/test/java/io/quarkus/security/test/permissionsallowed/ClassLevelStringPermissionsAllowedTest.java,e2d076b12267f4afc89175336f875dc6c9b33b53,f94c6114f74bcba3a4dfebc7df2bac6cbeb139b0,true,true,,r,,2025-02-13 21:14:51.881,2025-02-20 21:02:27.229
1400535,"05958c87185c468b48a05e9515b68d1057c3c058",762,camunda--camunda-bpm-platform,"// it has enough size to print 3 warnings, but it will only print 2,
// because it needs to accommodate the suffix too in the max size.",131,132,model-api/xml-model/src/test/java/org/camunda/bpm/model/xml/validation/ModelValidationTest.java,"739bbb302cc7ecd055eb7dc393db31c5af953cf3",ac8afff0b95d91a75d312b11de90633b998f55dd,true,true,,review,,2025-02-14 00:01:47.134,2025-02-20 21:03:43.469
264456,"7dcf8d02ae038b22b42ab686adbfbf8d34f320e9",69,OpenAPITools--openapi-generator,// TODO: test validations,138,138,samples/client/petstore/java/resttemplate-jakarta/src/test/java/org/openapitools/client/api/UserApiTest.java,"79f4bab34576d036cd7d221fbc4f385f571b4181","9ed15a1c97321ae74bb395959040c9539c8881a4",true,true,,,,2025-02-13 20:32:59.763,2025-02-20 21:13:03.187
586318,a08b74bfeb7d0648133666d1c032689cbe5a6501,167,languagetool-org--languagetool,//TODO:,356,356,languagetool-language-modules/uk/src/test/java/org/languagetool/rules/uk/TokenAgreementVerbNounRuleTest.java,"80a9e90ae4b488ec34d780f7b7b01c89d22d0db5",a611c39ca0e3ee34ceb4f95bfc387aa9755566c8,true,true,,,,2025-02-13 21:22:39.551,2025-02-20 21:21:10.630
1479015,"77cc59c69ed538e2a558d7f1ea0faecdd768bba3",805,geoserver--geoserver,// TODO: handle exception,460,460,src/wcs2_0/src/test/java/org/geoserver/wcs2_0/xml/GetCoverageTest.java,"6df3ab5c3506a2ddda10f09d919064f372bc6b7c","8871198a41d255de8c964263f0a6f15d44d15d62",true,true,,,,2025-02-14 00:11:46.359,2025-02-20 21:22:42.290
252410,f78daca96a9c7544ea5056997c9e5e3a13a6c3c1,69,OpenAPITools--openapi-generator,// TODO: test Cat,40,40,samples/client/petstore/java/vertx-no-nullable/src/test/java/org/openapitools/client/model/CatTest.java,d045794b13706e277537c6ad947dba52227bce46,"9ed15a1c97321ae74bb395959040c9539c8881a4",true,true,,,,2025-02-13 20:32:12.447,2025-02-20 21:22:49.315
1539480,"04ddaa1ce4ecf2870a32eef9695e14f3eea114e5",884,google--bundletool,// We set up a fake ADB server because the real one won't work on Forge.,331,331,src/test/java/com/android/tools/build/bundletool/commands/GetDeviceSpecCommandTest.java,f9d7b0a9aff49a81c09f4cae18c54752e0a9117e,e5819d7dfd8feb9b6f3d9d3ec2ca216c43efde6f,true,true,,review,,2025-02-14 00:18:31.763,2025-02-20 21:27:48.521
641416,"147cf532878731852fd441703db7336112ad67ff",211,trinodb--trino,// TODO remove,171,171,plugin/trino-iceberg/src/test/java/io/trino/plugin/iceberg/BaseIcebergConnectorTest.java,ff789c9def9bdcd532882daa6fac82bbe949b16a,b89da7e651fea169443b1aaedb0c406744fe2cff,true,true,,,,2025-02-13 21:28:18.882,2025-02-20 21:31:41.288
690682,"69b948b25692ae9bba50049173957b51bf3344ca",213,aosp-mirror--platform_frameworks_base,"// TODO(b/292141694): build out Ravenwood support for Context
// Ravenwood doesn't yet provide a Context, but many SysUI tests assume one exists;
// so here we construct just enough of a Context to be useful; this will be replaced
// as more of the Ravenwood environment is built out",137,140,packages/SystemUI/tests/utils/src/com/android/systemui/SysuiTestCase.java,"4e857167e42a9c9ba8d9374bb4bfd00eec8a87a2","58d256e4c9d5c0eabe880e84ac05f0374c910163",true,true,,,,2025-02-13 21:33:36.296,2025-02-20 21:41:01.457
287013,ae01e5bc7d899b5c5a2586d92a986f28393eb2b5,73,google--ExoPlayer,// TODO(b/207848601): Switch to using proper tooling for testing against golden data.,551,551,library/effect/src/androidTest/java/com/google/android/exoplayer2/effect/DefaultVideoFrameProcessorPixelTest.java,a7c2cc4b64793264b98afc7784b49276d6c30a9e,dd430f7053a1a3958deea3ead6a0565150c06bfc,true,true,,,,2025-02-13 20:34:39.580,2025-02-20 21:42:09.898
278522,c4d2329fcf360bb4d016505219b5af54b4f4bb18,69,OpenAPITools--openapi-generator,// TODO: test dateTime,130,130,samples/server/petstore/java-helidon-server/v3/se/src/test/java/org/openapitools/server/model/FormatTestTest.java,"930befda390ce67c5335140b5ade9ee67322359e","9ed15a1c97321ae74bb395959040c9539c8881a4",true,true,,,,2025-02-13 20:33:49.876,2025-02-20 21:43:16.754
84508,f4a2fa31e04bc6978a51b4c62b0cee5c725eb449,12,NationalSecurityAgency--ghidra,// choose My Bar // TODO: I see no reason for a conflict !,467,467,Ghidra/Features/Base/src/test.slow/java/ghidra/app/merge/datatypes/DataTypeMerge3Test.java,d952d15298d5dfd4fc9b74ada83b05681a7acc20,db1b6860c9bbe8b659704cb3909c0bf54359fb7d,true,true,,,,2025-02-13 20:17:05.109,2025-02-19 20:41:27.599
107142,f78d8276c6f694ca466f1b77af20a2301bf4c61c,22,eugenp--tutorials,// TODO Auto-generated method stub,486,486,web-modules/jakarta-servlets/src/test/java/com/baeldung/servlets/mock/TestUtil.java,"038a43c1105ae180e421785294590ea20ba10ce7","28ee6f8b9d8a6ee95ec0cef5d65a9891b6e1ed55",true,true,,,,2025-02-13 20:19:07.063,2025-02-18 22:14:40.447
166208,"720d7cafd9749bc63d672772797fbd9fb1f5ddd9",47,alibaba--druid,// TODO Auto-generated method stub,448,448,core/src/test/java/com/alibaba/druid/test/util/OracleMockConnection.java,"038a43c1105ae180e421785294590ea20ba10ce7",b043fd17d6ee8de16dd395e2476620fbd66a31e8,true,true,,,,2025-02-13 20:24:33.797,2025-02-20 20:17:29.875
237511,"83dd8e813756b03955eb37283d9f43a92a2f4718",64,bazelbuild--bazel,// TODO b/300201845 - encapsulate parents and childs private attributes,5441,5441,src/test/java/com/google/devtools/build/lib/starlark/StarlarkRuleClassFunctionsTest.java,"503a8e78ebe54f36f714718143435eed93aeec33",d7c71fa286b84a5dce8c60f1e8fb48295703fc61,true,true,,,,2025-02-13 20:30:45.699,2025-02-20 20:41:13.341
245893,"63b592ee65339ff2c03c20395e67b9d2560f3f38",66,redisson--redisson,// TODO Auto-generated catch block,334,334,redisson/src/test/java/org/redisson/RedissonReadWriteLockTest.java,fef8aeaa6ec53ffaf9f0c96bd2c3eee8f42c6f60,af54726926d1f0413ac0a00c6499245e70454258,true,true,,,,2025-02-13 20:31:28.067,2025-02-18 21:44:57.267
249566,"35c373899199a00af8f0f4e74ecece69fec8647b",69,OpenAPITools--openapi-generator,// TODO - assign values to the input arguments.,453,453,samples/client/petstore/java-helidon-client/v4/se/src/test/java/org/openapitools/client/api/FakeApiTest.java,"342e6513e258471fdfba7aaa013723b8cd41cd9f","9ed15a1c97321ae74bb395959040c9539c8881a4",true,true,,,,2025-02-13 20:32:05.796,2025-02-20 20:14:56.761
251685,bb67baa92f9eccb78b34516a9bb0945951dd58d6,69,OpenAPITools--openapi-generator,// TODO: test username,53,53,samples/client/petstore/java/okhttp-gson-awsv4signature/src/test/java/org/openapitools/client/model/UserTest.java,a7f3f608975d19d7cd2f60a98c28359090b24f74,"9ed15a1c97321ae74bb395959040c9539c8881a4",true,true,,,,2025-02-13 20:32:10.697,2025-02-20 06:55:41.955
254312,b507c0b500c10626942ce34fa79c425d0a35a338,69,OpenAPITools--openapi-generator,// TODO: test quadrilateralType,66,66,samples/client/petstore/java/native-async/src/test/java/org/openapitools/client/model/ShapeTest.java,c4e3a2e13903a36a9037a9ac19614acd63f88ff7,"9ed15a1c97321ae74bb395959040c9539c8881a4",true,true,,,,2025-02-13 20:32:21.420,2025-02-17 22:27:28.878
255396,"7df3f465180a6f4553f8b365b30af22a5633b0b4",69,OpenAPITools--openapi-generator,// TODO: test prefixNumber,145,145,samples/client/petstore/java/retrofit2rx3/src/test/java/org/openapitools/client/model/XmlItemTest.java,f079e1025cb758f974a4a2494f76b440a04dfcc0,"9ed15a1c97321ae74bb395959040c9539c8881a4",true,true,,,,2025-02-13 20:32:25.927,2025-02-19 20:41:32.938
256336,b76d2b31a287aaf89913ff5b8aaa19386a5742bf,69,OpenAPITools--openapi-generator,// TODO: test OuterEnum,29,29,samples/client/petstore/java/okhttp-gson-parcelableModel/src/test/java/org/openapitools/client/model/OuterEnumTest.java,d2bae095c8961c6f78e6a825ad5a96522048744a,"9ed15a1c97321ae74bb395959040c9539c8881a4",true,true,,,,2025-02-13 20:32:29.834,2025-02-20 06:48:29.426
256480,"336113aa3f9d1e379d86e6f3e7c3ea6b8c405aad",69,OpenAPITools--openapi-generator,// TODO: test myString,54,54,samples/client/petstore/java/okhttp-gson-parcelableModel/src/test/java/org/openapitools/client/model/OuterCompositeTest.java,d772091f30e6cddceea58548a311b5b495ed9ad2,"9ed15a1c97321ae74bb395959040c9539c8881a4",true,true,,,,2025-02-13 20:32:30.465,2025-02-17 19:34:09.023
257556,cf4fa96eac94a1d2d0c3409d55d147e1a288fc70,69,OpenAPITools--openapi-generator,// TODO: test className,51,51,samples/client/petstore/java/jersey3/src/test/java/org/openapitools/client/model/CatTest.java,c6045aff5b3106fed06e86f92a56564f8acc235f,"9ed15a1c97321ae74bb395959040c9539c8881a4",true,true,,,,2025-02-13 20:32:34.586,2025-02-17 22:18:02.110
258711,"697130d521be6f7f2be9427d35101d17100e1b02",69,OpenAPITools--openapi-generator,// TODO: test ModelApiResponse,37,37,samples/client/petstore/java/rest-assured/src/test/java/org/openapitools/client/model/ModelApiResponseTest.java,fe38fcdca89945d9178c53f2e98f32da8c4dfdd0,"9ed15a1c97321ae74bb395959040c9539c8881a4",true,true,,,,2025-02-13 20:32:38.444,2025-02-20 07:00:29.021
260307,"76b83907b31b08cbea5e6516c1d0586fb26675b4",69,OpenAPITools--openapi-generator,"//
//File body = null;
//
//api.testBodyWithBinary(body);

// TODO: test validations",195,200,samples/client/petstore/java/resteasy/src/test/java/org/openapitools/client/api/FakeApiTest.java,"0d1fff97f8e1735926ad7f16dbacabfbb7815eac","9ed15a1c97321ae74bb395959040c9539c8881a4",true,true,,,,2025-02-13 20:32:44.360,2025-02-18 22:51:22.974
260714,"1b6d00ec03063849caa73215f8ed92da54ba369d",69,OpenAPITools--openapi-generator,// TODO: test capitalSnake,68,68,samples/client/petstore/java/retrofit2-play26/src/test/java/org/openapitools/client/model/CapitalizationTest.java,"3d7183f58c75f7c5d53c9fe70e7a52b36bf02dce","9ed15a1c97321ae74bb395959040c9539c8881a4",true,true,,,,2025-02-13 20:32:46.373,2025-02-20 03:53:14.662
263448,e84dd3db0d6aaebc577bb4d795f870c7d90e9c58,69,OpenAPITools--openapi-generator,// TODO: test category,60,60,samples/client/petstore/java/retrofit2/src/test/java/org/openapitools/client/model/PetTest.java,"2815be8e288801a5f363f68a2e3cb714398241ff","9ed15a1c97321ae74bb395959040c9539c8881a4",true,true,,,,2025-02-13 20:32:56.345,2025-02-19 22:26:03.715
264900,"7d043ff627099f3c682e3fdcd00e60bbdb4d0b96",69,OpenAPITools--openapi-generator,// TODO: test arrayArrayOfInteger,56,56,samples/client/petstore/java/microprofile-rest-client-3.0-jackson/src/test/java/org/openapitools/client/model/ArrayTestTest.java,b42cc21f11d72909d976a00726f76b799da6646f,"9ed15a1c97321ae74bb395959040c9539c8881a4",true,true,,,,2025-02-13 20:33:01.036,2025-02-18 21:16:14.374
265190,"3b0508ead34a0460b95e4068d190d69bfac8ad40",69,OpenAPITools--openapi-generator,// TODO: test MapTest,38,38,samples/client/petstore/java/restclient-useSingleRequestParameter/src/test/java/org/openapitools/client/model/MapTestTest.java,a25f1de4a4c1b363cb2f01350bd9d34a2575ed73,"9ed15a1c97321ae74bb395959040c9539c8881a4",true,true,,,,2025-02-13 20:33:02.211,2025-02-18 21:21:45.648
266209,"56f54ea13e33b5f5f04665f5805e5f67b73bed7a",69,OpenAPITools--openapi-generator,// TODO: test color,54,54,samples/client/petstore/java/okhttp-gson-dynamicOperations/src/test/java/org/openapitools/client/model/CatTest.java,"696d53d2d7e629768f59b82a58ea88c6784a2f84","9ed15a1c97321ae74bb395959040c9539c8881a4",true,true,,,,2025-02-13 20:33:05.297,2025-02-18 21:45:11.091
267434,cdbee48b6c3073a62bd3b796cb69746afbd55956,69,OpenAPITools--openapi-generator,// TODO: test type,39,39,samples/client/petstore/java/microprofile-rest-client/src/test/java/org/openapitools/client/model/ParentWithNullableTest.java,e18dd928d23876d8947a37181b8aafa3168dff52,"9ed15a1c97321ae74bb395959040c9539c8881a4",true,true,,,,2025-02-13 20:33:08.873,2025-02-18 23:13:35.436
270639,"1993b70d0bfbd95b6599fc72a83ac4b4d1e7086b",69,OpenAPITools--openapi-generator,// TODO: test mapWithUndeclaredPropertiesAnytype2,83,83,samples/client/petstore/java/native/src/test/java/org/openapitools/client/model/AdditionalPropertiesClassTest.java,"0de2c3fc29b17c2f3f9d7c38579254f188321023","9ed15a1c97321ae74bb395959040c9539c8881a4",true,true,,,,2025-02-13 20:33:21.317,2025-02-18 19:55:50.351
271473,"4ca8da4f0b91dd4011a9ccf3534d60e4b295f7d7",69,OpenAPITools--openapi-generator,// TODO: test int64,59,59,samples/client/petstore/java/microprofile-rest-client-3.0/src/test/java/org/openapitools/client/model/FormatTestTest.java,"84239d2e3141f9f216be76498e40926c5a1cb53f","9ed15a1c97321ae74bb395959040c9539c8881a4",true,true,,,,2025-02-13 20:33:23.962,2025-02-18 19:48:41.287
272317,ce978ef2fd1edd96e6ce9aa5b2a4cc4add467c6f,69,OpenAPITools--openapi-generator,// TODO: test code,44,44,samples/client/petstore/java/webclient/src/test/java/org/openapitools/client/model/ModelApiResponseTest.java,f3cc3d54a7d2dd98422cc111a5edef6d6479b5bc,"9ed15a1c97321ae74bb395959040c9539c8881a4",true,true,,,,2025-02-13 20:33:27.322,2025-02-20 20:16:58.591
273467,ab788b4a1ab78ed1f693033e2c5d1d3640283253,69,OpenAPITools--openapi-generator,// TODO: test FakeBigDecimalMap200Response,37,37,samples/client/petstore/java/feign/src/test/java/org/openapitools/client/model/FakeBigDecimalMap200ResponseTest.java,"59c315f7f5abee10dc25dd5bc8e96b52b2da5f65","9ed15a1c97321ae74bb395959040c9539c8881a4",true,true,,,,2025-02-13 20:33:31.337,2025-02-19 22:36:48.168
275265,"384af871b2ea917b2a7a31e61d32f442f49ef790",69,OpenAPITools--openapi-generator,// TODO: test validations,106,106,samples/client/echo_api/java/apache-httpclient/src/test/java/org/openapitools/client/api/QueryApiTest.java,"79f4bab34576d036cd7d221fbc4f385f571b4181","9ed15a1c97321ae74bb395959040c9539c8881a4",true,true,,,,2025-02-13 20:33:37.670,2025-02-19 22:49:52.334
275720,d492cda8575fee4fcf063292cd432c8d1c9d43c1,69,OpenAPITools--openapi-generator,// TODO: test StringEnumRef,29,29,samples/client/echo_api/java/native/src/test/java/org/openapitools/client/model/StringEnumRefTest.java,"9d9a26c87c849501ddacb83411b9f5a12447ac72","9ed15a1c97321ae74bb395959040c9539c8881a4",true,true,,,,2025-02-13 20:33:39.610,2025-02-18 06:46:43.201
276632,ec44fd724e3976a08de2f0ad26a7c4f070e68b7a,69,OpenAPITools--openapi-generator,// TODO: test int64,58,58,samples/server/petstore/java-helidon-server/v4/se-uac-group-by-file-path/src/test/java/org/openapitools/server/model/FormatTestTest.java,"84239d2e3141f9f216be76498e40926c5a1cb53f","9ed15a1c97321ae74bb395959040c9539c8881a4",true,true,,,,2025-02-13 20:33:43.202,2025-02-18 20:07:02.007
276706,d4e68b9c468984854cca640e45bed69cebb82eb6,69,OpenAPITools--openapi-generator,// TODO: test EnumClass,26,26,samples/server/petstore/java-helidon-server/v4/se-uac-group-by-file-path/src/test/java/org/openapitools/server/model/EnumClassTest.java,"0777b9496319fa542ef03fc5b805c58b6788383f","9ed15a1c97321ae74bb395959040c9539c8881a4",true,true,,,,2025-02-13 20:33:43.425,2025-02-20 03:46:36.196
623548,"522694303c98450f52540f3a12182257b7e60520",211,trinodb--trino,"// TODO this should fail, or represent TIME '01:39:07'",438,438,client/trino-jdbc/src/test/java/io/trino/jdbc/BaseTestJdbcResultSet.java,"327d69578c19b2f16e38d8a9014aa9cc50a6d52e",b89da7e651fea169443b1aaedb0c406744fe2cff,true,true,,,,2025-02-13 21:27:25.277,2025-02-20 21:42:34.845
759729,"60eec288f0dd243f366ebec75b37307cfbf654fb",255,StarRocks--starrocks,// TODO: multi-column partitions cannot prune partitions.,1003,1003,fe/fe-core/src/test/java/com/starrocks/scheduler/PartitionBasedMvRefreshProcessorHiveTest.java,a9bb07b1ce3724ccb10a7eb52d4a1b18c6ccf84c,fc39755dd79a2e6f95737c75dc3d622a9e4a561f,true,true,,,,2025-02-13 21:39:28.572,2025-02-20 21:37:24.069
873011,dcda4c692b008e7abe532d5e76ca2be67bf5ef9d,337,google--closure-compiler,"// TODO(lharker): stop ignoring USE_OF_GOOG_PROVIDE after migrating rules_closure
// code to suppress useOfGoogProvide instead of lintChecks.",41,42,test/com/google/javascript/jscomp/DiagnosticGroupsTest.java,f3657339905bc43c3498e7c3f945999241bb4f12,c86e4dd27ef48f9aa49261b1391274023ce7b658,true,true,,,,2025-02-13 21:50:26.250,2025-02-18 23:11:52.719
877559,"1288b2c1d702eea527c9b5d9fc50d409eb034ae6",337,google--closure-compiler,// TODO(b/139319709): Remove this. static method removal is disabled.,889,889,test/com/google/javascript/jscomp/RemoveUnusedCodePrototypePropertiesTest.java,"78eeb53ba5a048354dcd2e4796c5493739330aab",c86e4dd27ef48f9aa49261b1391274023ce7b658,true,true,,,,2025-02-13 21:50:40.905,2025-02-20 03:59:25.695
947405,cb8b050c58032de2464c9cea381bae77741cde86,422,hazelcast--hazelcast,//TODO: fast results still can get lost,462,462,hazelcast/src/test/java/com/hazelcast/jet/core/ObservableResultsTest.java,"85107bcf0ddef5a1206c30e47b477581d171df45","3ab656fb125603ccc9d01036cb6d362d06b7c974",true,true,,,,2025-02-13 21:57:04.367,2025-02-18 19:57:37.469
982711,"82ea7730310e1b0d3410c73dc779f4d3235370ae",435,hibernate--hibernate-orm,// todo (6.0) : should we define the rule with the integer as optional and then give a better exception?,55,55,hibernate-core/src/test/java/org/hibernate/orm/test/query/hql/ParameterTests.java,"26dd239475f568ea2f68353d401ad20c31b43bbd",ff5fa10867d82d78002746faba4665e1a420bf0f,true,true,,,,2025-02-13 21:59:50.321,2025-02-19 21:42:00.986
1122121,"458fd77576747b741bcf647e9610197faf5840df",488,apache--pinot,"// TODO: it is necessary to produce two values here, the operator only throws on second
// (see the comment in Aggregate operator)",227,228,pinot-query-runtime/src/test/java/org/apache/pinot/query/runtime/operator/AggregateOperatorTest.java,"2cb6f1a0914d122805718e5b4380e13e5b8db0db",b024d6bed9f62bfb44ec4bd3901f3f21956220b7,true,true,,,,2025-02-13 22:30:09.546,2025-02-18 21:08:45.308
1134218,c1d83ab070fe32704195250e6b9c07604197ebfa,491,apache--hive,"// TODO: Should be checked on server side. On Embedded metastore it throws MetaException,
// on Remote metastore it throws TProtocolException",358,359,standalone-metastore/metastore-server/src/test/java/org/apache/hadoop/hive/metastore/client/TestTablesGetExists.java,e928a70ceb4f629ad8a3cb0fde62bae72b1d031b,b914b6a29ba0b1fab5e64034ee289e2deaa1a844,true,true,,,,2025-02-13 22:32:10.954,2025-02-18 04:51:26.022
1495929,ebc11dff004e7001c305b5688022269a5c8af1f9,822,jetty--jetty.project,"// TODO the following assertion fails because of a bug in the JDK (see JDK-8311079 and MountedPathResourceTest.testJarFileResourceAccessBackSlash())
//assertThat(servletContext.getResource(""/nested-reserved-!#\\\\$%&()*+,:=?@[]-meta-inf-resource.txt""), notNullValue());",688,689,jetty-ee9/jetty-ee9-webapp/src/test/java/org/eclipse/jetty/ee9/webapp/WebAppContextTest.java,"8df2a09263f3c451c0499684cca21c513b808252","12d16112fc65062f8d8de144a131b9f99dcae246",true,true,,,,2025-02-14 00:13:54.424,2025-02-19 20:04:32.349
1560001,"3996b1ca944999ba7e106d111b626bf2a5bd4f35",918,FasterXML--jackson-databind,"// This class is technically not needed for the test to fail without the fix
// (AsDeductionTypeDeserializer will crash in #buildFingerprints), but was
// added to have more assertions on the subtypes values",36,38,src/test/java/com/fasterxml/jackson/databind/jsontype/deftyping/DefaultTypeResolver3505Test.java,"2bd7dbf653efd58953c2014fd754a5a3f264fa21",cfef132dbacbc6ed612051f81e88fb37c5632154,true,true,,,,2025-02-14 00:20:35.913,2025-02-19 22:41:26.364
169363,"0ca0ddf4e7da12080081da930950aeb76582ac7c",51,alibaba--fastjson,"/**
 * TODO Comment of PersonInfoModel
 *
 * @author tony.chenl
 */",21,25,src/test/java/com/alibaba/json/test/dubbo/PersonInfo.java,ffe32832d1434e07228aae59219adba389a96fe6,c942c83443117b73af5ad278cc780270998ba3e1,true,true,,,,2025-02-13 20:24:50.142,2025-02-14 00:41:56.199
996987,bfcdff704dafbad5d36470636f9509925b04600f,441,google--j2objc,"// TODO: this still passes, but setLenientParseMode should have no effect now.
// Did it ever test what it was supposed to?",131,132,jre_emul/android/platform/external/icu/android_icu4j/src/main/tests/android/icu/dev/test/format/RBNFParseTest.java,"6114bba0a0a83d79d95ef23a05f3ba38f9047934","3664859a54dbe07905b2789cf06318c5b390e92f",true,true,,,,2025-02-13 22:01:47.366,2025-02-14 00:49:07.826
1280178,aa8aca34fb529b95caecfa53c5e68b701ad2f29e,620,apache--ignite,// Retry.,3913,3913,modules/core/src/test/java/org/apache/ignite/internal/processors/cache/CacheSerializableTransactionsTest.java,"7edfcc3eee8913a658265c37e18ee29d07697d62","8346282218210e64720c149fc60809550efd4d03",true,true,,,,2025-02-13 23:47:16.994,2025-02-14 00:51:38.247
98262,"8df45cc53c1e061222a70c625dd187635578a3c4",15,ReactiveX--RxJava,"// FIXME last cause value is not saved
//        assertTrue(ts.errors().get(0).getCause().getMessage().contains(""abc""));",157,158,src/test/java/io/reactivex/rxjava3/internal/operators/observable/ObservableTakeUntilPredicateTest.java,"374e6c2b4c66f022ea9bbda84b96f86a3b785e5e","51cf3f4de0791fd1b0a7bd14bb6884d94c879612",true,true,,,,2025-02-13 20:18:02.649,2025-02-14 01:14:23.081
1490317,"11134fdb6432b0262a63208cdde62476596a7a2d",814,knowm--XChange,"// An example address taken from https://www.ripplecharts.com/#/active_accounts
// that was actively trading at the time this was last updated.",38,39,xchange-ripple/src/test/java/org/knowm/xchange/ripple/dto/account/trade/RippleTradeHistoryIntegration.java,d9e70ecba2f3d5161863c5e7aebe71a0600a20ac,e9438b088374a80acb857525371f08023f514a71,true,true,,,,2025-02-14 00:12:49.582,2025-02-14 01:07:22.306
270456,ee6cb03a47d4255ebb447f5b565e13dd47f98387,69,OpenAPITools--openapi-generator,// TODO: test validations,133,133,samples/client/petstore/java/okhttp-gson/src/test/java/org/openapitools/client/api/FakeApiTest.java,"79f4bab34576d036cd7d221fbc4f385f571b4181","9ed15a1c97321ae74bb395959040c9539c8881a4",true,true,,,,2025-02-13 20:33:20.517,2025-02-14 01:23:36.314
273453,"9bb16d3ab6a81060107d5c4b96ae62d2afa03d5c",69,OpenAPITools--openapi-generator,// TODO: test name,42,42,samples/client/petstore/java/feign/src/test/java/org/openapitools/client/model/DeprecatedObjectTest.java,"25af9fd065ae560a2089b975d736ecc32b833ca2","9ed15a1c97321ae74bb395959040c9539c8881a4",true,true,,,,2025-02-13 20:33:31.255,2025-02-14 01:34:12.916
317485,cd04a29d2d4b9b09a8066fa9578e0c2c4741da17,78,oracle--graal,"/**
 * Invalid assertion usage: somewhere down the call graph a method is used in an assertion that
 * does not return true on all paths and thus may lead to assertion errors without a message in
 * the caller. Specifically assertSth has a return false path that would fire the error in the
 * caller run without a message.
 */",251,256,compiler/src/jdk.graal.compiler.test/src/jdk/graal/compiler/core/test/VerifyAssertionUsageTest.java,f11e0615d3f5c668f46a1d70f1270c03066eaa5a,"009a6f93e563afb1d110b42dc5951b3d6b4156f8",true,true,,,,2025-02-13 20:37:17.799,2025-02-14 01:48:10.066
265368,"1cf7bb2f679f3ead7bcd395ad0f3ebf6b214fa24",69,OpenAPITools--openapi-generator,// TODO: test phone,92,92,samples/client/petstore/java/restclient-useSingleRequestParameter/src/test/java/org/openapitools/client/model/UserTest.java,"64eff2efb5e0c05b004dc5e533a28aeab67da737","9ed15a1c97321ae74bb395959040c9539c8881a4",true,true,,,,2025-02-13 20:33:02.908,2025-02-14 01:56:28.621
113424,"8717121855870ef2b0b11537aa9c4c525ad60c13",22,eugenp--tutorials,"/**
 * This should be part of integration test suite.
 * The test starts the server and then connects to the WebSocket. Then verifies if the messages are received from the
 * WebSocket.
 * This test is inspired from: https://github.com/spring-guides/gs-messaging-stomp-websocket/blob/main/complete/src/test/java/com/example/messagingstompwebsocket/GreetingIntegrationTests.java
 */",28,33,spring-websockets/src/test/java/com/baeldung/debugwebsockets/WebSocketIntegrationTest.java,a0ce7f2b4e1187f46f6dc69031d102c6b1d6a2f3,"28ee6f8b9d8a6ee95ec0cef5d65a9891b6e1ed55",true,true,,,,2025-02-13 20:19:29.182,2025-02-14 02:01:41.494
265408,af73e22573d0b73de7160b6d20bdf679aa1c34d4,69,OpenAPITools--openapi-generator,// TODO: test capitalCamel,52,52,samples/client/petstore/java/restclient-useSingleRequestParameter/src/test/java/org/openapitools/client/model/CapitalizationTest.java,"1beacfe9f5db601270292dce2bb5de85592ada53","9ed15a1c97321ae74bb395959040c9539c8881a4",true,true,,,,2025-02-13 20:33:03.086,2025-02-14 02:09:47.429
503470,"77bde91d8974dd574de73d31bc71029e5a4b8f08",140,quarkusio--quarkus,"// Send the message only to the current connection
// This does not make much sense but it's good enough to test the filter",17,18,extensions/websockets-next/deployment/src/test/java/io/quarkus/websockets/next/test/broadcast/LoConnection.java,"13a6c2823646cd7fb500549e74eb47494dfbc076",f94c6114f74bcba3a4dfebc7df2bac6cbeb139b0,true,true,,,,2025-02-13 21:14:57.233,2025-02-14 02:05:02.528
669581,f56e69d9789fd3abaf775a71091f5bf14e7e053a,213,aosp-mirror--platform_frameworks_base,"// Should only require FLAG_STORAGE_DE here because we have a pending backup that we
// didn't manage to execute.",141,142,services/tests/servicestests/src/com/android/server/rollback/AppDataRollbackHelperTest.java,"7b00c341c2f4b1d7de835a56adf1437dea1a8d89","58d256e4c9d5c0eabe880e84ac05f0374c910163",true,true,,,,2025-02-13 21:32:22.216,2025-02-14 02:05:28.243
1010409,f17e5d1b1a0fcdc4684b975cb206590426c3c75b,441,google--j2objc,"/**
 * An implementation of {@code OutputStream} that should serve as the
 * underlying stream for classes to be tested.
 * In particular this implementation allows to have IOExecptions thrown on demand.
 * For simplicity of use and understanding all fields are public.
 */",6,11,jre_emul/android/platform/libcore/support/src/test/java/tests/support/Support_ASimpleWriter.java,cc2eaa16f89c3e9e9e06ffcc8eb91f4b177c23db,"3664859a54dbe07905b2789cf06318c5b390e92f",true,true,,,,2025-02-13 22:02:32.652,2025-02-14 02:12:09.336
278238,"291004d9fb16c7326f06934a69a854eb2793614d",69,OpenAPITools--openapi-generator,// TODO: test id,36,36,samples/server/petstore/java-helidon-server/v4/mp/src/test/java/org/openapitools/server/model/TagTest.java,"7bf5a89654fd283043bac57977bf1b477e0e6c3e","9ed15a1c97321ae74bb395959040c9539c8881a4",true,true,,,,2025-02-13 20:33:49.009,2025-02-14 02:17:33.065
633638,f5ad83de7f36b53ede27a26c5beacf70fb605af0,211,trinodb--trino,"// inline function cannot be recursive
// note: mutual recursion is not supported either, but it is not tested due to the forward declaration limitation above",423,424,core/trino-main/src/test/java/io/trino/sql/query/TestInlineFunctions.java,"53b3ba67a3e0fdd4ca3cbaf740d4b649f79424ca",b89da7e651fea169443b1aaedb0c406744fe2cff,true,true,,,,2025-02-13 21:27:55.171,2025-02-14 02:18:29.071
216327,"07bc4425c7cbf7427ef409cac350072ce6b19b3b",60,apache--flink,"/**
 * Should be removed along {@link SupportsCommitter}.
 */",745,745,flink-tests/src/test/java/org/apache/flink/test/scheduling/SpeculativeExecutionITCase.java,f3d16d09ae5983bcc6574353b993dd71b7c1ae76,"24f18975c7205ec3b58e2fb8dca048fa2b6a4721",true,true,,,,2025-02-13 20:28:51.375,2025-02-14 02:18:47.986
586467,bb286106b2df18682ae0248927b7e3a6348f1b50,167,languagetool-org--languagetool,"// TODO: streets
//    assertEmptyMatch(""бачити на Різницький представника донецького регіону"");",519,520,languagetool-language-modules/uk/src/test/java/org/languagetool/rules/uk/TokenAgreementAdjNounRuleTest.java,"6db2cb85cf25f49f6b33eba1f014e0f08f8e5d95",a611c39ca0e3ee34ceb4f95bfc387aa9755566c8,true,true,,,,2025-02-13 21:22:39.992,2025-02-14 02:22:34.447
636499,b1913fe50c139d360b3c4ddfd97e1a44e584fd64,211,trinodb--trino,// This connector does not support modifying table rows,128,128,plugin/trino-bigquery/src/test/java/io/trino/plugin/bigquery/BaseBigQueryFailureRecoveryTest.java,e8a31e1ee24cff578800346206b03231e3414e6d,b89da7e651fea169443b1aaedb0c406744fe2cff,true,true,,r,,2025-02-13 21:28:03.618,2025-02-14 02:21:55.402
597642,"6cbb390c1570f80e17715d11b421b7f99c3420c5",185,metersphere--metersphere,// 这里可以添加更多的验证，例如检查 ONLINE_USER_SESSIONS 的状态等,83,83,backend/services/api-test/src/test/java/io/metersphere/api/socket/WebSocketHandlerTest.java,"96f380401f66beb8a6ca7dafaa3bf859494dfca4",b495fa36737dde34421fc0dec14503ef93e649ee,true,true,,,,2025-02-13 21:23:44.632,2025-02-14 02:31:36.742
352694,"22be39cad9a5a7064e1ca621768cbf9e8eead436",81,openjdk--jdk,// cannot test...,206,206,test/jdk/java/lang/invoke/MethodHandlesSpreadArgumentsTest.java,"72513d531ba5696f82e7c6b8082bb3cc64e0a958","642816538fbaa5b74c6beb8a14d1738cdde28c10",true,true,,review,,2025-02-13 20:58:39.659,2025-02-14 02:35:16.083
554185,"9d16b6e93d4cef0bdd24442c7bf50fe8389ac035",149,apache--druid,"// Add some constructors for testing maxRowsPerFrame > 1. Later on, we'll add some for maxRowsPerFrame = 1.",295,295,processing/src/test/java/org/apache/druid/frame/processor/SuperSorterTest.java,b19fc28321079bddda73fe22c2d78bab4541f107,"58f31b821fe9802ba73f7bbc3234c629ad73f299",true,true,,,,2025-02-13 21:19:39.763,2025-02-14 02:32:13.835
1056188,cd52962bf9d788062da501901188e52847158366,455,robolectric--robolectric,//        abstract void abstractMethod(); todo,17,17,sandbox/src/test/java/org/robolectric/testing/AnExampleClass.java,d7ef13b55e73197c628c72b2e8a32c77875c54e7,d86ffdced16b5835a3135b156d651f1ae4b25819,true,true,,,,2025-02-13 22:23:31.783,2025-02-14 02:44:57.807
265925,"227e0327304d5617768a66a99bcff38d6d03775a",69,OpenAPITools--openapi-generator,// TODO: test OuterComposite,38,38,samples/client/petstore/java/okhttp-gson-dynamicOperations/src/test/java/org/openapitools/client/model/OuterCompositeTest.java,"1a5643b1f95329ce4381daab33bcbf6da88ba163","9ed15a1c97321ae74bb395959040c9539c8881a4",true,true,,,,2025-02-13 20:33:04.488,2025-02-14 02:45:40.133
255452,"0c497315f51d2c22e773971ea49293d05633124b",69,OpenAPITools--openapi-generator,// TODO: test dateTime,58,58,samples/client/petstore/java/retrofit2rx3/src/test/java/org/openapitools/client/model/MixedPropertiesAndAdditionalPropertiesClassTest.java,"930befda390ce67c5335140b5ade9ee67322359e","9ed15a1c97321ae74bb395959040c9539c8881a4",true,true,,,,2025-02-13 20:32:26.277,2025-02-14 02:47:55.494
256066,a52c1d76d1f4a1c903ede2e97b22f606fae81b59,69,OpenAPITools--openapi-generator,// TODO: test breed,64,64,samples/client/petstore/java/resttemplate-withXml/src/test/java/org/openapitools/client/model/DogTest.java,"13085007ae702cf72acde054dddeeb258bb78fbc","9ed15a1c97321ae74bb395959040c9539c8881a4",true,true,,,,2025-02-13 20:32:28.991,2025-02-14 02:48:06.584
668271,ec4691a280c1cc4c6ef51729bfc79e5f5ff3db3b,213,aosp-mirror--platform_frameworks_base,"// TODO: test that sendApplicationHiddenForUser() actually fills in
// broadcastUsers",146,147,services/tests/PackageManagerServiceTests/server/src/com/android/server/pm/PackageManagerServiceTest.java,"16d80bea59f98c3365f42eda39fd0911181ef179","58d256e4c9d5c0eabe880e84ac05f0374c910163",true,true,,,,2025-02-13 21:32:18.862,2025-02-14 02:49:37.492
215850,"8e50e204d802f43cba3ab4dee6ec42d952697725",60,apache--flink,"/**
 * Base class for tests related to unaligned checkpoints.
 *
 * <p>This test base relies on restarting the subtasks within the scheduler to trigger a reset of
 * the operators. The operator reset is counted in the LongSource. The job will terminate if the
 * number of expected restarts is reached. The AdaptiveScheduler won't trigger the operator reset
 * resulting in the test running forever. This is why this test suite is disabled for the {@link
 * org.apache.flink.runtime.scheduler.adaptive.AdaptiveScheduler}.
 */",105,113,flink-tests/src/test/java/org/apache/flink/test/checkpointing/UnalignedCheckpointTestBase.java,"819e77ff6cada75f36f31634906fa1366fb55ee7","24f18975c7205ec3b58e2fb8dca048fa2b6a4721",true,true,,,,2025-02-13 20:28:50.206,2025-02-14 02:54:46.589
273007,c0862d08255272442603e0a66cd33bfc16e92b2f,69,OpenAPITools--openapi-generator,// TODO: test firstName,60,60,samples/client/petstore/java/webclient-jakarta/src/test/java/org/openapitools/client/model/UserTest.java,"5e52c649910fce5005c1ab68e5d5e881823382c8","9ed15a1c97321ae74bb395959040c9539c8881a4",true,true,,,,2025-02-13 20:33:29.842,2025-02-14 02:55:06.943
262374,aa883995bd0162621c2a657c160bd5253a43eeb3,69,OpenAPITools--openapi-generator,// TODO: test int64,65,65,samples/client/petstore/java/google-api-client/src/test/java/org/openapitools/client/model/FormatTestTest.java,"84239d2e3141f9f216be76498e40926c5a1cb53f","9ed15a1c97321ae74bb395959040c9539c8881a4",true,true,,,,2025-02-13 20:32:52.918,2025-02-14 02:59:29.489
265370,"7b66c5436762f2a612c5ef145132b49d741eb674",69,OpenAPITools--openapi-generator,// TODO: test userStatus,100,100,samples/client/petstore/java/restclient-useSingleRequestParameter/src/test/java/org/openapitools/client/model/UserTest.java,"7db3b421b43c5c2792aac216113f4375a00ef18c","9ed15a1c97321ae74bb395959040c9539c8881a4",true,true,,,,2025-02-13 20:33:02.917,2025-02-14 02:59:45.011
1547822,"6ec7e128ae9d429a7957bcb3a6448d1dbc117684",896,jtablesaw--tablesaw,"// Create a list of patient sub-tables to work with TODO(lwhite): Build the copy-on-write to
// ViewGroups to avoid",89,90,core/src/test/java/tech/tablesaw/perf/TimeDependentFilteringTest.java,a618f8938d9c88dc505c9e4acc3b8003aaea3feb,d4e0bf5413aa4676755af3fd921e82e0ccb0e9fe,true,true,,,,2025-02-14 00:19:15.683,2025-02-14 03:00:12.288
838780,d9c2f1cc3d6b190db98e7c7d2c9decdf96993a00,308,apache--beam,// Need to manually enable streaming engine for legacy dataflow runner,195,195,sdks/java/io/google-cloud-platform/src/test/java/org/apache/beam/sdk/io/gcp/bigquery/providers/BigQueryManagedIT.java,cb606b933ddc869bd348985b1c4aa37af0efda58,"2b18c28132630689639a308dcc30da1441fd65ae",true,true,,,,2025-02-13 21:47:05.849,2025-02-14 18:32:10.313
37613,"05d85f48321b3b9f6a9d2dd00dc101db5c1de17c",8,elastic--elasticsearch,// success only implies that it responded; it also needs to be available and enabled,96,96,x-pack/plugin/monitoring/src/test/java/org/elasticsearch/xpack/monitoring/exporter/http/WatcherExistsHttpResourceTests.java,d6984de154fde42b9cd1318d3285ec21d54f40e3,"3d457ef84ebf5d3ee0fd09339fbc3373ed5beb3c",true,true,,,,2025-02-13 20:12:51.436,2025-02-14 03:03:07.198
1459789,fffa03cae0b4b44c6265c02a3ee45e1459361ecc,770,dromara--dynamic-tp,// add your own wechat webhook url and secret,50,50,test/test-core/src/test/java/org/dromara/dynamictp/test/core/notify/DtpWechatNotifierTest.java,"126a59d55d200874749a8f20105d2a25e7871ab5",ea93f01e5f8823dbfbce3b08fb27210da9d62a99,true,true,,,,2025-02-14 00:09:42.768,2025-02-14 18:35:17.476
544174,"0f233a412de2a3c2ec4747c3c509f45171186304",145,deeplearning4j--deeplearning4j,"/*
    To test:
    tile
    reshape
    permute
    expandDims
    repeat
    rollAxis
    doRepeat
     */",79,88,platform-tests/src/test/java/org/eclipse/deeplearning4j/nd4j/autodiff/opvalidation/TestShapeOpValidation.java,"339ce95315fe0084cc6786019d5ab8cbd8e05bd1","0ab6236295ca75736f591c2ea805e438fc580dbd",true,true,,r,,2025-02-13 21:18:26.707,2025-02-14 18:42:50.095
258237,"277b17d20904da204fbcb67e3700c7e3185aee97",69,OpenAPITools--openapi-generator,// TODO: test FileSchemaTestClass,40,40,samples/client/petstore/java/webclient-useSingleRequestParameter/src/test/java/org/openapitools/client/model/FileSchemaTestClassTest.java,cc3c5f847292859b184dde43a4b100067dc07d3e,"9ed15a1c97321ae74bb395959040c9539c8881a4",true,true,,,,2025-02-13 20:32:37.083,2025-02-14 18:52:16.233
547164,"33d5178e9171f49ecb0e3a398a88041fd66dedab",149,apache--druid,"// The next test also verifies replace functionality. Now, they are together to save on test execution time
// due to Travis CI 10 minute default running time (with no output) -- having it separate made it
// last longer. At some point we should really simplify this file, so it runs faster (splitting, etc.)",164,166,indexing-service/src/test/java/org/apache/druid/indexing/common/task/batch/parallel/HashPartitionMultiPhaseParallelIndexingTest.java,"9cb2ca7a781df717b9745bf1b74284333e05a9ca","58f31b821fe9802ba73f7bbc3234c629ad73f299",true,true,,,,2025-02-13 21:19:15.598,2025-02-14 18:56:26.841
1094424,"164a781eeb6c4d8f8a1e277145a33c9c5e3d740d",482,apache--iotdb,// Avoid failure,230,230,integration-test/src/test/java/org/apache/iotdb/subscription/it/cluster/IoTDBSubscriptionRestartIT.java,"1e3a1fcfc289428bb8b4b308b847de976e8186be",e5dacc08fcfe5b153405212996212eda2230f840,true,true,,review,,2025-02-13 22:27:37.509,2025-02-14 19:03:57.156
272745,b9d0e1df227ddaa89fd8dbd25c5103fcfa8c34a0,69,OpenAPITools--openapi-generator,"// uncomment below to test the function
//List<String> pipe = null;
//List<String> ioutil = null;
//List<String> http = null;
//List<String> url = null;
//List<String> context = null;
//String allowEmpty = null;
//Map<String, String> language = null;
//api.testQueryParameterCollectionFormat(pipe, ioutil, http, url, context, allowEmpty, language).block();

// TODO: test validations",365,375,samples/client/petstore/java/webclient/src/test/java/org/openapitools/client/api/FakeApiTest.java,f7989d0a4dfce6c21e4822122c17a527ba250df1,"9ed15a1c97321ae74bb395959040c9539c8881a4",true,true,,,,2025-02-13 20:33:29.063,2025-02-14 19:07:07.645
625831,"6552619c0495044a2720af157a6de5aadd23045a",211,trinodb--trino,// TODO: Add DELTA_LAKE_DATABRICKS groups once flakiness on Databricks is resolved,135,135,testing/trino-product-tests/src/main/java/io/trino/tests/product/deltalake/TestDeltaLakeCheckConstraintCompatibility.java,"6a6b8ba4157248d9312f01e6acf4467d24083bcb",b89da7e651fea169443b1aaedb0c406744fe2cff,true,true,,,,2025-02-13 21:27:31.210,2025-02-14 19:07:17.598
269671,"04f5add2b9b39b17995307842f699bd5b9cc2cd1",69,OpenAPITools--openapi-generator,// TODO: test justNumber,46,46,samples/client/petstore/java/okhttp-gson/src/test/java/org/openapitools/client/model/NumberOnlyTest.java,e676a131dc03292250f0b93e70c0436e23f37d6f,"9ed15a1c97321ae74bb395959040c9539c8881a4",true,true,,,,2025-02-13 20:33:17.379,2025-02-14 19:08:38.857
285299,f266773c351e01dd007181bedacdeff4c76c99e3,73,google--ExoPlayer,// TODO(b/264974805): Make export output deterministic and check it against dump file.,857,857,library/transformer/src/test/java/com/google/android/exoplayer2/transformer/MediaItemExportTest.java,"0dfe1f7166bd4fd3e8e44bc38ce6b928bf4b1ae9",dd430f7053a1a3958deea3ead6a0565150c06bfc,true,true,,,,2025-02-13 20:34:31.302,2025-02-14 19:11:46.034
509486,c015932d502d52dc988126091b9e750a278d0c08,140,quarkusio--quarkus,// TODO: Maven and Gradle give different return codes,238,238,devtools/cli/src/test/java/io/quarkus/cli/CliProjectGradleTest.java,edc2be8ccfb6e56ed87f00217aa9594175d6cd7c,f94c6114f74bcba3a4dfebc7df2bac6cbeb139b0,true,true,,,,2025-02-13 21:15:22.874,2025-02-14 19:11:35.934
1229100,"8e83504c8ab34bd35df49c297d62bce038d2ff35",605,jankotek--mapdb,// Not yet implemented,814,814,src/test/java/org/mapdb/guavaTests/ConcurrentMapInterfaceTest.java,"5e6f0d19b471e2231bb8c1897195a76061175ab6","8721c0e824d8d546ecc76639c05ccbc618279511",true,true,,,,2025-02-13 23:43:28.959,2025-02-14 19:12:47.315
107169,"259d9bc1b82fc87bd486f078ddba31dec286cb43",22,eugenp--tutorials,// TODO Auto-generated method stub,684,684,web-modules/jakarta-servlets/src/test/java/com/baeldung/servlets/mock/TestUtil.java,"038a43c1105ae180e421785294590ea20ba10ce7","28ee6f8b9d8a6ee95ec0cef5d65a9891b6e1ed55",true,true,,,,2025-02-13 20:19:07.119,2025-02-14 21:33:29.782
333625,d65b1e27184d7e5907f39d855552f1941bb17803,81,openjdk--jdk,// TODO test that remove(obj) with duplicates removes the right element,44,44,test/jdk/java/util/SequencedCollection/Basic.java,b211fa98b67bb4f57200a3bd0205d15ec46a9c48,"642816538fbaa5b74c6beb8a14d1738cdde28c10",true,true,,,,2025-02-13 20:57:35.031,2025-02-14 21:33:12.004
267858,"2a0b47632930a845d5cbde8b9a3bd412e0fe8edf",69,OpenAPITools--openapi-generator,// TODO: test validations,118,118,samples/client/petstore/java/microprofile-rest-client/src/test/java/org/openapitools/client/api/PetApiTest.java,"79f4bab34576d036cd7d221fbc4f385f571b4181","9ed15a1c97321ae74bb395959040c9539c8881a4",true,true,,,,2025-02-13 20:33:10.139,2025-02-14 21:33:21.701
859855,"6a58457e7e976b131ef66223e7451e8901b085c6",323,apache--tomcat,"/**
 * Minimal implementation that provides the bare essentials require for the
 * unit tests.
 */",139,142,test/org/apache/catalina/ssi/TestExpressionParseTree.java,c531df01b3d2db0006cffbb954d27033152b0f04,"3d58c3ac70beb21588b120d21ff5c075801ca31e",true,true,,,,2025-02-13 21:48:46.261,2025-02-14 21:40:11.098
1225703,"41c82856f8074dbf61d60eab7e24276589dbd134",593,pmd--pmd,"// TODO review the generated test code and remove the default call to
// fail.
// fail(""The test case is a prototype."");",343,345,pmd-core/src/test/java/net/sourceforge/pmd/util/database/DBURITest.java,d7dd00d1c882d60118089fd59a6d60b5dd650bc8,"25974fb757f995fdf701ff24bcfbbf165f664743",true,true,,,,2025-02-13 23:43:08.434,2025-02-14 21:40:44.190
363516,"323be15d60720dc8e87ad7da8c83b6351e263093",81,openjdk--jdk,"// Try to ensure the path to the Java launcher is reasonably short,
// to work around the mostly undocumented limit of 120 characters
// for a shebang line.
// The value of 120 is the typical kernel compile-time buffer limit.
// The following limit of 80 allows room for arguments to be placed
// after the path to the launcher on the shebang line.",78,83,test/jdk/tools/launcher/SourceMode.java,"247bb4d43fede96ec01e31c125e6dd44c0a1e603","642816538fbaa5b74c6beb8a14d1738cdde28c10",true,true,,,,2025-02-13 20:59:11.664,2025-02-14 21:46:25.243
271269,"619ac269096eee0760d5ee52da88190330cd2686",69,OpenAPITools--openapi-generator,// TODO: test validations,120,120,samples/client/petstore/java/native/src/test/java/org/openapitools/client/api/UserApiTest.java,"79f4bab34576d036cd7d221fbc4f385f571b4181","9ed15a1c97321ae74bb395959040c9539c8881a4",true,true,,,,2025-02-13 20:33:23.496,2025-02-14 21:47:31.716
623506,"0edffc1ca72d050e175a6a180d5c529052c4c4d6",211,trinodb--trino,"// TODO (https://github.com/trinodb/trino/issues/6242) ResultSet.getObject sometimes fails
//  assertThat(rs.getObject(""bound"")).as(""bound value should round trip the same way as literal "" + expectedValueLiteral)
//        .isEqualTo(rs.getObject(""literal""));",1683,1685,client/trino-jdbc/src/test/java/io/trino/jdbc/TestJdbcPreparedStatement.java,"37d87c0c7ebb45b958c2cc0b5f01669753792023",b89da7e651fea169443b1aaedb0c406744fe2cff,true,true,,,,2025-02-13 21:27:25.153,2025-02-14 21:50:09.429
268436,"1291abae230da31a355ce6819dd92cf94caa6cd3",69,OpenAPITools--openapi-generator,// TODO: test attributeString,49,49,samples/client/petstore/java/retrofit2rx2/src/test/java/org/openapitools/client/model/XmlItemTest.java,"522a43eeb5e8ee23b170bc3f369687a77202dd57","9ed15a1c97321ae74bb395959040c9539c8881a4",true,true,,,,2025-02-13 20:33:12.154,2025-02-14 21:51:28.499
269597,"7d6b6edd6f593271a809b6b7c1b3077f11956ce6",69,OpenAPITools--openapi-generator,// TODO: test categoryTag,62,62,samples/client/petstore/java/okhttp-gson/src/test/java/org/openapitools/client/model/NewPetCategoryInlineAllofTest.java,"85b8b69cea803bf2435fc3a4ecf7c6461cd05ccd","9ed15a1c97321ae74bb395959040c9539c8881a4",true,true,,,,2025-02-13 20:33:17.045,2025-02-14 21:56:59.758
261008,ff1b0d02256bb1a4d52069a63157daf23ca6e032,69,OpenAPITools--openapi-generator,// TODO: test OuterEnum,29,29,samples/client/petstore/java/restclient-swagger2/src/test/java/org/openapitools/client/model/OuterEnumTest.java,d2bae095c8961c6f78e6a825ad5a96522048744a,"9ed15a1c97321ae74bb395959040c9539c8881a4",true,true,,,,2025-02-13 20:32:47.689,2025-02-14 22:00:32.791
38040,"2de71567f488f56d21f75f73dcb4aef76c7ad107",8,elastic--elasticsearch,// TODO: implement tests,14,14,x-pack/plugin/shutdown/src/test/java/org/elasticsearch/xpack/shutdown/ShutdownTests.java,"6b1c139b4471be944aecbdf9d20a36b01b18625b","3d457ef84ebf5d3ee0fd09339fbc3373ed5beb3c",true,true,,,,2025-02-13 20:12:52.743,2025-02-14 22:02:40.314
280169,"7812583650503908faae37a287fa62ef71e03f8b",69,OpenAPITools--openapi-generator,// TODO: test TestInlineFreeformAdditionalPropertiesRequest,38,38,samples/openapi3/client/petstore/java/jersey2-java8/src/test/java/org/openapitools/client/model/TestInlineFreeformAdditionalPropertiesRequestTest.java,"4579aa732a09e6bc0af80a2ea0647481fb3d401a","9ed15a1c97321ae74bb395959040c9539c8881a4",true,true,,,,2025-02-13 20:33:55.983,2025-02-14 22:03:56.276
831173,a15715d4998f5bb3f4583fc8d74682422f9edbf9,303,testcontainers--testcontainers-java,// Using deprecated constructor for verification of backwards compatibility,97,97,modules/cassandra/src/test/java/org/testcontainers/containers/CassandraContainerTest.java,"1aaab87f9c1538be829964cf76e3bafcccfe995b","6139e5ef8563166bb54391da56f5e0474abe2778",true,true,,,,2025-02-13 21:46:13.596,2025-02-14 22:09:18.366
107154,a7f9683254515b2d25a147afe4730de799316f9a,22,eugenp--tutorials,// TODO Auto-generated method stub,572,572,web-modules/jakarta-servlets/src/test/java/com/baeldung/servlets/mock/TestUtil.java,"038a43c1105ae180e421785294590ea20ba10ce7","28ee6f8b9d8a6ee95ec0cef5d65a9891b6e1ed55",true,true,,,,2025-02-13 20:19:07.088,2025-02-14 22:09:33.920
277908,fc22ab076b24a9651590a978310425a97349a347,69,OpenAPITools--openapi-generator,// TODO: test quantity,55,55,samples/server/petstore/java-helidon-server/v4/se/src/test/java/org/openapitools/server/model/OrderTest.java,cc14eb0176f6943ede7f8f1817bc0e8a98d78103,"9ed15a1c97321ae74bb395959040c9539c8881a4",true,true,,,,2025-02-13 20:33:47.430,2025-02-14 22:09:53.522
985094,"8f3f20994c7f323213e631d844bc312ba3a60119",435,hibernate--hibernate-orm,"//TODO this could be implemented with @BeforeAll, if we move to Junit 5.5 or higher. The way to intercept exceptions in this method, inside
// the @NotImplementedYet extension would be by harnessing LifecycleMethodExecutionExceptionHandler, or InvocationInterceptor,
// and both are Junit 5.5 (and experimental)",59,61,hibernate-core/src/test/java/org/hibernate/orm/test/jpa/cascade/multilevel/MultiLevelCascadeCollectionIdClassTest.java,e775f6cdc75a6ee68f0ef47ada35073727e03c47,ff5fa10867d82d78002746faba4665e1a420bf0f,true,true,,,,2025-02-13 21:59:57.837,2025-02-14 22:13:03.595
1652572,"760e761b44c664231af992c9be7bb0d74db1889f",984,apache--linkis,"// TODO Second, modify the sql, so Flink engineConn can run it successfully.",31,31,linkis-computation-governance/linkis-client/linkis-computation-client/src/test/java/org/apache/linkis/computation/client/FlinkOnceJobTest.java,edd20864032c842f54385ef53686f6fb3c30c997,"39e10344a2624b6d507e8e65706ed45d841ea08c",true,true,,,,2025-02-14 00:28:29.471,2025-02-14 22:17:52.128
256848,"05d5c03dfb363a1c909ff37f5dee9605a452f8c6",69,OpenAPITools--openapi-generator,// TODO: test validations,45,45,samples/client/petstore/java/okhttp-gson-parcelableModel/src/test/java/org/openapitools/client/api/FakeClassnameTags123ApiTest.java,"79f4bab34576d036cd7d221fbc4f385f571b4181","9ed15a1c97321ae74bb395959040c9539c8881a4",true,true,,,,2025-02-13 20:32:32.108,2025-02-14 22:19:27.213
274572,"36e7672bbfd802cac2fc860f2d33d937140243b2",69,OpenAPITools--openapi-generator,// TODO: test number,44,44,samples/client/echo_api/java/feign-gson/src/test/java/org/openapitools/client/model/NumberPropertiesOnlyTest.java,b7a9b20ac88c759996d2464b5c0516aa92713383,"9ed15a1c97321ae74bb395959040c9539c8881a4",true,true,,,,2025-02-13 20:33:35.017,2025-02-14 22:20:55.542
47430,"1aa14b23ff70ba208686c0bb62c752d8a5a72fd6",8,elastic--elasticsearch,// TODO: we have no CannedAnalyzer?,126,126,modules/mapper-extras/src/test/java/org/elasticsearch/index/mapper/extras/TokenCountFieldMapperTests.java,c341411ec227cb12228efec475f6eb5d4c90bdf9,"3d457ef84ebf5d3ee0fd09339fbc3373ed5beb3c",true,true,,,,2025-02-13 20:13:24.678,2025-02-14 22:23:55.600
845325,"9211c691e0f511fed1a999f1f9ba688085702b40",308,apache--beam,// TODO: Remove once Distributions has shipped.,84,84,runners/google-cloud-dataflow-java/worker/src/test/java/org/apache/beam/runners/dataflow/worker/SimpleParDoFnTest.java,"2d745c404cc478e26af2dd3bf2c646596a599bac","2b18c28132630689639a308dcc30da1441fd65ae",true,true,,,,2025-02-13 21:47:27.322,2025-02-14 22:28:40.388
842237,e1d33bd60f4694151a928bf1fa3b29aa33867a30,308,apache--beam,// TODO(https://github.com/apache/beam/issues/20447),66,66,sdks/java/core/src/test/java/org/apache/beam/sdk/transforms/ParDoLifecycleTest.java,"1056c54485d81d96bde80a16a3cc8bed6ffd6a96","2b18c28132630689639a308dcc30da1441fd65ae",true,true,,,,2025-02-13 21:47:16.437,2025-02-14 22:51:35.896
60512,"9964604c2eab1d37c6333a1f227a59588a3388c3",11,spring-projects--spring-framework,// This is not recommended: use publishEvent(new PayloadApplicationEvent(...)) instead,127,127,spring-context/src/test/java/org/springframework/context/event/PayloadApplicationEventTests.java,a5f44575fbc7fada8638dca9e51db75119702af8,"6ded25ba28b11a1237c1a9053ddc1c91bfd31d71",true,true,,,,2025-02-13 20:14:29.539,2025-02-14 22:53:43.048
876990,ce02e7af3b6dfc5b5c2320f9c1670d619baf58d2,337,google--closure-compiler,// TODO(johnlenz): fix this.,964,964,test/com/google/javascript/jscomp/RemoveUnusedCodeNameAnalyzerTest.java,"684756024e4fd52c74c1fd76da2dba5e0b382ab3",c86e4dd27ef48f9aa49261b1391274023ce7b658,true,true,,,,2025-02-13 21:50:39.185,2025-02-14 23:05:34.133
1615491,"46db2fd10c85ed67efe07f2abcf1bb8f131e5a94",956,apache--logging-log4j2,"////////////////
////////////////   INTERNAL DEVELOPER TESTS follow
////////////////   (these are NOT necessary for unit test but source is kept here for reference and info)",394,396,log4j-jul/src/test/java/org/apache/logging/log4j/jul/test/Log4jBridgeHandlerTest.java,"1636cd29cd151849f0eb4c549fd46c04dee84635",c59fdd4a0e1478da3a0260ed07e07488f199e221,true,true,,,,2025-02-14 00:25:17.982,2025-02-14 23:08:59.856
262848,"31fe4d90d9a738fe24c8381dd219beb5b608ca2e",69,OpenAPITools--openapi-generator,// TODO: test className,48,48,samples/client/petstore/java/google-api-client/src/test/java/org/openapitools/client/model/CatTest.java,c6045aff5b3106fed06e86f92a56564f8acc235f,"9ed15a1c97321ae74bb395959040c9539c8881a4",true,true,,,,2025-02-13 20:32:54.506,2025-02-14 23:14:16.489
255418,"97b5e1aded9e9074daff017ac67b7227347dc5cc",69,OpenAPITools--openapi-generator,// TODO: test prefixNsString,233,233,samples/client/petstore/java/retrofit2rx3/src/test/java/org/openapitools/client/model/XmlItemTest.java,"41f0b350fc70161fd99bfb7a140787fde6c41f32","9ed15a1c97321ae74bb395959040c9539c8881a4",true,true,,,,2025-02-13 20:32:26.063,2025-02-14 23:15:01.791
1158021,"08a7397fb5385023fe95fb87ecedca94ff23c3c5",501,langchain4j--langchain4j,// TODO implement,91,91,langchain4j-google-ai-gemini/src/test/java/dev/langchain4j/model/googleai/common/GoogleAiGeminiChatModelIT.java,"972c9937225b691138532a1d4752866c6f5b5f43","0e5b1ece9cb22f52dfe9846885a35ec906e0cdd6",true,true,,,,2025-02-13 23:33:20.359,2025-02-14 23:22:06.118
876571,"35a73bbadc074c5484c4bc3a35f7ba72cf420c6d",337,google--closure-compiler,// TODO(b/142881197): we can't give a more accurate type right now.,1608,1608,test/com/google/javascript/jscomp/Es6RewriteGeneratorsTest.java,"5ec609736d2af33870df300108823c76ff2c3a65",c86e4dd27ef48f9aa49261b1391274023ce7b658,true,true,,,,2025-02-13 21:50:38.133,2025-02-14 23:22:50.828
357465,"2b4091cbec231823d796ad336735daa9d9939d88",81,openjdk--jdk,"/**
 * A space as a group separator for localized pattern causes
 * wrong format.  WorkAround : use non-breaking space.
 */",254,257,test/jdk/java/text/Format/NumberFormat/NumberRegression.java,"413ce4671b95ed8a3ba29e5cdce367bfb617c205","642816538fbaa5b74c6beb8a14d1738cdde28c10",true,true,,,,2025-02-13 20:58:54.698,2025-02-14 23:25:09.278
73111,e4212106e44516cb95825c627ad2109baa6ac78b,12,NationalSecurityAgency--ghidra,"// NB. I don't know what uniques, if any, are involved",115,115,Ghidra/Debug/Debugger/src/test/java/ghidra/app/plugin/core/debug/gui/pcode/DebuggerPcodeStepperProviderTest.java,"0447a6cba4c80a5e484e88308530848cf01d534e",db1b6860c9bbe8b659704cb3909c0bf54359fb7d,true,true,,,,2025-02-13 20:16:25.082,2025-02-14 23:24:35.914
271491,e8dba93afae364d3f43472cc491d35707a2ebdbf,69,OpenAPITools--openapi-generator,// TODO: test dateTime,131,131,samples/client/petstore/java/microprofile-rest-client-3.0/src/test/java/org/openapitools/client/model/FormatTestTest.java,"930befda390ce67c5335140b5ade9ee67322359e","9ed15a1c97321ae74bb395959040c9539c8881a4",true,true,,,,2025-02-13 20:33:24.011,2025-02-14 23:24:48.364
143962,f41d0d3d88926d2aed1354c18e654ef78d318286,40,apache--kafka,"// Old brokers may require CLUSTER permission to use the OffsetForLeaderEpoch API,
// so we should skip offset validation and not send the request.",1219,1220,clients/src/test/java/org/apache/kafka/clients/consumer/internals/OffsetFetcherTest.java,f72686ef3a4320451168c57e1b5acca14a8ef8ef,a6ec7584888a4202542eb2d8debbe1a924784aa2,true,true,,,,2025-02-13 20:23:02.862,2025-02-14 23:27:39.874
993158,c5da170533b99c5a33ac713584da05a24a201b6e,441,google--j2objc,"// TODO: Tests when ""while((c=iter.nextCaseMapCP())>=0)"" is false",3025,3025,jre_emul/android/platform/external/icu/android_icu4j/src/main/tests/android/icu/dev/test/lang/UCharacterTest.java,fe6735d5baf6bf1c38e1aac9f6b36197ee0abf69,"3664859a54dbe07905b2789cf06318c5b390e92f",true,true,,,,2025-02-13 22:01:34.549,2025-02-14 23:32:13.381
2215,dbd189e76e13ee1bbda96e91cf979898a7e0bb08,6,spring-projects--spring-boot,// Test something...,32,32,spring-boot-project/spring-boot-docs/src/main/java/org/springframework/boot/docs/features/developingautoconfiguration/testing/MyConditionEvaluationReportingTests.java,"488d326010d55eb8203803d82afa2f7ba89f3812","60adee359a474a7a3edbb034998b335d714b0bc1",true,true,,,,2025-02-13 20:09:28.981,2025-02-14 23:32:58.393
107075,"7fee0ca5b17c5970d3aa3d519cfc5df614ce8e1b",22,eugenp--tutorials,// TODO Auto-generated method stub,51,51,web-modules/jakarta-servlets/src/test/java/com/baeldung/servlets/mock/TestUtil.java,"038a43c1105ae180e421785294590ea20ba10ce7","28ee6f8b9d8a6ee95ec0cef5d65a9891b6e1ed55",true,true,,,,2025-02-13 20:19:06.914,2025-02-14 23:35:24.462
479880,"02a999ac90bb1adc59be5a98897b7f7e0a8b0fc1",129,questdb--questdb,// TODO: should return count on first table instead,7276,7276,core/src/test/java/io/questdb/test/griffin/ExplainPlanTest.java,bfda989281529ef3f2d8be95f90bb6bb26ff8be6,"22d81f26b151ab65f962ac899015d1f99b4ed689",true,true,,,,2025-02-13 21:12:20.251,2025-02-14 23:38:42.200
1171646,e82b32de88b4300b8059c4745402618b8fc241f2,541,apache--hbase,"// When RegionServer is created in MiniHBaseCluster, it uses HBaseConfiguration.create(conf) of
// the master Configuration. The create() just copies config params over, it does not do
// a clone for a historic reason. Properties such as resources are lost during this process.
// Exposing a new method in HBaseConfiguration causes confusion. Instead, the new hbase-site.xml
// under test-data directory is added to RegionServer's configuration as a workaround.",80,84,hbase-server/src/test/java/org/apache/hadoop/hbase/client/AbstractTestUpdateConfiguration.java,"4f25b4a40575994d58925198ff6e6392639e882e","821f1b0d494b5ef850eae4b9a1a21c53dd4d2763",true,true,,,,2025-02-13 23:35:19.576,2025-02-14 23:40:35.143
92394,"17be478a76e48dca32236d3e1496b8941ef4ce78",12,NationalSecurityAgency--ghidra,"//TODO: Create MDMangVS2015 Specialization for this problem and then remove ""mstruth = mdtruth""",5322,5322,Ghidra/Features/MicrosoftDmang/src/test/java/mdemangler/MDMangBaseTest.java,"2e5edbc244eeea719dd76e948babb4124cadabbe",db1b6860c9bbe8b659704cb3909c0bf54359fb7d,true,true,,,,2025-02-13 20:17:30.510,2025-02-14 23:39:08.540
1371742,"933d10c145773f0dbaa5ac056da7df0e98ca646b",733,Freeyourgadget--Gadgetbridge,// TODO,455,455,app/src/test/java/nodomain/freeyourgadget/gadgetbridge/service/devices/sony/headphones/protocol/impl/v2/SonyProtocolImplV2Test.java,"0beb03789824b85a8d7285013ab1651cf48ad764",a0948ee1cbc2a870f91d313f8e37df5f524465f7,true,true,,,,2025-02-13 23:56:49.582,2025-02-14 23:41:10.421
398677,"4d31df18b7463c814d9af5a7001bb7146dde8a1f",119,prestodb--presto,// Alpha does not support DML yet,6133,6133,presto-hive/src/test/java/com/facebook/presto/hive/TestHiveIntegrationSmokeTest.java,cf334a26e69e02dc55dae634ec3e31c4a52ebdf8,e84e4d21c8a1429095a180f5152de0b988b998d2,true,true,,,,2025-02-13 21:04:52.541,2025-02-14 23:43:06.651
674838,a9e19f2ce8948c34d6496df395debcb82e423be0,213,aosp-mirror--platform_frameworks_base,"/**
 * Keeps an accessible copy of messages that were queued for us to query.
 *
 * WARNING: queued messages get added to this, but processed/removed messages to NOT
 * automatically get removed. This can lead to confusing bugs. Maybe one day someone will
 * fix this, but in the meantime, this is your warning.
 */",1950,1956,services/tests/servicestests/src/com/android/server/am/UserControllerTest.java,b9fae7540a4e3033167dd7373f43e2ba8b50ab76,"58d256e4c9d5c0eabe880e84ac05f0374c910163",true,true,,,,2025-02-13 21:32:35.907,2025-02-14 23:46:24.069
1064896,"3e03533489e73151e58ccbb95b24543c34e4b444",478,apache--camel,// Need to run the mvn clean install to create the test jar file when running it from IDE,167,167,components/camel-spring-xml/src/test/java/org/apache/camel/spring/scan/DefaultPackageScanClassResolverTest.java,"6d3ba1d3f4b17173b41755f301a93a4c1bcc5db1","0f00efcd0e3ad9149092e315faea2ed4f2b2dde5",true,true,,review,,2025-02-13 22:24:56.376,2025-02-14 23:52:52.264
1544848,"9a54ebecad4668d8b3b4d5f5748460ac4cb4060f",889,undertow-io--undertow,//this is pretty yuck,134,134,core/src/test/java/io/undertow/server/handlers/ChunkedRequestTrailersTestCase.java,"338a24c5ef17e1a0a76dce0940611385261984f6","85cb914965b24bcd3e3bd6075597ac1d031fa94e",true,true,,,,2025-02-14 00:18:56.839,2025-02-14 23:49:30.269
264140,fc98619fb9558461e73fb9e241357405ba4403a8,69,OpenAPITools--openapi-generator,// TODO: test color,56,56,samples/client/petstore/java/apache-httpclient/src/test/java/org/openapitools/client/model/DogTest.java,"696d53d2d7e629768f59b82a58ea88c6784a2f84","9ed15a1c97321ae74bb395959040c9539c8881a4",true,true,,,,2025-02-13 20:32:58.774,2025-02-14 23:54:35.317
857022,"038e260ff885bd0bde2cf610c344205abfcd6b9e",323,apache--tomcat,// TODO Auto-generated method stub,961,961,modules/jdbc-pool/src/test/java/org/apache/tomcat/jdbc/test/driver/ResultSet.java,"038a43c1105ae180e421785294590ea20ba10ce7","3d58c3ac70beb21588b120d21ff5c075801ca31e",true,true,,,,2025-02-13 21:48:38.227,2025-02-14 23:55:52.847
279400,"9bb242faf5e08e154f8f22483c221826ab723ff8",69,OpenAPITools--openapi-generator,// TODO: test color,47,47,samples/server/petstore/java-helidon-server/v3/mp/src/test/java/org/openapitools/server/model/AnimalTest.java,"696d53d2d7e629768f59b82a58ea88c6784a2f84","9ed15a1c97321ae74bb395959040c9539c8881a4",true,true,,,,2025-02-13 20:33:53.710,2025-02-14 23:55:59.392
1028704,b956cfb68decf8782faa9e5887f72bf4f7913bfe,445,vespa-engine--vespa,// probably not needed,1014,1014,documentgen-test/src/test/java/com/yahoo/vespa/config/DocumentGenPluginTest.java,"30d8aa6e1ff85da56649b2b5ed1cc5cebefff261","6782a126f815ab896e6c379caaf9e9e909aa5d09",true,true,,,,2025-02-13 22:03:53.179,2025-02-14 23:57:12.970
256476,b831589b11858733d2ddb59696c2d334fc373253,69,OpenAPITools--openapi-generator,// TODO: test OuterComposite,38,38,samples/client/petstore/java/okhttp-gson-parcelableModel/src/test/java/org/openapitools/client/model/OuterCompositeTest.java,"1a5643b1f95329ce4381daab33bcbf6da88ba163","9ed15a1c97321ae74bb395959040c9539c8881a4",true,true,,,,2025-02-13 20:32:30.456,2025-02-15 00:02:19.249
261878,de79b3dca06ca2f6b84923d7fc0c7f6763a6d30d,69,OpenAPITools--openapi-generator,// TODO: test className,49,49,samples/client/petstore/java/webclient-swagger2/src/test/java/org/openapitools/client/model/DogTest.java,c6045aff5b3106fed06e86f92a56564f8acc235f,"9ed15a1c97321ae74bb395959040c9539c8881a4",true,true,,,,2025-02-13 20:32:51.210,2025-02-17 17:40:47.415
275674,"5b95f118412ab66ed981b1ba2d8bab0b2e4b819e",69,OpenAPITools--openapi-generator,// TODO: test values,47,47,samples/client/echo_api/java/native/src/test/java/org/openapitools/client/model/TestQueryStyleFormExplodeTrueArrayStringQueryObjectParameterTest.java,"09d3fecc828164db11dfbf9fdbf1c3a0f16dd7b2","9ed15a1c97321ae74bb395959040c9539c8881a4",true,true,,,,2025-02-13 20:33:39.332,2025-02-17 17:41:45.934
726817,db47c07cc8833cd823ee358fe1237802dfe14e0f,230,opensearch-project--OpenSearch,// Todo: Move this test to SegmentReplicationIndexShardTests so that it runs for both node-node & remote store,664,664,server/src/test/java/org/opensearch/index/shard/SegmentReplicationWithNodeToNodeIndexShardTests.java,"2ca4da5ab08081dd751e414cea3dfad8871fb5e7",c82fffe8e333a8fff600dc22fa2e1aed7276d180,true,true,,,,2025-02-13 21:36:51.522,2025-02-17 17:42:54.727
1359128,"0a9a2b0850ae335253df07449bef083947d5eb0d",700,CalebFenton--simplify,"// TODO: easy, try reloadClasses false, or explain why it's needed",430,430,smalivm/src/test/java/org/cf/smalivm/opcode/InvokeOpTest.java,"0842ce9a9d118484bea6320f90d891101839d5d3","29fb25d624aecf0b075dea5c6029b2541474ddfe",true,true,,,,2025-02-13 23:55:21.121,2025-02-17 17:46:08.682
50375,"5e0e7125679eb22abd885d35518fb28dc155ca03",8,elastic--elasticsearch,"// this test needs to verify that a field declared in version N will be available in version N+1
// to do this, we assume a version N is minimum (so that the test passes for future releases) and the N+1 is current()

// new name is accessed in ""current"" version - lets assume the current is minimumSupported",1218,1221,libs/x-content/src/test/java/org/elasticsearch/xcontent/ObjectParserTests.java,"32e70b7141f410a030ebefc4c14f09a8620f7b1a","3d457ef84ebf5d3ee0fd09339fbc3373ed5beb3c",true,true,,,,2025-02-13 20:13:35.545,2025-02-17 17:49:45.053
257124,da29d8666c40e281c9674fb0ab8e55c6a04e8867,69,OpenAPITools--openapi-generator,// TODO: test deprecatedRef,66,66,samples/client/petstore/java/jersey3/src/test/java/org/openapitools/client/model/ObjectWithDeprecatedFieldsTest.java,"4cb373337a9e81f258b669b24049d43805b2a358","9ed15a1c97321ae74bb395959040c9539c8881a4",true,true,,,,2025-02-13 20:32:32.919,2025-02-17 17:50:41.924
269447,a1f4c1f7cadb0f87ca623e56b5f8d26194ac2f28,69,OpenAPITools--openapi-generator,// TODO: test mapWithUndeclaredPropertiesAnytype2,80,80,samples/client/petstore/java/okhttp-gson/src/test/java/org/openapitools/client/model/AdditionalPropertiesClassTest.java,"0de2c3fc29b17c2f3f9d7c38579254f188321023","9ed15a1c97321ae74bb395959040c9539c8881a4",true,true,,,,2025-02-13 20:33:16.402,2025-02-17 17:52:41.332
257540,"255027f0c8b343c8d7e9333c8e2af5c4aa7aa751",69,OpenAPITools--openapi-generator,// TODO: test Animal,41,41,samples/client/petstore/java/jersey3/src/test/java/org/openapitools/client/model/AnimalTest.java,ed3b4366c69887ba8f702e5c678377899579e150,"9ed15a1c97321ae74bb395959040c9539c8881a4",true,true,,,,2025-02-13 20:32:34.536,2025-02-17 17:53:05.895
45505,ed016bb7aa252947d1e6d2fec504d99b0dacec30,8,elastic--elasticsearch,// TODO implement https://github.com/elastic/elasticsearch/issues/25929,25,25,x-pack/plugin/core/src/test/java/org/elasticsearch/xpack/core/ml/action/GetJobsActionRequestTests.java,"47cbe543f77922946ee9ea2a82f9b9edb18583e6","3d457ef84ebf5d3ee0fd09339fbc3373ed5beb3c",true,true,,,,2025-02-13 20:13:17.619,2025-02-17 17:54:30.316
989114,"15edff4d4b96ef2f3534c45e7be2e73e8d336a50",441,google--j2objc,// TODO change in exhaustive,574,574,jre_emul/android/platform/external/icu/android_icu4j/src/main/tests/android/icu/dev/test/collator/AlphabeticIndexTest.java,e4ecabaee826af2dce780b8757646957c7e5b5ae,"3664859a54dbe07905b2789cf06318c5b390e92f",true,true,,,,2025-02-13 22:01:21.285,2025-02-17 17:56:37.233
380117,b9ad5482e4028f009bbb83f2df5694ab6ea35fd8,104,openzipkin--zipkin,// TODO: use normal spring.server properties after https://github.com/line/armeria/issues/1834,34,34,zipkin-server/src/test/java/zipkin2/server/internal/ITZipkinServerSsl.java,"22f17bafaf69a5b48f1e1ee4053ffc40df343940",e151986db4d1de1aea53618f18e4ee3acaa9ed3a,true,true,,,,2025-02-13 21:02:01.079,2025-02-17 18:04:13.486
261218,"27de646e271471c5d1476e68af6e6e1809b9f560",69,OpenAPITools--openapi-generator,// TODO: test capitalSnake,69,69,samples/client/petstore/java/restclient-swagger2/src/test/java/org/openapitools/client/model/CapitalizationTest.java,"3d7183f58c75f7c5d53c9fe70e7a52b36bf02dce","9ed15a1c97321ae74bb395959040c9539c8881a4",true,true,,,,2025-02-13 20:32:48.878,2025-02-17 18:09:10.341
997190,"2411877b3903dc54b9341814d25ba3f63067eddc",441,google--j2objc,"// 'x' not ""x"" -- workaround bug in IBM JDK 1.4.1",1014,1014,jre_emul/android/platform/external/icu/android_icu4j/src/main/tests/android/icu/dev/test/format/NumberRegressionTests.java,f1577e042eafab1081f241fcb736129bca6592d4,"3664859a54dbe07905b2789cf06318c5b390e92f",true,true,,,,2025-02-13 22:01:47.893,2025-02-17 18:09:08.452
889989,baf2327480a004d452480f84df6c75b6bfefecc2,360,gocd--gocd,"// unfortunately there is no way to know why revisions would mismatch during manual trigger.
// We already let all manual triggers to bypass revision match check",331,332,server/src/test-integration/java/com/thoughtworks/go/server/service/BuildCauseProducerServiceConfigRepoIntegrationTest.java,"0285293dd01db266a81154242759290d0a6eda0d","2986f0d15838bd1b1b31fc072727e49114738765",true,true,,,,2025-02-13 21:51:44.251,2025-02-17 18:09:40.041
261484,ced0a9ac8604279dc32d72177dc46336495ba58b,69,OpenAPITools--openapi-generator,// TODO: test validations,44,44,samples/client/petstore/java/restclient-swagger2/src/test/java/org/openapitools/client/api/DefaultApiTest.java,"79f4bab34576d036cd7d221fbc4f385f571b4181","9ed15a1c97321ae74bb395959040c9539c8881a4",true,true,,,,2025-02-13 20:32:50.035,2025-02-17 18:13:00.003
247907,c5ccc68bf39a9a42d8a87c6c5a32d585ab7f6462,69,OpenAPITools--openapi-generator,"// TODO: additional properties should be of type Dictionary<string, List<Children>>",591,591,modules/openapi-generator/src/test/java/org/openapitools/codegen/csharpnetcore/CSharpModelTest.java,ba557c68f3a5131ff318f9ca813b3aeed45b3cb3,"9ed15a1c97321ae74bb395959040c9539c8881a4",true,true,,,,2025-02-13 20:32:01.086,2025-02-17 18:13:23.269
496095,"0b2461396bcba8b55959ca46c3faf38e0fa4c013",135,apache--pulsar,"// TODO in theory there shouldn't be any ledgers left if we are using readers.
//  However, trimming of ledgers are piggy packed onto ledger operations.
//  So if there isn't new data coming in, trimming never occurs.
//  We need to trigger trimming on a schedule to actually delete all remaining ledgers",273,276,pulsar-broker/src/test/java/org/apache/pulsar/broker/service/BacklogQuotaManagerTest.java,a862dab8a8164beb6827b9864d13da478d9a7f07,"367faefc2e61c68e587626d07f9d98163d3cd935",true,true,,,,2025-02-13 21:13:54.228,2025-02-17 18:15:25.893
1477629,d9f78c94c25bd4311fcb55aabc93967de0b219f5,805,geoserver--geoserver,// TODO pass properties file,47,47,src/community/jms-cluster/activemqBroker/src/test/java/org/geoserver/web/Start.java,"7d7f05c1496f553ffbb956f33f1657edeca3ffa2","8871198a41d255de8c964263f0a6f15d44d15d62",true,true,,,,2025-02-14 00:11:39.338,2025-02-17 18:20:37.599
899056,"58a3de3c873d7f3279dbdb77fe59698657034f52",368,Alluxio--alluxio,"// we don't serve authorization/configuration grpc requests in testing,
// so make sure clients are not supposed to make those requests",89,90,core/server/worker/src/test/java/alluxio/worker/block/BlockMasterClientTest.java,ab3b87b9f7e68bc608ff7552df09d742ad3891b4,e1f4443bb4ef24bb12d2f7013c94edc36961da31,true,true,,review,,2025-02-13 21:52:31.746,2025-02-17 18:18:21.180
1155491,ed34f1fbd1dfc522643c2835e1da4dd7b47824c3,501,langchain4j--langchain4j,// TODO https://github.com/langchain4j/langchain4j/issues/2219,23,23,langchain4j-ollama/src/test/java/dev/langchain4j/model/ollama/common/OllamaChatModelIT.java,"37d7958cb26229b3d2328eca2d8eff51ed2c3c31","0e5b1ece9cb22f52dfe9846885a35ec906e0cdd6",true,true,,,,2025-02-13 23:33:12.204,2025-02-17 18:22:31.373
254678,"284247c66fb88d0b59c2b4cb1255f3e328bf5175",69,OpenAPITools--openapi-generator,// TODO: test File,36,36,samples/client/petstore/java/feign-no-nullable/src/test/java/org/openapitools/client/model/FileTest.java,"380b128d1cfc252f98e89d982a1aa49704f4889c","9ed15a1c97321ae74bb395959040c9539c8881a4",true,true,,,,2025-02-13 20:32:22.980,2025-02-17 18:25:52.808
255027,e58b7393b16135fc327f954225ae866c6543cd07,69,OpenAPITools--openapi-generator,"// api.createUsersWithArrayInput(body);

// TODO: test validations",51,53,samples/client/petstore/java/feign-no-nullable/src/test/java/org/openapitools/client/api/UserApiTest.java,bf7f57d2d61e446e37f29452936f93c424268ca1,"9ed15a1c97321ae74bb395959040c9539c8881a4",true,true,,,,2025-02-13 20:32:24.369,2025-02-17 18:27:38.710
266410,"5c7d457e088d078dcb402dcc22813870db1a9a5c",69,OpenAPITools--openapi-generator,// TODO: test bigDecimal,155,155,samples/client/petstore/java/jersey2-java8/src/test/java/org/openapitools/client/model/FormatTestTest.java,e90ba7123675cbacfc4c63204b83e285c1d84ce0,"9ed15a1c97321ae74bb395959040c9539c8881a4",true,true,,,,2025-02-13 20:33:06.036,2025-02-17 18:30:43.454
278650,"502706c3a391946be2561da4e518cad9bf3b7480",69,OpenAPITools--openapi-generator,// TODO: test value,39,39,samples/server/petstore/java-helidon-server/v3/se/src/test/java/org/openapitools/server/model/OuterObjectWithEnumPropertyTest.java,"955fbff3bd1ae003d8b2f397dd101f636a813af8","9ed15a1c97321ae74bb395959040c9539c8881a4",true,true,,,,2025-02-13 20:33:50.705,2025-02-17 18:31:39.221
1188159,"8e74e1b8e4022740ec3bcdd726a09f29f4765247",541,apache--hbase,// only secretkeyspec supported for now,165,165,hbase-diagnostics/src/test/java/org/apache/hadoop/hbase/security/TestEncryptionUtil.java,"1c3a9b191b56d6b2e6457ffaa438d16bdec7bbf7","821f1b0d494b5ef850eae4b9a1a21c53dd4d2763",true,true,,,,2025-02-13 23:36:09.324,2025-02-17 18:33:04.384
21914,"2c121eb5c41f3963ea13796631efa7fc81020b2d",8,elastic--elasticsearch,// relocation is not possible for unserchable shards until ES-4677 is implemented,207,207,server/src/test/java/org/elasticsearch/action/support/broadcast/unpromotable/TransportBroadcastUnpromotableActionTests.java,dab5f51472984392d7758aa196ca6407592df619,"3d457ef84ebf5d3ee0fd09339fbc3373ed5beb3c",true,true,,,,2025-02-13 20:11:59.215,2025-02-17 21:44:44.473
203245,"8c66b7a0cdbed860e248ec8ce28238911eaa8547",60,apache--flink,// THIS FILE IS COPIED FROM APACHE CALCITE,51,51,flink-table/flink-table-planner/src/test/java/org/apache/flink/table/planner/utils/DiffRepository.java,d3b33fef2f8d09456a8486124d5086fa77105cf9,"24f18975c7205ec3b58e2fb8dca048fa2b6a4721",true,true,,review,,2025-02-13 20:28:06.907,2025-02-17 18:40:07.672
1118417,"79054091b0c620838dc357767fa7c2160d6577bb",488,apache--pinot,"/**
 * Test for advanced push types.
 * Currently only tests METADATA push type.
 * todo: add test for URI push
 */",57,61,pinot-integration-tests/src/test/java/org/apache/pinot/integration/tests/SegmentUploadIntegrationTest.java,"46c08447b3bf9f7acdec5041f73928e6d90e50a1",b024d6bed9f62bfb44ec4bd3901f3f21956220b7,true,true,,,,2025-02-13 22:29:55.710,2025-02-17 19:14:00.657
1037082,c6d85ec18b6ab7eb38e794b3c3feb2b6dd782e02,445,vespa-engine--vespa,// TODO replace explicit pre-mockito mock classes with proper mockito mocks wherever possible,57,57,documentapi/src/test/java/com/yahoo/documentapi/messagebus/MessageBusVisitorSessionTestCase.java,a369e2628d36bd0d8ced915f50196ba7cb1ec38c,"6782a126f815ab896e6c379caaf9e9e909aa5d09",true,true,,,,2025-02-13 22:04:20.427,2025-02-17 18:36:13.289
279505,"399e01ece11a395c1cede6d8115122fe237b9452",69,OpenAPITools--openapi-generator,// TODO: test string,107,107,samples/openapi3/client/petstore/java/jersey2-java8/src/test/java/org/openapitools/client/model/FormatTestTest.java,"618dd5b1c6673fba8749420fd1c642aa297a7115","9ed15a1c97321ae74bb395959040c9539c8881a4",true,true,,,,2025-02-13 20:33:53.978,2025-02-17 18:37:10.816
249335,"0cdfbe60c97a15e40aa8640851673b7ad08c968e",69,OpenAPITools--openapi-generator,// TODO: test Dog,39,39,samples/client/petstore/java-helidon-client/v4/se/src/test/java/org/openapitools/client/model/DogTest.java,ca3e171d95d89f17e3d77c919568e9f583f13845,"9ed15a1c97321ae74bb395959040c9539c8881a4",true,true,,,,2025-02-13 20:32:05.134,2025-02-17 18:38:39.224
856789,"17cec9bd85e396f591a51e505fb365de0af8551f",323,apache--tomcat,// TODO Auto-generated method stub,724,724,modules/jdbc-pool/src/test/java/org/apache/tomcat/jdbc/test/driver/Statement.java,"038a43c1105ae180e421785294590ea20ba10ce7","3d58c3ac70beb21588b120d21ff5c075801ca31e",true,true,,,,2025-02-13 21:48:37.526,2025-02-17 18:38:26.026
852681,"3a340906d99653bb4bdf3cb7be8fb4ceef00ff0d",315,pentaho--pentaho-kettle,// TODO Auto-generated method stub,202,202,engine/src/test/java/org/pentaho/di/trans/steps/loadsave/MemoryRepository.java,"038a43c1105ae180e421785294590ea20ba10ce7",db5f39cc7d9f6223ef20e6da5102d5910e91af27,true,true,,,,2025-02-13 21:48:08.007,2025-02-17 18:42:58.670
160955,"0e09930339bb831ba29823a3414cdb5ba73890a2",47,alibaba--druid,"/**
 * TODO 功能描述
 *
 * @author lijun.cailj 2018/3/8
 */",19,23,core/src/test/java/com/alibaba/druid/bvt/sql/mysql/select/MysqlResolveTest.java,"3579a54a58d79c747486e17a6667bd7b0252746d",b043fd17d6ee8de16dd395e2476620fbd66a31e8,true,true,,,,2025-02-13 20:24:18.521,2025-02-17 18:42:52.605
271063,ef9ce14a43b7b5634dde72d37d4ad7324b48f4c5,69,OpenAPITools--openapi-generator,// TODO: test quadrilateralType,58,58,samples/client/petstore/java/native/src/test/java/org/openapitools/client/model/QuadrilateralTest.java,c4e3a2e13903a36a9037a9ac19614acd63f88ff7,"9ed15a1c97321ae74bb395959040c9539c8881a4",true,true,,,,2025-02-13 20:33:23.008,2025-02-17 18:43:52.613
423851,"5cdaadc03722804c353a8582520fc903b9ad7674",128,apache--hadoop,// Ignored in automated tests due to flakiness by design,89,89,hadoop-yarn-project/hadoop-yarn/hadoop-yarn-server/hadoop-yarn-server-nodemanager/src/test/java/org/apache/hadoop/yarn/server/nodemanager/containermanager/linux/resources/TestCompareResourceCalculators.java,"410dc6f2dfa5a79ed813ff8e14149c62d4585a0d","8424c155f11049e2d5a92b7f8d63d4c67d2eaaa6",true,true,,,,2025-02-13 21:07:58.730,2025-02-17 18:45:28.017
1506165,"67953eef43d20052d6ec41f85644d1a56a86f6e2",822,jetty--jetty.project,// TODO,41,41,jetty-ee10/jetty-ee10-servlets/src/test/java/org/eclipse/jetty/ee10/servlets/DoSFilterJMXTest.java,"0beb03789824b85a8d7285013ab1651cf48ad764","12d16112fc65062f8d8de144a131b9f99dcae246",true,true,,,,2025-02-14 00:14:37.592,2025-02-17 18:50:51.580
254020,e6e65b3c500bd59b6cf4c4b89314a6c05c9e6a3e,69,OpenAPITools--openapi-generator,// TODO: test ModelReturn,37,37,samples/client/petstore/java/native-async/src/test/java/org/openapitools/client/model/ModelReturnTest.java,"3cec49af96b8babb39afafd74f9b5c815ca5616c","9ed15a1c97321ae74bb395959040c9539c8881a4",true,true,,,,2025-02-13 20:32:20.037,2025-02-17 18:50:45.515
258449,"950b8b29056fcea54cf2f1c9456ab3c64be2dd21",69,OpenAPITools--openapi-generator,// TODO: test className,48,48,samples/client/petstore/java/webclient-useSingleRequestParameter/src/test/java/org/openapitools/client/model/CatTest.java,c6045aff5b3106fed06e86f92a56564f8acc235f,"9ed15a1c97321ae74bb395959040c9539c8881a4",true,true,,,,2025-02-13 20:32:37.772,2025-02-17 18:55:48.403
586950,"6603ecdf02b929b78eac22f15501ca56ad592023",167,languagetool-org--languagetool,"// see TODO comment in WordCoherencyRule:
//assertError(""Schenken und Schänken"");",89,90,languagetool-language-modules/de/src/test/java/org/languagetool/rules/de/WordCoherencyRuleTest.java,"92b43ddceda7e32a022e16bc30e1d78cc112aaed",a611c39ca0e3ee34ceb4f95bfc387aa9755566c8,true,true,,,,2025-02-13 21:22:41.535,2025-02-17 19:10:18.500
276734,"9ec820298f3ee126b6e1f586b3823987e3cb2659",69,OpenAPITools--openapi-generator,// TODO: test message,53,53,samples/server/petstore/java-helidon-server/v4/se-uac-group-by-file-path/src/test/java/org/openapitools/server/model/ModelApiResponseTest.java,"2a1ac344547cb2341ba01ac8780d97f901faa530","9ed15a1c97321ae74bb395959040c9539c8881a4",true,true,,,,2025-02-13 20:33:43.502,2025-02-17 19:09:49.024
266073,ef92d981d5e6c86cca9c855b4baa3d7a39f21e81,69,OpenAPITools--openapi-generator,// TODO: test scAETHFlowPoints,77,77,samples/client/petstore/java/okhttp-gson-dynamicOperations/src/test/java/org/openapitools/client/model/CapitalizationTest.java,c0447b366e1d57045e4b58aa30e8e4f0f0184c5b,"9ed15a1c97321ae74bb395959040c9539c8881a4",true,true,,,,2025-02-13 20:33:04.879,2025-02-17 19:19:07.049
1297115,fae2adf5abec0fc5f64ec874cfb919aaf247240b,620,apache--ignite,"/**
 * TODO: IGNITE-592.
 *
 * @throws Exception If failed.
 */",185,189,modules/core/src/test/java/org/apache/ignite/internal/processors/cache/GridCacheOffHeapMultiThreadedUpdateSelfTest.java,"9ea0acfa44d7736d2d858ab3d21f6df3caf7d177","8346282218210e64720c149fc60809550efd4d03",true,true,,,,2025-02-13 23:48:12.287,2025-02-17 19:19:48.031
608284,"4af1b9f92dc192cac6d18befe2999e013c5ce3a3",191,realm--realm-java,// TODO: Waiting a few seconds is not a reliable condition. Figure out a better way for this.,545,545,realm/realm-library/src/androidTest/java/io/realm/NotificationsTest.java,"65af2e2c99e13d2d5822a839ebc3e5d920a6760a","6a02481ef51ad635de3bb0feca1ef75fb59d7ebe",true,true,,,,2025-02-13 21:24:44.563,2025-02-17 19:26:10.768
1118201,d449e799f49959615b245859cd5dbed86177c55d,488,apache--pinot,"// TODO: Add test to delete broker instance. Currently, stopBroker() does not work correctly.

// Check if '/INSTANCES/<serverName>' has been erased correctly",3015,3017,pinot-integration-tests/src/test/java/org/apache/pinot/integration/tests/OfflineClusterIntegrationTest.java,"7c066b1ab63208814c9fffd4d6a6a5bf1bf72f11",b024d6bed9f62bfb44ec4bd3901f3f21956220b7,true,true,,,,2025-02-13 22:29:55.193,2025-02-17 19:27:37.564
262217,b95524e155671f57ac3092e0b093f15ec1c0a338,69,OpenAPITools--openapi-generator,// TODO: test validations,153,153,samples/client/petstore/java/microprofile-rest-client-mutiny/src/test/java/org/openapitools/client/api/PetApiTest.java,"79f4bab34576d036cd7d221fbc4f385f571b4181","9ed15a1c97321ae74bb395959040c9539c8881a4",true,true,,,,2025-02-13 20:32:52.134,2025-02-17 19:31:41.388
490738,c20568fc9a4e00f67d07f11c36836f21515d516d,135,apache--pulsar,"// TODO: for non-persistent topics, the subscription doesn't exist",1243,1243,pulsar-broker/src/test/java/org/apache/pulsar/broker/admin/AdminApiTest.java,"6c2f1183587c42e9e141ddd6497dabdd1a1be5c5","367faefc2e61c68e587626d07f9d98163d3cd935",true,true,,,,2025-02-13 21:13:35.704,2025-02-17 19:34:13.856
1340910,ee480f746a15331a4101e9cda6dbd638bd9f2cc5,651,apache--calcite,// TODO,134,134,core/src/test/java/org/apache/calcite/test/HepPlannerTest.java,"0beb03789824b85a8d7285013ab1651cf48ad764","4fedf95c24d05e1ca71fb7a576c4a704846a7c75",true,true,,,,2025-02-13 23:52:49.795,2025-02-17 19:43:13.446
269887,f874cd1a83142e8ea55c81898c102da5abcd63c7,69,OpenAPITools--openapi-generator,// TODO: test ArrayAnyOf,31,31,samples/client/petstore/java/okhttp-gson/src/test/java/org/openapitools/client/model/ArrayAnyOfTest.java,"0f327ad3eee6763c3f295b5ebaafd99e887797f8","9ed15a1c97321ae74bb395959040c9539c8881a4",true,true,,,,2025-02-13 20:33:18.430,2025-02-17 19:43:17.382
252522,"1871a2e5b249fc7be53066437c92c0a384cf4c7c",69,OpenAPITools--openapi-generator,// TODO: test number,73,73,samples/client/petstore/java/resttemplate/src/test/java/org/openapitools/client/model/FormatTestTest.java,b7a9b20ac88c759996d2464b5c0516aa92713383,"9ed15a1c97321ae74bb395959040c9539c8881a4",true,true,,,,2025-02-13 20:32:13.281,2025-02-17 19:43:40.265
46142,de02122d0652c039b455a73ca1f202ac0fba7a40,8,elastic--elasticsearch,// TODO implement https://github.com/elastic/elasticsearch/issues/25929,29,29,x-pack/plugin/core/src/test/java/org/elasticsearch/xpack/core/ml/inference/assignment/RoutingInfoUpdateTests.java,"47cbe543f77922946ee9ea2a82f9b9edb18583e6","3d457ef84ebf5d3ee0fd09339fbc3373ed5beb3c",true,true,,,,2025-02-13 20:13:20.124,2025-02-17 19:44:57.203
611150,"84d6c094f2b15878d25262d136609a295086af4c",198,OpenRefine--OpenRefine,"// TODO refactor getEngine to use dependency injection, so a mock Engine
// object can be used.",144,145,modules/core/src/test/java/com/google/refine/commands/CommandTests.java,"74f13b55a86b4b9d87bee562f61cd848f8da8c9b","02c80d0e49bb11c0b21d62d47a5ca13cb11048a9",true,true,,,,2025-02-13 21:25:01.782,2025-02-17 19:45:00.356
251651,"8f5c59e8e30bda8872799c683c5b17f66456882e",69,OpenAPITools--openapi-generator,// TODO: test validations,177,177,samples/client/petstore/java/resttemplate-swagger2/src/test/java/org/openapitools/client/api/PetApiTest.java,"79f4bab34576d036cd7d221fbc4f385f571b4181","9ed15a1c97321ae74bb395959040c9539c8881a4",true,true,,,,2025-02-13 20:32:10.629,2025-02-17 19:55:40.872
876542,"50d93c1398c77de6c75c476a6d504b9fdf550428",337,google--closure-compiler,// TODO(b/73762053): Avoid generating unreachable statements.,492,492,test/com/google/javascript/jscomp/Es6RewriteGeneratorsTest.java,bd58d2abf2501eec8f23cb94202154d95254c5c4,c86e4dd27ef48f9aa49261b1391274023ce7b658,true,true,,,,2025-02-13 21:50:38.044,2025-02-17 19:57:50.441
276538,"03d5dfc3ad75730c84e79036e9b3304dbe2e8c64",69,OpenAPITools--openapi-generator,// TODO: test Order,37,37,samples/server/petstore/java-microprofile/src/test/java/org/openapitools/server/model/OrderTest.java,"1e7e8e9c0e8d019bf83ac21a3fcb6c9173222795","9ed15a1c97321ae74bb395959040c9539c8881a4",true,true,,,,2025-02-13 20:33:42.863,2025-02-17 20:02:56.528
749692,"0a47513ffa29e40baebc8045cfc91dd9af223ac7",241,stanfordnlp--CoreNLP,// TODO: is this right (Sunday is a weird day...),94,94,test/src/edu/stanford/nlp/time/SUTimeTest.java,e025f0188dd62e791445db5bf1906b835f6842de,"59706394c28474bc21198eb6f4fff98939453dee",true,true,,,,2025-02-13 21:38:26.520,2025-02-17 20:05:28.595
256604,"9eff9fdf79191b1a5a7cc642f23d06d5c48b03a3",69,OpenAPITools--openapi-generator,// TODO: test map,66,66,samples/client/petstore/java/okhttp-gson-parcelableModel/src/test/java/org/openapitools/client/model/MixedPropertiesAndAdditionalPropertiesClassTest.java,"3023ab35be5d90b8b61a2283c6cf946aae8d2446","9ed15a1c97321ae74bb395959040c9539c8881a4",true,true,,,,2025-02-13 20:32:31.193,2025-02-17 20:19:31.344
873622,a0b2ae9a8a079effb0d186c3adebff54a00a31df,337,google--closure-compiler,"// TODO(b/148169932): There should be another mismatch {found: string, required: number}.",285,285,test/com/google/javascript/jscomp/TypeValidatorTest.java,c0084bdb51c62c027a455636f1b6255f591ca42a,c86e4dd27ef48f9aa49261b1391274023ce7b658,true,true,,,,2025-02-13 21:50:28.081,2025-02-17 20:24:38.342
230424,"2f28b3b49bace3047bf4961e43bddf99932e8d2f",64,bazelbuild--bazel,// TODO: b/386384684 - remove Unsafe usage,104,104,src/test/java/com/google/devtools/build/lib/concurrent/ConcurrentFifoTest.java,"45fb0c89249788312506453a0cd3e60d4f540dff",d7c71fa286b84a5dce8c60f1e8fb48295703fc61,true,true,,,,2025-02-13 20:30:17.503,2025-02-17 20:25:00.163
851701,b6ab916e8a5a7e9ff4b6a819af3db8aad59e4f1c,315,pentaho--pentaho-kettle,"// RepositoryVersionRegistry vReg = repository.getVersionRegistry();
// assertEquals(0, vReg.getVersions().size());
// vReg.addVersion(new SimpleObjectVersion(EXP_OBJECT_VERSION_LABEL, null, null, null));
// assertEquals(2, versions.size());
// assertEquals(""1.0"", versions.get(0).getLabel());
// assertEquals(""1.1"", versions.get(1).getLabel());

// TODO mlowery finish me",1409,1416,plugins/pur/core/src/test/java/org/pentaho/di/repository/RepositoryTestBase.java,"11fb10da973536a4def0acdfcd5f22db39db645a",db5f39cc7d9f6223ef20e6da5102d5910e91af27,true,true,,,,2025-02-13 21:48:05.592,2025-02-17 20:27:30.891
254326,f71e56a4f8fddcd5ec70fb145bff1553d5383947,69,OpenAPITools--openapi-generator,// TODO: test triangleType,53,53,samples/client/petstore/java/native-async/src/test/java/org/openapitools/client/model/EquilateralTriangleTest.java,"5cf0b12b2ccd391314345936cce0236e414a0bdc","9ed15a1c97321ae74bb395959040c9539c8881a4",true,true,,,,2025-02-13 20:32:21.532,2025-02-17 20:29:10.601
278100,"46e90e8d6de49bcea107b25ced9b60b0b296e73d",69,OpenAPITools--openapi-generator,// TODO: test mapOfMapProperty,46,46,samples/server/petstore/java-helidon-server/v4/mp/src/test/java/org/openapitools/server/model/AdditionalPropertiesClassTest.java,"099f6ec9f393b0d0445341c78ff78c84b225db3c","9ed15a1c97321ae74bb395959040c9539c8881a4",true,true,,,,2025-02-13 20:33:48.444,2025-02-17 20:36:25.554
984495,"581a210a01f95f7bb3b3f68ef0eae67d8ce958d1",435,hibernate--hibernate-orm,"/**
 * TODO : javadoc
 *
 * @author Steve Ebersole
 */",10,14,hibernate-core/src/test/java/org/hibernate/orm/test/jpa/cacheable/annotation/ExplicitlyCacheableEntity.java,"7419e56d8d2dda1cf97d7dbe2a9ce26f52896b2b",ff5fa10867d82d78002746faba4665e1a420bf0f,true,true,,,,2025-02-13 21:59:55.943,2025-02-17 20:40:11.055
274302,"1bce7853ddb8674aff2bfb8e9290c0f3016deaf5",69,OpenAPITools--openapi-generator,// TODO: test className,48,48,samples/client/petstore/java/restclient/src/test/java/org/openapitools/client/model/DogTest.java,c6045aff5b3106fed06e86f92a56564f8acc235f,"9ed15a1c97321ae74bb395959040c9539c8881a4",true,true,,,,2025-02-13 20:33:34.172,2025-02-17 20:40:46.533
275345,"8e6aba4abbf9fb4c5b165e927e402ab1147df454",69,OpenAPITools--openapi-generator,// TODO: test User,37,37,samples/client/echo_api/java/okhttp-gson-user-defined-templates/src/test/java/org/openapitools/client/model/UserTest.java,a2545122e36d49194326135880549bf1aae58f0a,"9ed15a1c97321ae74bb395959040c9539c8881a4",true,true,,,,2025-02-13 20:33:37.923,2025-02-17 20:41:04.214
19522,"0fd99f1db9d6dd0fddabde68e7c6bdb604455108",8,elastic--elasticsearch,// TODO Auto-generated method stub,123,123,server/src/test/java/org/elasticsearch/search/aggregations/AdaptingAggregatorTests.java,"038a43c1105ae180e421785294590ea20ba10ce7","3d457ef84ebf5d3ee0fd09339fbc3373ed5beb3c",true,true,,,,2025-02-13 20:11:49.494,2025-02-17 20:46:10.754
270663,"6b71b3a58cb07bad3db19e5ab7dc627b5ed37672",69,OpenAPITools--openapi-generator,// TODO: test Mammal,43,43,samples/client/petstore/java/native/src/test/java/org/openapitools/client/model/MammalTest.java,"25b7033eec3b3146e246535944838967ce4da4a9","9ed15a1c97321ae74bb395959040c9539c8881a4",true,true,,,,2025-02-13 20:33:21.398,2025-02-17 20:45:58.845
230221,"080f62a16c202ef2e41b743d5b45e84615a02906",64,bazelbuild--bazel,// TODO: b/359688989 - clean this up,29,29,src/test/java/com/google/devtools/build/lib/concurrent/PaddedAddressesTest.java,"0f973679224271b2abcd21dce88e300f04586c2a",d7c71fa286b84a5dce8c60f1e8fb48295703fc61,true,true,,,,2025-02-13 20:30:16.709,2025-02-17 20:56:06.861
137178,ca117570eb8b0830f37a1ce395bb0daf3a383568,40,apache--kafka,"// special value ""delete"" is interpreted as a delete() call from
// VersionedStoreContentCheckerProcessor but we do not support it here",684,685,streams/integration-tests/src/test/java/org/apache/kafka/streams/integration/VersionedKeyValueStoreIntegrationTest.java,dc3e60b2e536500961ebaf9e55a1d31516a0d5d1,a6ec7584888a4202542eb2d8debbe1a924784aa2,true,true,,,,2025-02-13 20:22:42.187,2025-02-17 21:00:51.042
504352,ef85017ac1467c9c318f17d8b9e69e88355c65b6,140,quarkusio--quarkus,"/**
 * Tests that the workaround for https://github.com/quarkusio/quarkus/issues/43703 /
 * https://github.com/quarkusio/quarkus/issues/42255
 * is effective.
 */",19,23,extensions/hibernate-orm/deployment/src/test/java/io/quarkus/hibernate/orm/config/dialect/DbVersionCheckDisabledExplicitlyTest.java,"9375a943bf45a4dfd9efd64d5c3e8083c5850641",f94c6114f74bcba3a4dfebc7df2bac6cbeb139b0,true,true,,,,2025-02-13 21:15:00.899,2025-02-17 20:59:00.247
250301,"4298930306d5b60891be81b57f6b094fd9cdf88a",69,OpenAPITools--openapi-generator,// TODO: test arrayEnum,54,54,samples/client/petstore/java-helidon-client/v3/se/src/test/java/org/openapitools/client/model/EnumArraysTest.java,"6a889b243632d4da2f6525580c5fdec9b9245b55","9ed15a1c97321ae74bb395959040c9539c8881a4",true,true,,,,2025-02-13 20:32:07.485,2025-02-17 21:04:02.955
710096,"76c0a1cd023c547c07cc964822782ba6b6a3fce0",226,datahub-project--datahub,// TODO same data accessed as Hive Table or Path URI ??,404,404,metadata-integration/java/spark-lineage-legacy/src/test/java/datahub/spark/TestSparkJobsLineage.java,"509ea311848dd2d34a880ea5f4175698e8739dc3","20409fd702d2d4454de9170f77bffecbfba8b527",true,true,,,,2025-02-13 21:35:07.423,2025-02-17 21:05:20.843
276688,f8d7f64a5313ab8262be860238eadf3483437929,69,OpenAPITools--openapi-generator,// TODO: test OuterEnum,26,26,samples/server/petstore/java-helidon-server/v4/se-uac-group-by-file-path/src/test/java/org/openapitools/server/model/OuterEnumTest.java,d2bae095c8961c6f78e6a825ad5a96522048744a,"9ed15a1c97321ae74bb395959040c9539c8881a4",true,true,,,,2025-02-13 20:33:43.350,2025-02-17 21:05:45.434
265168,"0440cc511c7b0016257ed8e516f574846e5d5a4b",69,OpenAPITools--openapi-generator,// TODO: test password,153,153,samples/client/petstore/java/restclient-useSingleRequestParameter/src/test/java/org/openapitools/client/model/FormatTestTest.java,"45ca53b75b8538d5792b11bf814472766efc313d","9ed15a1c97321ae74bb395959040c9539c8881a4",true,true,,,,2025-02-13 20:33:02.124,2025-02-17 21:15:46.304
1573591,"6e98178d2b8242030fec7e38cd11735c02786803",945,camunda--camunda,// TODO extend for new properties,38,38,operate/qa/integration-tests/src/test/java/io/camunda/operate/properties/PropertiesIT.java,"2a954da715ff56ff8f919a90b8baa448799781ef",fe3a40c25bf5b71d0c739044cd555180750e4e3b,true,true,,,,2025-02-14 00:22:15.857,2025-02-17 21:15:58.073
475220,"540f47d55505afc10e7a885e337547de05db331b",129,questdb--questdb,"// Circuit breaker does not work with fragmented buffer
// TODO: find a solution, Net.peek() always return a byte when the incoming buffer not read fully
// when executing 'E' (execute) postgres protocol command",12437,12439,core/src/test/java/io/questdb/test/cutlass/pgwire/PGJobContextTest.java,c81f80ad1c135e6f4fbcc8d3a138d0801886fea7,"22d81f26b151ab65f962ac899015d1f99b4ed689",true,true,,,,2025-02-13 21:11:59.220,2025-02-17 21:15:55.165
1217195,"38c3e08d9d753e196b9101fa14fdbc590c67195b",576,OpenTSDB--opentsdb,"// Maybe this one should throw an exception. Usually this will be used before
// a UID lookup so it will toss an exception then.",350,351,test/core/TestTags.java,d86facf78c4402db9df59c73ea1654d4a1976cfa,"0f681b7545d9999506900da5f1c4dbe433dbfb43",true,true,,,,2025-02-13 23:38:55.605,2025-02-17 21:18:22.093
249245,"369a0ce19eb63878de7b6655c720848178f73e1f",69,OpenAPITools--openapi-generator,// TODO: test smallCamel,43,43,samples/client/petstore/java-helidon-client/v4/se/src/test/java/org/openapitools/client/model/CapitalizationTest.java,d530957358f82bf9c08f0b71062181709f5bf586,"9ed15a1c97321ae74bb395959040c9539c8881a4",true,true,,,,2025-02-13 20:32:04.927,2025-02-17 21:26:02.606
253230,"7e026e1507cfb819795d0a4b936df59a03b35cd7",69,OpenAPITools--openapi-generator,// TODO: test kind,72,72,samples/client/petstore/java/rest-assured-jackson/src/test/java/org/openapitools/client/model/BigCatTest.java,e8056be7c2ab0ce4141d6e50c6c6011e0bb46123,"9ed15a1c97321ae74bb395959040c9539c8881a4",true,true,,,,2025-02-13 20:32:16.724,2025-02-17 21:26:41.067
1231461,a7a8b58d623d00df4a1e17f28e216c0454506ee9,618,liquibase--liquibase,"// TODO: This test currently makes the whole VM exit with exit code -1, but does not generate a dump file
// (not a ""genuine"" VM crash). I need to disable this test until I can find out how to catch/debug this.",65,66,liquibase-integration-tests/src/test/java/liquibase/dbtest/h2/H2IntegrationTest.java,"47d74efc9142a580c4bd0d5bbcd18d26c38ff7e6","0be7a64bd78c92abfafbe359403dfcf2129bef34",true,true,,,,2025-02-13 23:44:07.782,2025-02-17 21:40:05.445
92846,"0c1a17e2e0571b07f8915a76966d205540870fa3",12,NationalSecurityAgency--ghidra,//TODO: Create MDMangVS2015 Specialization,14760,14760,Ghidra/Features/MicrosoftDmang/src/test/java/mdemangler/MDMangBaseTest.java,"20812eea0e1fd935be254068530958d0490a7b02",db1b6860c9bbe8b659704cb3909c0bf54359fb7d,true,true,,,,2025-02-13 20:17:31.856,2025-02-17 21:42:04.401
1018301,"2c29adfe370d8c7735652ccfbb60fbec69e335fc",441,google--j2objc,//FIXME This test doesn't pass in Harmony classlib or Sun 5.0_7 RI,66,66,jre_emul/android/platform/libcore/harmony-tests/src/test/java/org/apache/harmony/tests/java/util/zip/InflaterInputStreamTest.java,"9f04646df08f13b4d17cde3e30b296e8d73d20d5","3664859a54dbe07905b2789cf06318c5b390e92f",true,true,,,,2025-02-13 22:02:59.150,2025-02-17 21:43:25.696
1057086,"4c1f198af2de67e610ad8835fc1c16bf09e3046c",455,robolectric--robolectric,// known bug: time argument is unsigned 32bit in graphics library,63,63,integration_tests/nativegraphics/src/test/java/org/robolectric/shadows/ShadowNativeInterpolatorTest.java,"143141afc3ca00f93c3c2144d81d7a3d7f44f8c9",d86ffdced16b5835a3135b156d651f1ae4b25819,true,true,,,,2025-02-13 22:23:34.052,2025-02-17 21:46:01.156
252452,e84b632aed617b820353255ddc229fa599b9b9a9,69,OpenAPITools--openapi-generator,// TODO: test validations,72,72,samples/client/petstore/java/vertx-no-nullable/src/test/java/org/openapitools/client/api/FakeApiTest.java,"79f4bab34576d036cd7d221fbc4f385f571b4181","9ed15a1c97321ae74bb395959040c9539c8881a4",true,true,,,,2025-02-13 20:32:12.724,2025-02-17 21:47:03.550
1010313,"4fc24319f90ce9752b264ef17f17ab826806e6f6",441,google--j2objc,"// TODO use generics to detect comparator
// instead of 'instanceof' for the first element",283,284,jre_emul/android/platform/libcore/support/src/test/java/org/apache/harmony/testframework/serialization/SerializationTest.java,"28679abd98ff7f4188ecd608fabb0ec96747a81b","3664859a54dbe07905b2789cf06318c5b390e92f",true,true,,,,2025-02-13 22:02:32.366,2025-02-17 21:47:01.019
1529301,"12875301d3d9d7abd2a6306ae65867af9e31b791",874,apache--kylin,"/**
 * Other cases: in this case sql parsing is ok, but will lead to NPE, such as #6548, #7504
 */",82,84,src/kylin-it/src/test/java/org/apache/kylin/auto/CorruptSqlTest.java,"6c2a55a4e4a96610ac24ea10baf7b3298966c9da","5f3ef471b47768cf00e9ce31abb3bd8db640065d",true,true,,,,2025-02-14 00:17:05.603,2025-02-17 21:49:50.932
1002899,"4cb39ce69ff5c031617d82b54685137039a1ea9d",441,google--j2objc,"// Don't test on iOS devices, because they often have less than 4G available,
// especially with a big JRE tests app installed.",56,57,jre_emul/android/platform/libcore/luni/src/test/java/libcore/java/io/RandomAccessFileTest.java,"9e27f88b5465d3bde8592162611b339cba391fa4","3664859a54dbe07905b2789cf06318c5b390e92f",true,true,,,,2025-02-13 22:02:05.313,2025-02-17 21:53:23.469
262802,"47cfbb58cad4b9c2698f36ed5a539eb363811223",69,OpenAPITools--openapi-generator,// TODO: test TypeHolderExample,40,40,samples/client/petstore/java/google-api-client/src/test/java/org/openapitools/client/model/TypeHolderExampleTest.java,"52c731139519d8833469a997f6053bd99e25c474","9ed15a1c97321ae74bb395959040c9539c8881a4",true,true,,,,2025-02-13 20:32:54.405,2025-02-17 21:54:57.705
279248,"1443431b12cbd1c4941fc4937af332d6b41c54bc",69,OpenAPITools--openapi-generator,// TODO: test integerProp,45,45,samples/server/petstore/java-helidon-server/v3/mp/src/test/java/org/openapitools/server/model/NullableClassTest.java,f88b7969056c37e3c20cd9c6e6d3f19f29253c18,"9ed15a1c97321ae74bb395959040c9539c8881a4",true,true,,,,2025-02-13 20:33:53.209,2025-02-17 21:57:00.652
261384,"434496187f1789ddf8df62b27572468e549d7eb4",69,OpenAPITools--openapi-generator,// TODO: test TestInlineFreeformAdditionalPropertiesRequest,39,39,samples/client/petstore/java/restclient-swagger2/src/test/java/org/openapitools/client/model/TestInlineFreeformAdditionalPropertiesRequestTest.java,"4579aa732a09e6bc0af80a2ea0647481fb3d401a","9ed15a1c97321ae74bb395959040c9539c8881a4",true,true,,,,2025-02-13 20:32:49.686,2025-02-17 21:57:19.452
423347,"5501d5eedb206b89f2299e42c0b2636d6da8fbbd",128,apache--hadoop,// TODO Auto-generated catch block,113,113,hadoop-yarn-project/hadoop-yarn/hadoop-yarn-server/hadoop-yarn-server-web-proxy/src/test/java/org/apache/hadoop/yarn/server/webproxy/TestAppReportFetcher.java,fef8aeaa6ec53ffaf9f0c96bd2c3eee8f42c6f60,"8424c155f11049e2d5a92b7f8d63d4c67d2eaaa6",true,true,,,,2025-02-13 21:07:57.242,2025-02-17 21:58:25.765
1215583,"3dad69ac57277c9d50e71b5ea8e48f10e8889294",574,reactor--reactor-core,"//FIXME test with just, empty, callable, interval",209,209,reactor-core/src/test/java/reactor/core/scheduler/RejectedExecutionTest.java,"1af504ee6a3e9079face0a8f4e647112599a5d41",d2a64018b0c08a7e64457b8ed16b8ef15fd49c18,true,true,,,,2025-02-13 23:38:46.772,2025-02-17 21:59:31.790
1341589,a8e6d7dcc5bfe86d244da4222d4123d68ea72752,651,apache--calcite,"// *0 is used to make results predictable.
// If using just max(empid) calcite cannot compute the result
// properly since it does not support range windows yet :(",4964,4966,core/src/test/java/org/apache/calcite/test/JdbcTest.java,"02238682e10470ddd208cf4a7347fdf12100c990","4fedf95c24d05e1ca71fb7a576c4a704846a7c75",true,true,,,,2025-02-13 23:52:52.095,2025-02-17 22:02:00.127
1011747,"8f0a64ff057c1a80f01af065324d4adc3db92f3c",441,google--j2objc,// Continuous build environment doesn't support non-blocking IO.,500,500,jre_emul/android/platform/libcore/harmony-tests/src/test/java/org/apache/harmony/tests/java/nio/channels/ServerSocketChannelTest.java,"841fb3664aebb4190789b415f0835a3a5451145f","3664859a54dbe07905b2789cf06318c5b390e92f",true,true,,review,,2025-02-13 22:02:38.390,2025-02-17 22:09:51.300
166421,"1f53b747df6ac50f8addcb6228ed23a6debbb9bd",47,alibaba--druid,// TODO Auto-generated method stub,820,820,core/src/test/java/com/alibaba/druid/test/util/OracleMockPreparedStatement.java,"038a43c1105ae180e421785294590ea20ba10ce7",b043fd17d6ee8de16dd395e2476620fbd66a31e8,true,true,,,,2025-02-13 20:24:34.381,2025-02-17 22:12:03.285
247780,"5e5243ffcb951e88869b18ce0155d2fd3cbb23ef",69,OpenAPITools--openapi-generator,"// TODO: hasRequired should be true, fix this",3663,3663,modules/openapi-generator/src/test/java/org/openapitools/codegen/DefaultCodegenTest.java,a037e013c3afe765288d0bd4e4b2ae84801cb49c,"9ed15a1c97321ae74bb395959040c9539c8881a4",true,true,,,,2025-02-13 20:32:00.629,2025-02-17 22:12:53.676
255518,b194f62ba3add462df619a686bc7d80164056cf0,69,OpenAPITools--openapi-generator,// TODO: test status,78,78,samples/client/petstore/java/retrofit2rx3/src/test/java/org/openapitools/client/model/OrderTest.java,"7ec0a38daa71964e9948c3248115db22a0054dc9","9ed15a1c97321ae74bb395959040c9539c8881a4",true,true,,,,2025-02-13 20:32:26.700,2025-02-17 22:17:48.706
267426,"5edccf465bf8d15ea45f6b81e3982dbb1c5c6b18",69,OpenAPITools--openapi-generator,// TODO: test OuterObjectWithEnumProperty,32,32,samples/client/petstore/java/microprofile-rest-client/src/test/java/org/openapitools/client/model/OuterObjectWithEnumPropertyTest.java,fa28eedfe3b328ff693c4b24d2052ed49b32e432,"9ed15a1c97321ae74bb395959040c9539c8881a4",true,true,,,,2025-02-13 20:33:08.848,2025-02-17 22:17:49.843
269981,"114b04831a7205de36a79333acdca3d9c2b5094a",69,OpenAPITools--openapi-generator,// TODO: test photoUrls,114,114,samples/client/petstore/java/okhttp-gson/src/test/java/org/openapitools/client/model/NewPetTest.java,"4e7e720fface3cf3ef1aef85c9737ba1809adaf6","9ed15a1c97321ae74bb395959040c9539c8881a4",true,true,,,,2025-02-13 20:33:18.827,2025-02-17 22:17:20.815
778908,d7029031d3775c85b2dc37e6b337d77f9c01f244,269,apache--cassandra,"// Check things still work if we don't select the static column. We also want
// this to not request the static columns internally at all, though that part
// require debugging to assert",74,76,test/unit/org/apache/cassandra/cql3/validation/entities/StaticColumnsTest.java,"714b0a4713e8c8935a251b4c813816a40189876e","511bd203144a71bf0a72876a393d186a9778407e",true,true,,review,,2025-02-13 21:41:17.864,2025-02-17 22:21:08.813
611078,f8010615f987e280e37fccb1c12df35e0ad437e8,198,OpenRefine--OpenRefine,"// TODO: This is current behavior, but is it what we want?",42,42,modules/grel/src/test/java/com/google/refine/expr/functions/arrays/JoinTests.java,a20ffee429b8c40eafe66b1bb2e991a1431c1659,"02c80d0e49bb11c0b21d62d47a5ca13cb11048a9",true,true,,,,2025-02-13 21:25:01.545,2025-02-17 22:34:03.361
851431,"5da7637c0182961762a6c98d03b01bff5f86f68f",315,pentaho--pentaho-kettle,// TODO Auto-generated method stub,232,232,plugins/pur/core/src/test/java/org/pentaho/di/ui/repository/repositoryexplorer/abs/model/RepsitoryUserTestImpl.java,"038a43c1105ae180e421785294590ea20ba10ce7",db5f39cc7d9f6223ef20e6da5102d5910e91af27,true,true,,,,2025-02-13 21:48:04.886,2025-02-17 22:34:28.453
610921,"0f0ac7f53bc110e75beb64d63c67e57e710dbff3",198,OpenRefine--OpenRefine,// TODO: I'm not sure what record.cells is supposed to return. Returning single valued lists seems weird,236,236,modules/grel/src/test/java/com/google/refine/expr/functions/CrossTests.java,"6df4d08255ed01bbc036cea8eaf0d550261ceec6","02c80d0e49bb11c0b21d62d47a5ca13cb11048a9",true,true,,,,2025-02-13 21:25:00.730,2025-02-14 23:22:43.435
266299,"5de897cc64f48785ad77bf6c8372e74e0987f4bd",69,OpenAPITools--openapi-generator,// TODO: test validations,234,234,samples/client/petstore/java/okhttp-gson-dynamicOperations/src/test/java/org/openapitools/client/api/FakeApiTest.java,"79f4bab34576d036cd7d221fbc4f385f571b4181","9ed15a1c97321ae74bb395959040c9539c8881a4",true,true,,,,2025-02-13 20:33:05.570,2025-02-14 23:34:12.485
1476531,d6284b3a0339f311d1315882678c4a11d175a4e1,805,geoserver--geoserver,"// If a relative URI with parent references is used, give up on trying to copy the resource.
// The style will break but copying arbitrary files from parent directories around is a bad
// idea. Handle the rest normally. KS",261,263,src/community/jdbcconfig/src/test/java/org/geoserver/jdbcconfig/catalog/JDBGeoserverResourcePersisterTest.java,ec48ad54ae31a67bfcf223cbba74c22dbf08dd1f,"8871198a41d255de8c964263f0a6f15d44d15d62",true,true,,,,2025-02-14 00:11:34.951,2025-02-14 23:31:07.950
891181,f03889f1f970eecc556d0f247245d27a1768e240,360,gocd--gocd,"// this is a limitation, we identify config repos by material fingerprint later
// so there cannot be one repository parsed by 2 plugins.
// This also does not seem like practical use case anyway",78,80,config/config-api/src/test/java/com/thoughtworks/go/config/remote/ConfigReposConfigTest.java,cb813024eca952cc11507f86acc1820cffd82450,"2986f0d15838bd1b1b31fc072727e49114738765",true,true,,,,2025-02-13 21:51:48.502,2025-02-17 18:34:46.461
519373,"190a10a429711f7fcd88c7ba9deb622a15748bd9",144,neo4j--neo4j,"// There was a case where corrupted transaction logs could be truncated even without reporting it.
// If the first byte on a transaction boundary was 0 the reader
// would just think it reached the end of the file and say there were no more transactions and then
// truncate would happen.",1102,1105,community/community-it/kernel-it/src/test/java/org/neo4j/kernel/recovery/RecoveryCorruptedTransactionLogIT.java,ede50ff773d0b1b8b14a1e00d522240b3385976e,c68156edf24164435ab1ac257ec633134c2887f7,true,true,,review,,2025-02-13 21:16:33.967,2025-02-17 18:42:28.858
268778,b2bb3de1c2a61d018b197b7000dada57d599ce7f,69,OpenAPITools--openapi-generator,// TODO: test _float,81,81,samples/client/petstore/java/vertx/src/test/java/org/openapitools/client/model/FormatTestTest.java,"3516f0ffe72a77030501d154e93c8e79b9ca1075","9ed15a1c97321ae74bb395959040c9539c8881a4",true,true,,,,2025-02-13 20:33:13.618,2025-02-17 18:43:00.222
276958,"00a054e3cc1f5b1df12d204abb541c83c4defc39",69,OpenAPITools--openapi-generator,// TODO: test type,43,43,samples/server/petstore/java-helidon-server/v4/se-uac-group-by-file-path/src/test/java/org/openapitools/server/model/ChildWithNullableTest.java,e18dd928d23876d8947a37181b8aafa3168dff52,"9ed15a1c97321ae74bb395959040c9539c8881a4",true,true,,,,2025-02-13 20:33:44.175,2025-02-17 18:55:22.379
255832,"29667c9471baee96c6f5d0e95fa7bc65d93267e4",69,OpenAPITools--openapi-generator,// TODO: test singleRefType,53,53,samples/client/petstore/java/resttemplate-withXml/src/test/java/org/openapitools/client/model/AllOfWithSingleRefTest.java,e89e69424cb4b9b35ccb5f3b7f0f38e37f3ebe9a,"9ed15a1c97321ae74bb395959040c9539c8881a4",true,true,,,,2025-02-13 20:32:28.371,2025-02-17 19:06:30.839
255520,"25aaf365c3fedf94ff662b5614efb6a0ea8492ff",69,OpenAPITools--openapi-generator,// TODO: test complete,86,86,samples/client/petstore/java/retrofit2rx3/src/test/java/org/openapitools/client/model/OrderTest.java,"83568737d9d1c4fb2233269e2c350211f575dc0d","9ed15a1c97321ae74bb395959040c9539c8881a4",true,true,,,,2025-02-13 20:32:26.712,2025-02-17 19:25:27.867
255660,a7f540c9c3b83798d64ecc3bb6778e95e2844592,69,OpenAPITools--openapi-generator,"// api.testEndpointParameters(number, _double, patternWithoutDelimiter, _byte, integer, int32, int64, _float, string, binary, date, dateTime, password, paramCallback);

// TODO: test validations",154,156,samples/client/petstore/java/retrofit2rx3/src/test/java/org/openapitools/client/api/FakeApiTest.java,cc76bf531e2869204e8a6e72d2ebddaa99bcaa33,"9ed15a1c97321ae74bb395959040c9539c8881a4",true,true,,,,2025-02-13 20:32:27.645,2025-02-17 20:41:47.843
1627994,"347e9645dc12b0c02b537f7788aeec02ed367eee",979,eclipse-openj9--openj9,"/* 1) Disable the test on Windows given a misaligned access exception coming from
		 * java.base/java.lang.invoke.MemoryAccessVarHandleBase triggered by CLinker.toCString()
		 * is also captured on OpenJDK/Hotspot.
		 * 2) Disable the test on AIX as Valist is not yet implemented in OpenJDK.
		 */",915,919,test/functional/Java17andUp/src_170/org/openj9/test/jep389/valist/DowncallTests.java,cf649dbb7cd28246bee2b7bbf410db5853af8242,b6b5bb6f849e54001df8d62417016d6083bd1955,true,true,,,,2025-02-14 00:26:49.655,2025-02-17 20:52:59.348
1627992,"5ec9c7bc9dff5f686efc9a324f4871e7202c645b",979,eclipse-openj9--openj9,"/* There are a few issues with the test on some platforms as follows:
		 * 1) VaList on Linux/x86_64 in OpenJDK is unable to handle the va_list with
		 *    over 8 arguments (confirmed by OpenJDK/Hotspot).
		 * 2) VaList on Linux/Aarch64, Windows/x86_64 and MacOS/x86_64 in OpenJDK has problem
		 *    in supporting the struct with only one integral element (confirmed by OpenJDK/Hotspot).
		 * Thus, the test is disabled on both these platforms for now till these issues
		 * are fixed in OpenJDK and verified on OpenJDK/Hotspot in the future.
		 */",577,584,test/functional/Java17andUp/src_170/org/openj9/test/jep389/valist/DowncallTests.java,fa3f82770e2f672907a45cd44599ea3c4cb047d0,b6b5bb6f849e54001df8d62417016d6083bd1955,true,true,,,,2025-02-14 00:26:49.650,2025-02-17 20:47:00.533
69363,f517c8b1b7f427618bffcc7f035a2bc5e026a741,12,NationalSecurityAgency--ghidra,// TODO: these tests are too simple since they only replace undefined components,2087,2087,Ghidra/Framework/SoftwareModeling/src/test/java/ghidra/program/database/data/StructureDBTest.java,dfaa7db12daf1f64fc5f6e4c9ce6a042d08dc62a,db1b6860c9bbe8b659704cb3909c0bf54359fb7d,true,true,,,,2025-02-13 20:16:10.570,2025-02-17 21:19:25.991
41308,"6410397cda97412986d51273b0e8942f3b8abcd0",8,elastic--elasticsearch,"// TODO PersistentTasksCustomMetadata is required for jobs other than TrainedModels
// .customs(Map.of(PersistentTasksCustomMetadata.TYPE, PersistentTasksCustomMetadata.builder().build()))",193,194,x-pack/plugin/ml/src/test/java/org/elasticsearch/xpack/ml/autoscaling/MlAutoscalingResourceTrackerParameterizedTests.java,"1ca1153d928beea77d357847aa2647e482966f72","3d457ef84ebf5d3ee0fd09339fbc3373ed5beb3c",true,true,,,,2025-02-13 20:13:03.364,2025-02-18 04:51:16.170
275929,"3f0800c33effc85f717d42f6a3cdcde145794c3c",69,OpenAPITools--openapi-generator,// TODO: test size,44,44,samples/client/echo_api/java/restclient/src/test/java/org/openapitools/client/model/TestQueryStyleDeepObjectExplodeTrueObjectAllOfQueryObjectParameterTest.java,"3e7eb50d10737a5627a834272247f63c7e4d9bfa","9ed15a1c97321ae74bb395959040c9539c8881a4",true,true,,,,2025-02-13 20:33:40.564,2025-02-18 04:52:14.875
256290,"3e403db23d3d5a93b1feb3701a0f2c8d1085de3e",69,OpenAPITools--openapi-generator,// TODO: test _double,90,90,samples/client/petstore/java/okhttp-gson-parcelableModel/src/test/java/org/openapitools/client/model/FormatTestTest.java,c3df0751c86c795b9f725ce35aa12dd7d93f022c,"9ed15a1c97321ae74bb395959040c9539c8881a4",true,true,,,,2025-02-13 20:32:29.649,2025-02-18 04:54:21.185
252688,ab5496eec86d2f81849278f6e0d0c8ebe7d9e465,69,OpenAPITools--openapi-generator,// TODO: test name,44,44,samples/client/petstore/java/resttemplate/src/test/java/org/openapitools/client/model/NameTest.java,"25af9fd065ae560a2089b975d736ecc32b833ca2","9ed15a1c97321ae74bb395959040c9539c8881a4",true,true,,,,2025-02-13 20:32:14.211,2025-02-18 05:25:16.487
269034,da5db00f0126f9ef1e634445618a5f84d594c336,69,OpenAPITools--openapi-generator,// TODO: test smallCamel,44,44,samples/client/petstore/java/vertx/src/test/java/org/openapitools/client/model/CapitalizationTest.java,d530957358f82bf9c08f0b71062181709f5bf586,"9ed15a1c97321ae74bb395959040c9539c8881a4",true,true,,,,2025-02-13 20:33:14.675,2025-02-18 05:25:39.793
277958,f37fa8b25a1255d68d1f91a15bca5001c07c26b1,69,OpenAPITools--openapi-generator,// TODO: test arrayNumber,40,40,samples/server/petstore/java-helidon-server/v4/se/src/test/java/org/openapitools/server/model/ArrayOfNumberOnlyTest.java,"37275a3c04f56ce7a7d86b12c2b516f058f1fc9f","9ed15a1c97321ae74bb395959040c9539c8881a4",true,true,,,,2025-02-13 20:33:47.770,2025-02-18 05:29:09.784
58280,fd918e6eace6c2573709c593b10b1a24a6383507,11,spring-projects--spring-framework,// TODO: Reactor usually times out on Windows ...,92,92,spring-webflux/src/test/java/org/springframework/web/reactive/FlushingIntegrationTests.java,"9cdc2872414e5f1cc7d290c1568b89294ee46750","6ded25ba28b11a1237c1a9053ddc1c91bfd31d71",true,true,,,,2025-02-13 20:14:21.962,2025-02-18 05:30:26.395
267945,cbd3df483b5a60f321a2b0c111d46e1d6cbb27e7,69,OpenAPITools--openapi-generator,// TODO: test Pet,41,41,samples/client/petstore/java/okhttp-gson-nullable-required/src/test/java/org/openapitools/client/model/PetTest.java,"641dc01910421082b19a343230ebfe41dc4489c7","9ed15a1c97321ae74bb395959040c9539c8881a4",true,true,,,,2025-02-13 20:33:10.354,2025-02-18 05:29:59.609
256794,a16a6c1dd9b07ea8a354a7a2e3a3e733afde90cd,69,OpenAPITools--openapi-generator,// TODO: test validations,84,84,samples/client/petstore/java/okhttp-gson-parcelableModel/src/test/java/org/openapitools/client/api/StoreApiTest.java,"79f4bab34576d036cd7d221fbc4f385f571b4181","9ed15a1c97321ae74bb395959040c9539c8881a4",true,true,,,,2025-02-13 20:32:31.912,2025-02-18 05:31:09.846
273379,"0eb343ffa5fa7a6b2ef316e5e717a14dd2c26714",69,OpenAPITools--openapi-generator,// TODO: test _byte,111,111,samples/client/petstore/java/feign/src/test/java/org/openapitools/client/model/FormatTestTest.java,"777e959d1ddc679379c017238af225e2a0e29d2f","9ed15a1c97321ae74bb395959040c9539c8881a4",true,true,,,,2025-02-13 20:33:31.057,2025-02-18 06:45:14.685
881269,d694772f07b41eb852404ff884bb6f2926bc9159,337,google--closure-compiler,// TODO(tjgq): Consider rewriting to const even when already sorted.,1137,1137,test/com/google/javascript/refactoring/ErrorToFixMapperTest.java,"377f7dc9ef1648c18bd606694674e5f82aa9560f",c86e4dd27ef48f9aa49261b1391274023ce7b658,true,true,,,,2025-02-13 21:50:57.351,2025-02-18 06:45:43.333
194530,"9cd8e2284e67ef03e80dbeb36df8c4e0e71c1001",60,apache--flink,"/**
 * The API is identical to a previous version. Exists primarily to determine whether the
 * snapshot file must be updated.
 */",29,32,flink-runtime/src/test/java/org/apache/flink/runtime/rest/compatibility/Compatibility.java,"72829703f139ef763c3111347369d261b9d856a5","24f18975c7205ec3b58e2fb8dca048fa2b6a4721",true,true,,review,,2025-02-13 20:27:38.233,2025-02-18 06:57:05.432
843598,"0e645751f2e2b8af817743851a327b29feb21073",308,apache--beam,// TODO: Should test timer firings: see https://github.com/apache/beam/issues/18084,207,207,runners/core-java/src/test/java/org/apache/beam/runners/core/triggers/TriggerStateMachineTester.java,"0ebd63375d756172d4f4f0c40f5d6fbe19019e22","2b18c28132630689639a308dcc30da1441fd65ae",true,true,,,,2025-02-13 21:47:21.675,2025-02-18 07:12:15.079
278462,"3be2a743700ac1b37942870af54aea9b757b631e",69,OpenAPITools--openapi-generator,// TODO: test className,39,39,samples/server/petstore/java-helidon-server/v4/mp/src/test/java/org/openapitools/server/model/AnimalTest.java,c6045aff5b3106fed06e86f92a56564f8acc235f,"9ed15a1c97321ae74bb395959040c9539c8881a4",true,true,,,,2025-02-13 20:33:49.645,2025-02-18 07:14:01.988
39964,"20d5a7e5e150900c746f5cbffa029be4fb9b20a6",8,elastic--elasticsearch,// unimplemented,402,402,x-pack/plugin/mapper-unsigned-long/src/test/java/org/elasticsearch/xpack/unsignedlong/UnsignedLongFieldMapperTests.java,c22060f23772344720fb007e744e7d550ee8236f,"3d457ef84ebf5d3ee0fd09339fbc3373ed5beb3c",true,true,,,,2025-02-13 20:12:59.270,2025-02-18 07:15:16.662
261980,ce17135c320155deae668b1594ea3d7dccfa5f63,69,OpenAPITools--openapi-generator,"// uncomment below to test the function
//User user = null;
//api.createUser(user).block();

// TODO: test validations",44,48,samples/client/petstore/java/webclient-swagger2/src/test/java/org/openapitools/client/api/UserApiTest.java,"85f2127669936c325ce98c7a98c72edbea210157","9ed15a1c97321ae74bb395959040c9539c8881a4",true,true,,,,2025-02-13 20:32:51.492,2025-02-18 07:19:55.027
1336503,bcf5e010dab405fdfb6b445516484aeeb12669aa,651,apache--calcite,"// Careful of the excluded middle!
// We cannot simplify ""b <> 1 or b = 1"" to ""true"" because if b is null, the
// result is unknown.
// TODO: ""b = b"" would be the best simplification.",1561,1564,core/src/test/java/org/apache/calcite/rex/RexProgramTest.java,f29518feafcab33b90b45bf236d31a632537f432,"4fedf95c24d05e1ca71fb7a576c4a704846a7c75",true,true,,,,2025-02-13 23:52:35.552,2025-02-18 07:57:40.153
1624648,"4614a0808905aa03a575b8e61af1263f551f49f8",972,AxonFramework--AxonFramework,//  this test is probably running with bytecode manipulation. We ignore synthetic methods.,84,84,messaging/src/test/java/org/axonframework/common/ReflectionUtilsTest.java,bed642bebb4feaab9c59055854a231c5037ca748,"1c0352dd4ddee48ee322c0535cf90a2f0d44ef4e",true,true,,,,2025-02-14 00:26:16.528,2025-02-18 07:57:28.580
694612,"4b852c755758fcebc156c893e3f092459d9d0231",213,aosp-mirror--platform_frameworks_base,// TODO b/64262688 Add Concurrency tests to compare WAL vs DELETE read/write,48,48,apct-tests/perftests/core/src/android/database/SQLiteDatabasePerfTest.java,"9e19bcd917161440f5bd32dcfa9a601c197b85a6","58d256e4c9d5c0eabe880e84ac05f0374c910163",true,true,,,,2025-02-13 21:33:53.496,2025-02-18 07:58:28.334
1499131,"7a404ebbd09951f9a2e7e6550e63683f0955aeac",822,jetty--jetty.project,// TODO,592,592,jetty-core/jetty-http2/jetty-http2-tests/src/test/java/org/eclipse/jetty/http2/tests/RawHTTP2ProxyTest.java,"0beb03789824b85a8d7285013ab1651cf48ad764","12d16112fc65062f8d8de144a131b9f99dcae246",true,true,,,,2025-02-14 00:14:10.481,2025-02-18 07:58:52.602
927392,"3ae8895c70fac414d7b335e38bf71f3591e32eb0",401,junit-team--junit5,"// It is sufficient to assert that 8 tests started and finished, because
// without the fix for #3001 the 4 parameterized tests would fail. In
// other words, we're not really testing the support for @RepeatedTest
// and @TestFactory, but their presence also contributes to the bug
// reported in #3001.",913,917,jupiter-tests/src/test/java/org/junit/jupiter/params/ParameterizedTestIntegrationTests.java,"46f007269012dc0def2ac67e617073177297d672","35d1d981f97a18a3d42eeb97e49ae04d21eb4c97",true,true,,,,2025-02-13 21:54:54.914,2025-02-18 08:07:39.838
35869,"183313919ff4be5bc2028efea961d76d56c1bca7",8,elastic--elasticsearch,"// At this point we only support functions with 0, 1, or 2 arguments.",52,52,x-pack/plugin/ql/src/test/java/org/elasticsearch/xpack/ql/expression/function/UnresolvedFunctionTests.java,"06476ad1bdbd2c29b87da7a931c383c6b8e9792f","3d457ef84ebf5d3ee0fd09339fbc3373ed5beb3c",true,true,,,,2025-02-13 20:12:45.866,2025-02-18 04:32:33.065
272089,"060262327e4ff106ec9294b06a1433824edead2f",69,OpenAPITools--openapi-generator,// TODO: test ModelApiResponse,37,37,samples/client/petstore/java/native-jakarta/src/test/java/org/openapitools/client/model/ModelApiResponseTest.java,fe38fcdca89945d9178c53f2e98f32da8c4dfdd0,"9ed15a1c97321ae74bb395959040c9539c8881a4",true,true,,,,2025-02-13 20:33:26.416,2025-02-18 04:32:21.433
1610889,"07294ff41a034c9707ef0f9572e77e3d9d9bd505",947,fabric8io--kubernetes-client,// todo: check that we can load and instantiate class from the returned class name,101,101,crd-generator/api-v2/src/test/java/io/fabric8/crdv2/generator/CustomResourceInfoTest.java,"76bc0115247a0561437f1ceec388ab2f5430e038",f7f83c8ee7bdb637443f076aadc39d9ff38a9559,true,true,,,,2025-02-14 00:24:53.340,2025-02-18 04:32:16.986
118369,d6c79874e6524a0acc302ba2bebd10fef3e1a665,28,netty--netty,"// This test doesn't work on midnight, January 1, 1970 UTC",264,264,codec/src/test/java/io/netty/handler/codec/DefaultHeadersTest.java,"59c6840c5346706d7ef540f4c7903e07039081f4",f3311e5db4c9d9559fac96bb2f48295d63f58b67,true,true,,,,2025-02-13 20:20:01.945,2025-02-18 04:40:42.684
137981,"9f4479f64c18676a881413d05954ad003120b574",40,apache--kafka,"// We want to randomize the order of data to test not completely predictable processing order
// However, values are also use as a timestamp of the record. (TODO: separate data and timestamp)
// We keep some correlation of time and order. Thus, the shuffling is done with a sliding window",100,102,streams/upgrade-system-tests-32/src/test/java/org/apache/kafka/streams/tests/SmokeTestDriver.java,"1db86650f80b986fb6043c07a27f1a3e9b3aaf67",a6ec7584888a4202542eb2d8debbe1a924784aa2,true,true,,,,2025-02-13 20:22:44.572,2025-02-14 23:22:00.646
261824,c81f61bb7899b06746bb8b282a45a1b4e0473b32,69,OpenAPITools--openapi-generator,// TODO: test objectItemsNullable,145,145,samples/client/petstore/java/webclient-swagger2/src/test/java/org/openapitools/client/model/NullableClassTest.java,fbe89c29e48f4d16cd4f5c318e5519fee75e82eb,"9ed15a1c97321ae74bb395959040c9539c8881a4",true,true,,,,2025-02-13 20:32:51.053,2025-02-17 22:18:23.527
339027,ad3e0fd774529fe182b62808c70d79694ca1017f,81,openjdk--jdk,"// This is a bit shaky. It doesn't handle continuation
// lines, but our client shouldn't send any.
// Read a line from the input stream, swallowing the final
// \r\n sequence. Stops at the first \n, doesn't complain
// if it wasn't preceded by '\r'.
//",265,270,test/jdk/java/net/httpclient/ServerCloseTest.java,b8d94a8eea24adeb3908d6f27360e871407e19c2,"642816538fbaa5b74c6beb8a14d1738cdde28c10",true,true,,,,2025-02-13 20:57:52.934,2025-02-18 19:49:49.008
176427,b357bfdfff09e89bc1c31d4a3d0260bcbf3dfad5,56,keycloak--keycloak,// Ignoring this test on ActiveDirectory (same for rhds) as it's not allowed to have LDAP group referencing nonexistent member. KEYCLOAK-2682 was related to OpenLDAP TODO: Better solution than programmatic...,806,806,testsuite/integration-arquillian/tests/base/src/test/java/org/keycloak/testsuite/federation/ldap/LDAPGroupMapperTest.java,"4d4651e566498ef248229797eb1e12e3f0a33bdc","7e5540896bbbafc02234b6ea2b15215dc24cb972",true,true,,,,2025-02-13 20:25:58.707,2025-02-18 05:31:06.758
1508872,a284ee6a478772daaa548d9559906f218d5cc072,822,jetty--jetty.project,"// 4.4 - Server can request valid Content-Length from client if client
// fails to provide a Content-Length.
// Server can respond with 400 (Bad Request) or 411 (Length Required).

// NOTE: MSIE breaks this rule
// TODO: Document which version of MSIE Breaks Rule.
// TODO: Document which versions of MSIE pass this rule (if any).",403,409,jetty-ee10/jetty-ee10-tests/jetty-ee10-test-integration/src/test/java/org/eclipse/jetty/ee10/test/rfcs/RFC2616BaseTest.java,"9a3b97594e28916a3f4f71a45ea186937519dee9","12d16112fc65062f8d8de144a131b9f99dcae246",true,true,,,,2025-02-14 00:14:52.405,2025-02-18 06:59:10.227
46895,"1813bdd8363566d3986101248b9ce71a5cf7ceed",8,elastic--elasticsearch,"/*
         * The following two lines assert current behavior that might not be desirable -- we continue to delete expired databases every
         * time that runDownloader runs. This seems unnecessary.
         */",662,665,modules/ingest-geoip/src/test/java/org/elasticsearch/ingest/geoip/GeoIpDownloaderTests.java,b0896680f544ea5821b35807134ff448ad15df09,"3d457ef84ebf5d3ee0fd09339fbc3373ed5beb3c",true,true,,,,2025-02-13 20:13:23.036,2025-02-18 05:44:12.011
638752,adaaec07c25813149967c798225ac8928dea7d97,211,trinodb--trino,// TODO (https://github.com/trinodb/trino/issues/18916) should be checked once per query,1042,1042,plugin/trino-delta-lake/src/test/java/io/trino/plugin/deltalake/TestDeltaLakeFileOperations.java,b010ae75b80031aaf1798b6adbe56eb726efbf0d,b89da7e651fea169443b1aaedb0c406744fe2cff,true,true,,,,2025-02-13 21:28:10.338,2025-02-18 04:32:02.040
962747,"2e2629019077f22a86d8611d227d8dbca3e7452a",435,hibernate--hibernate-orm,"/**
 * TODO : javadoc
 *
 * @author Steve Ebersole
 */",9,13,tooling/metamodel-generator/src/test/java/org/hibernate/processor/test/fromcore/Spouse.java,"7419e56d8d2dda1cf97d7dbe2a9ce26f52896b2b",ff5fa10867d82d78002746faba4665e1a420bf0f,true,true,,,,2025-02-13 21:58:41.803,2025-02-18 06:34:12.583
673606,"1660a450902642e2e0f5c426ca15e64a6588b0c3",213,aosp-mirror--platform_frameworks_base,"/**
 * Tests for FingerprintGestureController.
 * TODO: These tests aren't really for server code, so this isn't their ideal home.
 */",41,44,services/tests/servicestests/src/com/android/server/accessibility/FingerprintGestureControllerTest.java,"85c025c8f5d76056918250bd9e2c76c4d0750184","58d256e4c9d5c0eabe880e84ac05f0374c910163",true,true,,,,2025-02-13 21:32:32.756,2025-02-14 22:12:53.625
68121,ce9747e45754de629730a80fb2fa418f98e39159,12,NationalSecurityAgency--ghidra,// not sure what the margin of error is,262,262,Ghidra/Framework/Graph/src/test.slow/java/ghidra/graph/job/FilterVerticesJobTest.java,ff4bbd3442389f9b07b6053308d89038131404ad,db1b6860c9bbe8b659704cb3909c0bf54359fb7d,true,true,,review,,2025-02-13 20:16:07.077,2025-02-18 06:43:51.828
270969,fd6e5bb33eb4cf82aa0cfe69608dc32d13f9e93e,69,OpenAPITools--openapi-generator,// TODO: test objectAndItemsNullableProp,136,136,samples/client/petstore/java/native/src/test/java/org/openapitools/client/model/NullableClassTest.java,"5e6424e4c26cd93fbb84ce2d43618ebad02dfd13","9ed15a1c97321ae74bb395959040c9539c8881a4",true,true,,,,2025-02-13 20:33:22.580,2025-02-18 19:46:46.312
260313,ad9ad4a8efca59beda43d4a76c1db3bbf8afbfcb,69,OpenAPITools--openapi-generator,"//
//Client client = null;
//
//Client response = api.testClientModel(client);

// TODO: test validations",242,247,samples/client/petstore/java/resteasy/src/test/java/org/openapitools/client/api/FakeApiTest.java,"068b2b5103fa8174fdc6024214e30085bf5ead45","9ed15a1c97321ae74bb395959040c9539c8881a4",true,true,,,,2025-02-13 20:32:44.395,2025-02-18 06:39:53.633
263428,"64c2b1652e35b71c5b429661ecbb3eb105548c5d",69,OpenAPITools--openapi-generator,// TODO: test Capitalization,37,37,samples/client/petstore/java/retrofit2/src/test/java/org/openapitools/client/model/CapitalizationTest.java,"9d24732d6ce41e139883ad09d507b97ee513ec23","9ed15a1c97321ae74bb395959040c9539c8881a4",true,true,,,,2025-02-13 20:32:56.301,2025-02-18 19:49:00.569
542274,"1e94addfc9cb80112076ad8982e91aef85a96bca",145,deeplearning4j--deeplearning4j,"// The test .equals fails on a comparison of row  vs column vector.
//TODO: possibly figure out what's going on here at some point?
// - Adam",180,182,platform-tests/src/test/java/org/eclipse/deeplearning4j/nd4j/linalg/shape/indexing/IndexingTests.java,bc6964441f03693a55ff62959fb77c6991542ba2,"0ab6236295ca75736f591c2ea805e438fc580dbd",true,true,,,,2025-02-13 21:18:21.887,2025-02-18 19:48:58.681
877599,ca55ad4e81dfcf85984dadf6fe37396829b3bc26,337,google--closure-compiler,// TODO(johnlenz): support this. Unused return can be removed.,137,137,test/com/google/javascript/jscomp/OptimizeReturnsTest.java,"1418dde868e495dd28491560afcb17ca04a6b013",c86e4dd27ef48f9aa49261b1391274023ce7b658,true,true,,,,2025-02-13 21:50:41.056,2025-02-18 19:49:03.578
250429,b46e8eee13378dd0a26da7099cc9282a382b25fd,69,OpenAPITools--openapi-generator,// TODO: test id,43,43,samples/client/petstore/java-helidon-client/v3/se/src/test/java/org/openapitools/client/model/UserTest.java,"7bf5a89654fd283043bac57977bf1b477e0e6c3e","9ed15a1c97321ae74bb395959040c9539c8881a4",true,true,,,,2025-02-13 20:32:07.762,2025-02-18 19:53:40.381
612491,"647f3a475889ee6e000c71bf45bf53c13e4ab7ed",204,androidannotations--androidannotations,"// assertThat(activity.consumerIrManager).isNotNull(); // TODO API 19
// assertThat(activity.countryDetector).isNotNull(); // hidden API",57,58,AndroidAnnotations/androidannotations-core/androidannotations-test/src/test/java/org/androidannotations/test/ServiceInjectionTest.java,"50745a1f824496aa3e51aaaa69840df1d4d44685","0d24f1b64dd6b4c27d9a77d3b771a129a59b5b4c",true,true,,,,2025-02-13 21:25:11.519,2025-02-18 19:55:40.541
257012,"79f723392c13dc09445336a903630ebbfc800c0b",69,OpenAPITools--openapi-generator,// TODO: test arrayEnum,56,56,samples/client/petstore/java/jersey3/src/test/java/org/openapitools/client/model/EnumArraysTest.java,"6a889b243632d4da2f6525580c5fdec9b9245b55","9ed15a1c97321ae74bb395959040c9539c8881a4",true,true,,,,2025-02-13 20:32:32.528,2025-02-18 19:58:19.090
250455,aa923e5eb691d80002061c23822fcba7063bb666,69,OpenAPITools--openapi-generator,// TODO: test ReadOnlyFirst,35,35,samples/client/petstore/java-helidon-client/v3/se/src/test/java/org/openapitools/client/model/ReadOnlyFirstTest.java,"7ea6fe99d73ef210f8fa0b48dc86c81b50c57e9f","9ed15a1c97321ae74bb395959040c9539c8881a4",true,true,,,,2025-02-13 20:32:07.814,2025-02-18 19:59:09.081
267085,"221821a42487ab36aba11b7b59ece40358a8858c",69,OpenAPITools--openapi-generator,// TODO: test id,49,49,samples/client/petstore/java/okhttp-gson-3.1/src/test/java/org/openapitools/client/model/PetTest.java,"7bf5a89654fd283043bac57977bf1b477e0e6c3e","9ed15a1c97321ae74bb395959040c9539c8881a4",true,true,,,,2025-02-13 20:33:07.933,2025-02-18 19:59:24.362
114131,"0e3cf677ec275a4c67f673e1ab6156f29a74ed10",26,bumptech--glide,// TODO: Add gainmap-based tests once Robolectric has sufficient support.,428,428,library/test/src/test/java/com/bumptech/glide/load/resource/bitmap/TransformationUtilsTest.java,"3963e75bb0baefb83952e4c976c7a18c5e082743","9c9f56f29e63114c409184dd1e82b42b3f0063f7",true,true,,,,2025-02-13 20:19:34.835,2025-02-18 20:04:43.941
254812,"28e7911cc6bf66ce40b5fd1314f690a639884178",69,OpenAPITools--openapi-generator,// TODO: test prefixArray,168,168,samples/client/petstore/java/feign-no-nullable/src/test/java/org/openapitools/client/model/XmlItemTest.java,"0d9b0ab68acfc6e0ad1dae588fee2bf6cb5cc8c1","9ed15a1c97321ae74bb395959040c9539c8881a4",true,true,,,,2025-02-13 20:32:23.700,2025-02-18 20:07:31.515
277272,"6c3644fad9ac2fd06a581475026900b97e79f0af",69,OpenAPITools--openapi-generator,// TODO: test property,52,52,samples/server/petstore/java-helidon-server/v4/se-uac/src/test/java/org/openapitools/server/model/NameTest.java,bee1d65938cbacdb709c770820c6c1498879fab7,"9ed15a1c97321ae74bb395959040c9539c8881a4",true,true,,,,2025-02-13 20:33:45.148,2025-02-18 20:08:40.244
983738,cf5d473bf0d250333d6a6c8c2f430d9f481ed6d1,435,hibernate--hibernate-orm,"/**
 * todo: describe ChildInfo
 *
 * @author Steve Ebersole
 */",8,12,hibernate-core/src/test/java/org/hibernate/orm/test/jpa/cascade2/ParentInfoAssigned.java,f0105c7d3226968afd1c3b01cfa27cc1f839746c,ff5fa10867d82d78002746faba4665e1a420bf0f,true,true,,,,2025-02-13 21:59:53.361,2025-02-18 20:52:14.443
856742,"73d0b5cf8ea849641766d9054d09745f4db625d0",323,apache--tomcat,// TODO Auto-generated method stub,442,442,modules/jdbc-pool/src/test/java/org/apache/tomcat/jdbc/test/driver/Statement.java,"038a43c1105ae180e421785294590ea20ba10ce7","3d58c3ac70beb21588b120d21ff5c075801ca31e",true,true,,,,2025-02-13 21:48:37.415,2025-02-18 20:52:58.827
272501,"72207806b5b515074a235816e40e57336abdffa4",69,OpenAPITools--openapi-generator,// TODO: test stringProp,80,80,samples/client/petstore/java/webclient/src/test/java/org/openapitools/client/model/NullableClassTest.java,"7b11684573061c7ae94b48acd7d187f794e3987e","9ed15a1c97321ae74bb395959040c9539c8881a4",true,true,,,,2025-02-13 20:33:28.212,2025-02-18 20:57:01.151
258033,"6b8324093ec9f4a55e07c72724423c9fe04cade7",69,OpenAPITools--openapi-generator,// TODO: test patternWithDigits,161,161,samples/client/petstore/java/webclient-useSingleRequestParameter/src/test/java/org/openapitools/client/model/FormatTestTest.java,"01b2ddb4e8a21391b9e04eb1f6073cfff1e22866","9ed15a1c97321ae74bb395959040c9539c8881a4",true,true,,,,2025-02-13 20:32:36.344,2025-02-18 21:02:13.090
259171,"98e35acd036e91f21207e494ab5014c5083157a5",69,OpenAPITools--openapi-generator,// TODO: test validations,103,103,samples/client/petstore/java/rest-assured/src/test/java/org/openapitools/client/api/PetApiTest.java,"79f4bab34576d036cd7d221fbc4f385f571b4181","9ed15a1c97321ae74bb395959040c9539c8881a4",true,true,,,,2025-02-13 20:32:39.830,2025-02-18 21:03:52.741
261930,"4e5e8ae053604797e02c34416d289c3d85729581",69,OpenAPITools--openapi-generator,// TODO: test EnumTest,45,45,samples/client/petstore/java/webclient-swagger2/src/test/java/org/openapitools/client/model/EnumTestTest.java,e791fb43941af966e258eaa337c36e7f2b835337,"9ed15a1c97321ae74bb395959040c9539c8881a4",true,true,,,,2025-02-13 20:32:51.354,2025-02-18 21:04:48.118
166270,d70200339d2e5811863fdc7f827998b2895c305a,47,alibaba--druid,// TODO Auto-generated method stub,767,767,core/src/test/java/com/alibaba/druid/test/util/OracleMockConnection.java,"038a43c1105ae180e421785294590ea20ba10ce7",b043fd17d6ee8de16dd395e2476620fbd66a31e8,true,true,,,,2025-02-13 20:24:33.962,2025-02-18 21:04:59.246
252198,"191f54b6ad5e3bd14c3117668c94a0d33163ec47",69,OpenAPITools--openapi-generator,// TODO: test prefixString,136,136,samples/client/petstore/java/vertx-no-nullable/src/test/java/org/openapitools/client/model/XmlItemTest.java,dba8ceadb7be436111b1f35eacea23a340aea886,"9ed15a1c97321ae74bb395959040c9539c8881a4",true,true,,,,2025-02-13 20:32:11.971,2025-02-18 21:04:11.432
776547,f2105d37d47405f93afa072b825eeb57e8b2d6f2,269,apache--cassandra,"// TODO This fails with TCM as the constraints regarding concurrent overlapping range movements and
//      replication factors have moved into the operations themselves. Previously, these were enforced
//      at the StorageService level.",236,238,test/unit/org/apache/cassandra/locator/PendingRangesTest.java,fa134eede5d5e0fa864810af6b40e882b6d75ee5,"511bd203144a71bf0a72876a393d186a9778407e",true,true,,,,2025-02-13 21:41:09.380,2025-02-18 21:06:02.215
877654,"8f5469737719ff0e8e5690c4e911aa3fc728fa04",337,google--closure-compiler,// TODO(user): These should be inlinable.,436,436,test/com/google/javascript/jscomp/FlowSensitiveInlineVariablesTest.java,"673b5c08457f13e7be28f74d5a7d9df62359ee25",c86e4dd27ef48f9aa49261b1391274023ce7b658,true,true,,,,2025-02-13 21:50:41.365,2025-02-18 21:06:19.673
266985,eb8a95d89ce25a788055b1c68e346e5ef5100e78,69,OpenAPITools--openapi-generator,// TODO: test RefRefToPathLevelParameterOneofRefToOneofParameter,30,30,samples/client/petstore/java/okhttp-gson-3.1/src/test/java/org/openapitools/client/model/RefRefToPathLevelParameterOneofRefToOneofParameterTest.java,"04e69a6f6ffeae8b5bf4e9a3455859c01ad18496","9ed15a1c97321ae74bb395959040c9539c8881a4",true,true,,,,2025-02-13 20:33:07.638,2025-02-18 21:07:34.083
275539,"4e18b912a684a4f4bf80b853d5e7769486ba9e01",69,OpenAPITools--openapi-generator,// TODO: test color,53,53,samples/client/echo_api/java/okhttp-gson/src/test/java/org/openapitools/client/model/BirdAndCategoryTest.java,"696d53d2d7e629768f59b82a58ea88c6784a2f84","9ed15a1c97321ae74bb395959040c9539c8881a4",true,true,,,,2025-02-13 20:33:38.819,2025-02-18 21:07:43.684
245580,dbd88f4c6962bd989ecf43e5bf669510e90a4143,66,redisson--redisson,// TODO Auto-generated catch block,435,435,redisson/src/test/java/org/redisson/RedissonLockTest.java,fef8aeaa6ec53ffaf9f0c96bd2c3eee8f42c6f60,af54726926d1f0413ac0a00c6499245e70454258,true,true,,,,2025-02-13 20:31:26.784,2025-02-18 21:08:22.259
322344,f9b32cac64ce7b063fa81070e20f9992667d41dd,81,openjdk--jdk,// I have put this as it was complaining about systemid,416,416,test/jaxp/javax/xml/jaxp/functional/javax/xml/transform/ptests/SAXTFactoryTest.java,"2126102a2472df105a286dec816c46f1a8decc6c","642816538fbaa5b74c6beb8a14d1738cdde28c10",true,true,,,,2025-02-13 20:57:00.782,2025-02-18 21:09:44.446
254962,"80a2fcec3418f9a1d2d8b805db13c53b6eb1f8e2",69,OpenAPITools--openapi-generator,// TODO: test arrayArrayOfModel,64,64,samples/client/petstore/java/feign-no-nullable/src/test/java/org/openapitools/client/model/ArrayTestTest.java,c6c43d59b59ff6345abe754c1ee2534567af4221,"9ed15a1c97321ae74bb395959040c9539c8881a4",true,true,,,,2025-02-13 20:32:24.219,2025-02-18 21:10:54.296
856829,a26b70b5fb0bd369e10206382e49d9c531cff1c0,323,apache--tomcat,// TODO Auto-generated method stub,969,969,modules/jdbc-pool/src/test/java/org/apache/tomcat/jdbc/test/driver/Statement.java,"038a43c1105ae180e421785294590ea20ba10ce7","3d58c3ac70beb21588b120d21ff5c075801ca31e",true,true,,,,2025-02-13 21:48:37.655,2025-02-18 21:11:22.656
1371721,bebaa5e5bc439d07c2689d89f68be002dc5efcc4,733,Freeyourgadget--Gadgetbridge,// TODO,531,531,app/src/test/java/nodomain/freeyourgadget/gadgetbridge/service/devices/sony/headphones/protocol/impl/v1/SonyProtocolImplV1Test.java,"0beb03789824b85a8d7285013ab1651cf48ad764",a0948ee1cbc2a870f91d313f8e37df5f524465f7,true,true,,,,2025-02-13 23:56:49.499,2025-02-18 21:11:30.097
265041,"60872946824abcfba1c82366087685513801874b",69,OpenAPITools--openapi-generator,// TODO: test validations,154,154,samples/client/petstore/java/microprofile-rest-client-3.0-jackson/src/test/java/org/openapitools/client/api/FakeApiTest.java,"79f4bab34576d036cd7d221fbc4f385f571b4181","9ed15a1c97321ae74bb395959040c9539c8881a4",true,true,,,,2025-02-13 20:33:01.565,2025-02-18 21:13:33.810
177539,"2f14d2b945915d8f6cdd8703e17e3ba5f0498fa7",56,keycloak--keycloak,// TODO Test should fail if there are leftover events,70,70,testsuite/integration-arquillian/tests/base/src/test/java/org/keycloak/testsuite/util/AssertAdminEvents.java,bb75e6888d1cdd23951e599d4fed33f9c99050dd,"7e5540896bbbafc02234b6ea2b15215dc24cb972",true,true,,,,2025-02-13 20:26:01.845,2025-02-18 21:15:01.805
170803,"166ad02d6f768724bc65338262c8f00011ca8e75",54,apache--incubator-seata,// Disable 'DataSourceProxy.tableMetaExecutor' to prevent unit tests from being affected,93,93,rm-datasource/src/test/java/org/apache/seata/rm/datasource/DataSourceProxyTest.java,a5603da537030e85e7a6a7236a22bc2e949f6c47,"205581771b46a1f5b72b47b008bc4f0663018141",true,true,,review,,2025-02-13 20:25:20.973,2025-02-18 21:17:36.491
256014,"5c0b128766df0329c020a450d2f2cde37ee005ed",69,OpenAPITools--openapi-generator,// TODO: test id,52,52,samples/client/petstore/java/resttemplate-withXml/src/test/java/org/openapitools/client/model/PetTest.java,"7bf5a89654fd283043bac57977bf1b477e0e6c3e","9ed15a1c97321ae74bb395959040c9539c8881a4",true,true,,,,2025-02-13 20:32:28.838,2025-02-18 22:42:31.193
478295,"4a5802737221e3abd422b3893916b51ff9bdcf6b",129,questdb--questdb,"// trick constructor into thinking ""_todo"" file exists",1396,1396,core/src/test/java/io/questdb/test/cairo/TableWriterTest.java,"7d6add04bc222e3ef59fb7874d1f13b82f7d1862","22d81f26b151ab65f962ac899015d1f99b4ed689",true,true,,,,2025-02-13 21:12:12.352,2025-02-18 22:32:47.118
267300,"1549943ff3223428c20305f4d68929e7a8e50cb0",69,OpenAPITools--openapi-generator,// TODO: test dateTime,131,131,samples/client/petstore/java/microprofile-rest-client/src/test/java/org/openapitools/client/model/FormatTestTest.java,"930befda390ce67c5335140b5ade9ee67322359e","9ed15a1c97321ae74bb395959040c9539c8881a4",true,true,,,,2025-02-13 20:33:08.486,2025-02-18 21:19:39.921
268262,"12921f82f9a6e58d1d32b82fa6199fc3026f9bd4",69,OpenAPITools--openapi-generator,// TODO: test mapBoolean,73,73,samples/client/petstore/java/retrofit2rx2/src/test/java/org/openapitools/client/model/AdditionalPropertiesClassTest.java,"3d830e56b716d59a7d4d27d53559567ea78526e5","9ed15a1c97321ae74bb395959040c9539c8881a4",true,true,,,,2025-02-13 20:33:11.492,2025-02-18 21:22:53.676
849284,"2f6e4edadc8cb3405673ca6c3dd8dd0e67f0c96d",315,pentaho--pentaho-kettle,// TODO: Is it correct?,162,162,integration/src/it/java/org/pentaho/di/trans/steps/formula/Formula2IT.java,"195140d7a904f3fe2171fb3230ee823534bc752f",db5f39cc7d9f6223ef20e6da5102d5910e91af27,true,true,,,,2025-02-13 21:47:59.213,2025-02-18 21:30:09.747
126659,"8ddbe2541c1b18b7babfa6ef0c715d0825afa51a",36,alibaba--nacos,// todo remove this,40,40,core/src/test/java/com/alibaba/nacos/core/remote/grpc/negotiator/tls/SdkDefaultTlsProtocolNegotiatorBuilderTest.java,"4bafea92b3849e613f005c2ce2548c7d723d1bd0",a13b64d4f32a20d0e98d4173f2feb2fb71739814,true,true,,,,2025-02-13 20:20:47.346,2025-02-18 21:28:53.379
1133322,"71ca46c8b645ec2ce25b17f3817f005a3e6b969c",489,apache--hudi,// TODO(HUDI-3668): Fix this test,130,130,hudi-integ-test/src/test/java/org/apache/hudi/integ/testsuite/TestDFSHoodieTestSuiteWriterAdapter.java,"63c6e3a89ad2cc3e12e31cc0093fc848afa0df39","861fe110076ca019931e2bcd1bf358fda61db1cf",true,true,,,,2025-02-13 22:31:10.480,2025-02-18 21:32:40.211
46061,ed978ec206a0b2eef3352c3e3949d146ac6e4496,8,elastic--elasticsearch,// TODO implement https://github.com/elastic/elasticsearch/issues/25929,66,66,x-pack/plugin/core/src/test/java/org/elasticsearch/xpack/core/ml/inference/trainedmodel/RobertaTokenizationUpdateTests.java,"47cbe543f77922946ee9ea2a82f9b9edb18583e6","3d457ef84ebf5d3ee0fd09339fbc3373ed5beb3c",true,true,,,,2025-02-13 20:13:19.831,2025-02-18 21:35:05.530
278912,dad8622784862af50d9007f84062a67acf35c1ed,69,OpenAPITools--openapi-generator,// TODO: test enumStringRequired,52,52,samples/server/petstore/java-helidon-server/v3/se/src/test/java/org/openapitools/server/model/EnumTestTest.java,a22194da357f642263cc4a0657a9063b90205fcc,"9ed15a1c97321ae74bb395959040c9539c8881a4",true,true,,,,2025-02-13 20:33:51.947,2025-02-18 21:35:12.442
1409710,"3f6d1a5c315bd3283dd2342b1783556a73ad5a39",762,camunda--camunda-bpm-platform,"/**
 * <p>Tests cluster scenario with two nodes trying to write the installation id property in parallel.</p>
 *
 * <p><b>Note:</b> the test is not executed on H2 because it doesn't support the
 * exclusive lock on table.</p>
 */",34,40,engine/src/test/java/org/camunda/bpm/engine/test/concurrency/ConcurrentInstallationIdInitializationTest.java,"02531c04f74c51fe798a51fcc99386b86b601608",ac8afff0b95d91a75d312b11de90633b998f55dd,true,true,,review,,2025-02-14 00:02:26.936,2025-02-18 21:36:49.672
249063,"01f9ae04b6c6ed6254d18c172d8f11e932d4cd08",69,OpenAPITools--openapi-generator,// TODO: test EnumArrays,38,38,samples/client/petstore/java-helidon-client/v4/se/src/test/java/org/openapitools/client/model/EnumArraysTest.java,"0f7c95e81d1d9bdfea78349052229f36a651dc1b","9ed15a1c97321ae74bb395959040c9539c8881a4",true,true,,,,2025-02-13 20:32:04.510,2025-02-18 21:38:43.158
252818,bbb08b439b672dd6f1f5f48131b5183155d7953b,69,OpenAPITools--openapi-generator,// TODO: test objectItemsNullable,144,144,samples/client/petstore/java/resttemplate/src/test/java/org/openapitools/client/model/NullableClassTest.java,fbe89c29e48f4d16cd4f5c318e5519fee75e82eb,"9ed15a1c97321ae74bb395959040c9539c8881a4",true,true,,,,2025-02-13 20:32:14.823,2025-02-18 21:45:20.906
23823,"1b06a5f6b3525d72e2c02e54f22abb643dfac6ad",8,elastic--elasticsearch,// RandomIndexWriter is too slow here:,101,101,server/src/test/java/org/elasticsearch/lucene/spatial/CartesianShapeDocValuesQueryTests.java,"154498ba0a35977c734c8e9ba611b5631b4c5e02","3d457ef84ebf5d3ee0fd09339fbc3373ed5beb3c",true,true,,review,,2025-02-13 20:12:05.532,2025-02-18 21:47:47.629
1475168,"8584ae22d52f5a57dc3812c1e3efc3edbc696e06",805,geoserver--geoserver,// TODO: add ids in the elemnets and check contents using jSoup,108,108,src/community/ogcapi/ogcapi-tiles/src/test/java/org/geoserver/ogcapi/v1/tiles/TilesetDescriptionTest.java,a64caf93fe3468e261d8331b01ca5206a1bb9369,"8871198a41d255de8c964263f0a6f15d44d15d62",true,true,,,,2025-02-14 00:11:30.852,2025-02-18 21:47:56.846
584484,d3f039e640066ea02705218989eb4b3a9b6f6911,167,languagetool-org--languagetool,//Could fail if CI is to slow and will slow down the CI build; test local,227,227,languagetool-core/src/test/java/org/languagetool/tools/LtThreadPoolFactoryTest.java,c0a66cbbc7e8f24e954ef957ba8515526ab80ef3,a611c39ca0e3ee34ceb4f95bfc387aa9755566c8,true,true,,,,2025-02-13 21:22:32.774,2025-02-18 22:07:55.915
757427,"7ff19e4d8e5e8510ee26cf0ed021d1a655e8a685",255,StarRocks--starrocks,"// Query with cube and arithmetic expr
// TODO(kks): enable this later if we support cube",952,953,fe/fe-core/src/test/java/com/starrocks/sql/optimizer/MVRewriteTest.java,"993689dfe52aa9caef11401acab216bad74573ab",fc39755dd79a2e6f95737c75dc3d622a9e4a561f,true,true,,,,2025-02-13 21:39:22.367,2025-02-18 22:12:30.879
31014,"3164e7ade7c48a1cd90a897c8e76a8af31a17f63",8,elastic--elasticsearch,"// TODO: Unmute this part
// https://github.com/elastic/elasticsearch/issues/110827
// for (int i = 1; i < plans.size(); i++) {
// assertThat(plans.get(i), equalTo(plans.get(0)));
// }",7000,7004,x-pack/plugin/esql/src/test/java/org/elasticsearch/xpack/esql/optimizer/LogicalPlanOptimizerTests.java,"23133074d5e4ea14303dc8779cdbfea3f02cc927","3d457ef84ebf5d3ee0fd09339fbc3373ed5beb3c",true,true,,,,2025-02-13 20:12:29.031,2025-02-18 22:13:13.380
278700,"06e5cf56ecc8a88faf366edc8a427e5681012137",69,OpenAPITools--openapi-generator,// TODO: test _return,37,37,samples/server/petstore/java-helidon-server/v3/se/src/test/java/org/openapitools/server/model/ModelReturnTest.java,"4ae30861380f0015099e7b4d601b12442764b2de","9ed15a1c97321ae74bb395959040c9539c8881a4",true,true,,,,2025-02-13 20:33:51.022,2025-02-18 22:13:37.111
1154060,"08f4ae74af8b0d7ab3249851ade242e2054d261c",497,graphhopper--graphhopper,"// todo: make this test run also for edge-based CH or otherwise make sure time calculation is tested also for edge-based CH (at the moment it will fail!)
// todo: make this test run also for ALT or otherwise make sure time calculation is tested also for ALT (at the moment it will fail?!)",64,65,core/src/test/java/com/graphhopper/routing/EdgeBasedRoutingAlgorithmTest.java,aa159040a6243ba6b0ce00fc27bbd689d64b8195,"3ad74bcdd3ae67cdb6d6cd398ba3490541615813",true,true,,,,2025-02-13 23:33:01.390,2025-02-18 22:15:34.672
167799,e8a4fe3204026f3ea0add9376cf4f54bea25d751,51,alibaba--fastjson,// TODO Auto-generated method stub,88,88,src/test/java/com/alibaba/json/bvt/parser/TypeUtilsTest_cast.java,"038a43c1105ae180e421785294590ea20ba10ce7",c942c83443117b73af5ad278cc780270998ba3e1,true,true,,,,2025-02-13 20:24:43.986,2025-02-18 22:28:09.753
267221,"6d5dd38e64b142bce3e9b2d69af424d1a39e1569",69,OpenAPITools--openapi-generator,// TODO: test validations,52,52,samples/client/petstore/java/okhttp-gson-3.1/src/test/java/org/openapitools/client/api/FakeApiTest.java,"79f4bab34576d036cd7d221fbc4f385f571b4181","9ed15a1c97321ae74bb395959040c9539c8881a4",true,true,,,,2025-02-13 20:33:08.288,2025-02-18 22:29:57.751
490732,"1f46e0d2318682987c0974c8c6de268e04b7c4b3",135,apache--pulsar,"// TODO: for non-persistent topics, deleteSubscription won't fail",1199,1199,pulsar-broker/src/test/java/org/apache/pulsar/broker/admin/AdminApiTest.java,"8cb2f76375a3343b533563f3fefa75ada25e1189","367faefc2e61c68e587626d07f9d98163d3cd935",true,true,,,,2025-02-13 21:13:35.686,2025-02-18 22:31:40.004
249451,f2114531d026d4df46c46d1aaac65475f4c7834c,69,OpenAPITools--openapi-generator,// TODO - assign values to the input arguments.,135,135,samples/client/petstore/java-helidon-client/v4/se/src/test/java/org/openapitools/client/api/UserApiTest.java,"342e6513e258471fdfba7aaa013723b8cd41cd9f","9ed15a1c97321ae74bb395959040c9539c8881a4",true,true,,,,2025-02-13 20:32:05.416,2025-02-18 22:34:00.403
1561930,e991a04ec0fb9cf19d35af61650af7ad4da96c8a,918,FasterXML--jackson-databind,"// kinda sorta wrong, but for testing's sake...",146,146,src/test/java/com/fasterxml/jackson/databind/introspect/JacksonAnnotationIntrospectorTest.java,"1344a8f862bbfb9d065783457f05b70f911b8412",cfef132dbacbc6ed612051f81e88fb37c5632154,true,true,,,,2025-02-14 00:20:42.689,2025-02-18 22:40:17.363
136997,d6b1e8912920e4a7834a31ed0016c21e570b1b1a,40,apache--kafka,"// We want to randomize the order of data to test not completely predictable processing order
// However, values are also use as a timestamp of the record. (TODO: separate data and timestamp)
// We keep some correlation of time and order. Thus, the shuffling is done with a sliding window",99,101,streams/upgrade-system-tests-30/src/test/java/org/apache/kafka/streams/tests/SmokeTestDriver.java,"1db86650f80b986fb6043c07a27f1a3e9b3aaf67",a6ec7584888a4202542eb2d8debbe1a924784aa2,true,true,,,,2025-02-13 20:22:41.642,2025-02-18 22:41:48.964
255018,d2d9c8c499722a0d53b7af479b15437ce4596fba,69,OpenAPITools--openapi-generator,// TODO: test className,48,48,samples/client/petstore/java/feign-no-nullable/src/test/java/org/openapitools/client/model/CatTest.java,c6045aff5b3106fed06e86f92a56564f8acc235f,"9ed15a1c97321ae74bb395959040c9539c8881a4",true,true,,,,2025-02-13 20:32:24.350,2025-02-18 22:43:40.812
755174,fbdc7d8ebef0b0898ebf788a25fcc4247d2383ff,255,StarRocks--starrocks,// TODO: fill expire txn ids,111,111,fe/fe-core/src/test/java/com/starrocks/pseudocluster/Tablet.java,e411cb1338d05a65f35ad5cf69d8932a7fede7e0,fc39755dd79a2e6f95737c75dc3d622a9e4a561f,true,true,,,,2025-02-13 21:39:15.391,2025-02-18 22:43:29.393
878705,df0ed9ac93d0e260c9abd4472d2d458130a6d731,337,google--closure-compiler,// TODO(nickreid): Add rewriting support for this.,749,749,test/com/google/javascript/jscomp/DevirtualizeMethodsTest.java,"0a222951e567a3af2c546df6eb24730792edbe5d",c86e4dd27ef48f9aa49261b1391274023ce7b658,true,true,,,,2025-02-13 21:50:46.713,2025-02-18 22:44:16.528
843337,"9f03ddd94477f837ded63e81c106ef07689b6992",308,apache--beam,// TODO: remove after SAMZA-2761 fix,165,165,runners/samza/src/test/java/org/apache/beam/runners/samza/runtime/AsyncDoFnRunnerTest.java,"2b779d4b8b2ec2b054c80f2145d8dac81dae037e","2b18c28132630689639a308dcc30da1441fd65ae",true,true,,,,2025-02-13 21:47:20.623,2025-02-18 22:45:55.300
878369,"229a9318bc3e66737ed3877417e6f831f9e2046d",337,google--closure-compiler,"// TODO(lharker): forbid this annotation, since it is impossible for a Promise to resolve to a
// Promise.",6027,6028,test/com/google/javascript/jscomp/TypeCheckNoTranspileTest.java,"234f65afe3eeb2ba45422a7c7dafa3ed3f6ceca5",c86e4dd27ef48f9aa49261b1391274023ce7b658,true,true,,,,2025-02-13 21:50:45.089,2025-02-18 22:47:03.933
277226,"21812b9f208e05d2d2afd90e120edb5816699cb4",69,OpenAPITools--openapi-generator,// TODO: test ClassModel,28,28,samples/server/petstore/java-helidon-server/v4/se-uac/src/test/java/org/openapitools/server/model/ClassModelTest.java,"425ed14feaca779ec60ca2113972c6da0f8d841a","9ed15a1c97321ae74bb395959040c9539c8881a4",true,true,,,,2025-02-13 20:33:45.021,2025-02-18 22:56:07.507
968911,a0a0b3288d37eb9be18a3833e19b58a30bbd0b01,435,hibernate--hibernate-orm,//TODO: make this work:,194,194,hibernate-core/src/test/java/org/hibernate/orm/test/mapping/inheritance/discriminator/SimpleInheritanceTest.java,"1144c6ebe7fc5d50e8246760ed100e0ae09ce4fc",ff5fa10867d82d78002746faba4665e1a420bf0f,true,true,,,,2025-02-13 21:59:03.158,2025-02-18 23:00:06.915
639477,"98e65dc9d3317efe995985136d8c8cc119dbb6b0",211,trinodb--trino,// TODO throw new UnsupportedOperationException();,185,185,plugin/trino-base-jdbc/src/test/java/io/trino/plugin/jdbc/BaseJdbcConnectorTest.java,ef974e7aa71d86968cd942af7434aba39a017f7d,b89da7e651fea169443b1aaedb0c406744fe2cff,true,true,,,,2025-02-13 21:28:12.631,2025-02-18 23:01:02.394
1561777,"7719a4715e2217f7f4a0eede078fecae1852462e",918,FasterXML--jackson-databind,"//  bit ugly, but can't think of cleaner simple way to check this...",251,251,src/test/java/com/fasterxml/jackson/databind/FormatSchemaTest.java,"69e9aefcd805726269086e4e2f3a28a4b8380d1e",cfef132dbacbc6ed612051f81e88fb37c5632154,true,true,,,,2025-02-14 00:20:42.183,2025-02-18 23:03:34.650
1063158,"8194c7f5ff9fa69114d31657334828bc424a96c7",478,apache--camel,"/**
 * There is a delay 5-10 mins between upload of file and being searchable (probably to update some search indexes,
 * see https://community.box.com/t5/Platform-and-Development-Forum/Box-Search-Delay/td-p/40072). With this delay
 * search for an actual item, created in the beginning of the test, doesn't make sense. Test only verifies, that
 * search results works (and does not end with an exception).
 *
 * To test search of real data, change query string from '*' to real name of file.
 */",44,51,components/camel-box/camel-box-component/src/test/java/org/apache/camel/component/box/BoxSearchManagerIT.java,e2be55dce61e635a6bcefee8ca4d51b1729ba5dd,"0f00efcd0e3ad9149092e315faea2ed4f2b2dde5",true,true,,,,2025-02-13 22:24:49.944,2025-02-18 23:06:19.219
251739,"64db55df81d46d863f10fd9a63f6fe5836d53f61",69,OpenAPITools--openapi-generator,// TODO: test validations,88,88,samples/client/petstore/java/okhttp-gson-awsv4signature/src/test/java/org/openapitools/client/api/UserApiTest.java,"79f4bab34576d036cd7d221fbc4f385f571b4181","9ed15a1c97321ae74bb395959040c9539c8881a4",true,true,,,,2025-02-13 20:32:10.862,2025-02-18 23:12:50.343
852700,"0ac627b07b5ccf7473cea7395eb08f58f6de1589",315,pentaho--pentaho-kettle,// TODO Auto-generated method stub,336,336,engine/src/test/java/org/pentaho/di/trans/steps/loadsave/MemoryRepository.java,"038a43c1105ae180e421785294590ea20ba10ce7",db5f39cc7d9f6223ef20e6da5102d5910e91af27,true,true,,,,2025-02-13 21:48:08.049,2025-02-18 23:13:34.278
1179971,c4f497aeb143f5f94c7cce702bc046604d3f58e5,541,apache--hbase,"// Now a more precise check to see if the false positive rate is not
// too high. The reason we use a relaxed restriction for the real-world
// case as opposed to the ""fake lookup"" case is that our hash functions
// are not completely independent.",247,250,hbase-server/src/test/java/org/apache/hadoop/hbase/regionserver/TestCompoundBloomFilter.java,"01bdb3d9b0255396344830d544b6ac7adb040b8c","821f1b0d494b5ef850eae4b9a1a21c53dd4d2763",true,true,,,,2025-02-13 23:35:42.149,2025-02-18 23:14:44.335
638230,ec3cac76d108289d8d006d556f145f52b0320685,211,trinodb--trino,// TODO: Find the maximum column name length in ClickHouse and enable this test.,284,284,plugin/trino-clickhouse/src/test/java/io/trino/plugin/clickhouse/TestClickHouseConnectorTest.java,"7922f4df93d3ec0536c686336401916637eeef20",b89da7e651fea169443b1aaedb0c406744fe2cff,true,true,,,,2025-02-13 21:28:08.682,2025-02-18 23:17:53.070
869877,df37f573f01fb34b97117cd0490c296505f9cd02,337,google--closure-compiler,// TODO(b/139192655): The function template should shadow the class template type and not error,6826,6826,test/com/google/javascript/jscomp/TypeCheckTest.java,"92423e2154ae9692904292580d221b3732c4163b",c86e4dd27ef48f9aa49261b1391274023ce7b658,true,true,,,,2025-02-13 21:50:16.734,2025-02-18 23:21:33.323
1529183,"0a970296cf066a2fbcb70d3a27b2dd74954a3773",874,apache--kylin,"// btw, we should also check the ""skip xxx"" log,
// but the /path/to/job_tmp/job_id/01/meta/execute_output.json.xxx.log not exists in ut env.",907,908,src/data-loading-service/src/test/java/org/apache/kylin/engine/spark/job/NSparkCubingJobTest.java,"04849d33c3125713aa3c2390dd15f686100174dc","5f3ef471b47768cf00e9ce31abb3bd8db640065d",true,true,,,,2025-02-14 00:17:04.840,2025-02-18 23:21:00.870
1314723,"58611fc1c9ef57dfaf43a96d4c47245fe3db039f",623,line--armeria,// This test could be broken if multiple tests are running in parallel.,109,109,core/src/test/java/com/linecorp/armeria/client/TlsProviderCacheTest.java,"9741a460cf52c332562aa838127d792fe005a624","241927440b471623ae587d0d5568df188a1034c4",true,true,,,,2025-02-13 23:49:28.740,2025-02-18 23:25:25.975
1158656,"37afeee074bb5b9c9a746ef1586d6b36d2c3eb36",501,langchain4j--langchain4j,// TODO verify that parameters are propagated after https://github.com/langchain4j/langchain4j/issues/1044,188,188,langchain4j/src/test/java/dev/langchain4j/service/common/openai/OpenAiChatModelIT.java,"6452d041717d453a781fe70bf8fe405281564ee8","0e5b1ece9cb22f52dfe9846885a35ec906e0cdd6",true,true,,,,2025-02-13 23:33:22.222,2025-02-18 23:33:04.213
1508198,"35846cb418fadde1d8e6f07f069c25f5e470fefc",822,jetty--jetty.project,"// TODO the following assertion fails because of a bug in the JDK (see JDK-8311079 and MountedPathResourceTest.testJarFileResourceAccessBackSlash())
//assertThat(servletContext.getResource(""/nested-reserved-!#\\\\$%&()*+,:=?@[]-meta-inf-resource.txt""), notNullValue());",673,674,jetty-ee10/jetty-ee10-webapp/src/test/java/org/eclipse/jetty/ee10/webapp/WebAppContextTest.java,"8df2a09263f3c451c0499684cca21c513b808252","12d16112fc65062f8d8de144a131b9f99dcae246",true,true,,,,2025-02-14 00:14:48.670,2025-02-18 23:39:01.075
252752,"6208d8e33b7a16669d9ea2d4274496055f216f72",69,OpenAPITools--openapi-generator,// TODO: test files,56,56,samples/client/petstore/java/resttemplate/src/test/java/org/openapitools/client/model/FileSchemaTestClassTest.java,"758b24303fea692af324e38329e858482a41733a","9ed15a1c97321ae74bb395959040c9539c8881a4",true,true,,,,2025-02-13 20:32:14.528,2025-02-18 23:40:12.300
253652,"9a132a72de36344124b32e90117d82243d4436bd",69,OpenAPITools--openapi-generator,// TODO: test validations,275,275,samples/client/petstore/java/rest-assured-jackson/src/test/java/org/openapitools/client/api/FakeApiTest.java,"79f4bab34576d036cd7d221fbc4f385f571b4181","9ed15a1c97321ae74bb395959040c9539c8881a4",true,true,,,,2025-02-13 20:32:18.569,2025-02-18 23:41:34.327
1634981,"176253a122601ed51a446453c324bf33fcd28aad",979,eclipse-openj9--openj9,// can't validate easily as it contains a Lookup object,356,356,test/functional/Jsr292/src/com/ibm/j9/jsr292/indyn/IndyTest.java,"74c892d29bb18719de1946d2f161db3cd4e8f6e3",b6b5bb6f849e54001df8d62417016d6083bd1955,true,true,,,,2025-02-14 00:27:08.633,2025-02-18 23:42:49.857
754153,"775fbaf6f50107f1e8b5c1ff85ce2c864bb1f108",255,StarRocks--starrocks,// TODO: vacuum,99,99,fe/fe-core/src/test/java/com/starrocks/statistic/columns/PredicateColumnsStorageTest.java,cf230188a81acd19f93d86fcb075526013b0fe8b,fc39755dd79a2e6f95737c75dc3d622a9e4a561f,true,true,,,,2025-02-13 21:39:11.795,2025-02-19 20:03:44.584
1061072,e820d54694b8ec2c53d30c590caff27bca7b91f6,476,google--google-java-format,"// This test isn't necessarily what we'd want to do, but it's what we do now, and it's OK-ish.",85,85,core/src/test/java/com/google/googlejavaformat/java/JavadocFormattingTest.java,f1ac885fd9b5f925b07e4dd3f210024675d8ab2e,eb0b7682f15ec6a2bd03d12b53bdf951dd924266,true,true,,,,2025-02-13 22:23:58.609,2025-02-19 20:04:53.674
328852,ccb54dd277ba689dfd27f6aaa1819abc13d44da7,81,openjdk--jdk,"// this test has been disabled because of timeout issues.
// see JDK-8006746",24,25,test/langtools/tools/javac/lambdaShapes/org/openjdk/tests/vm/FDSeparateCompilationTest.java,"7ea914fe3fc0fba0f112fa8cbaf0179334d09b8a","642816538fbaa5b74c6beb8a14d1738cdde28c10",true,true,,,,2025-02-13 20:57:20.281,2025-02-19 20:08:12.537
247402,"5049915fb01f7b7d8fb87b71c58300c31b432a75",69,OpenAPITools--openapi-generator,"// Tests are not final, methods currently just generate documentation as MD tables.",12,12,modules/openapi-generator/src/test/java/org/openapitools/codegen/languages/features/DocumentationProviderFeaturesTest.java,"802e72b9725de7220d927b9f8bd0938a0a8073b7","9ed15a1c97321ae74bb395959040c9539c8881a4",true,true,,,,2025-02-13 20:31:59.315,2025-02-19 20:11:55.848
1222088,"70334bd7489be5fa0a41c2c37b642d4543c69346",587,JodaOrg--joda-time,"// skip test, as it needs historical time zone info",159,159,src/test/java/org/joda/time/format/TestDateTimeFormatStyle.java,"17842cdc6d2eb9fb00c0e336e6aeb83cf0b7a5d2","15c3df573457a34e36d4b918e114d9c2d7e45396",true,true,,,,2025-02-13 23:42:47.420,2025-02-19 20:10:36.190
252716,ec39257ca1163b173ef7613869fc2b8f26d4693e,69,OpenAPITools--openapi-generator,// TODO: test _return,44,44,samples/client/petstore/java/resttemplate/src/test/java/org/openapitools/client/model/ModelReturnTest.java,"4ae30861380f0015099e7b4d601b12442764b2de","9ed15a1c97321ae74bb395959040c9539c8881a4",true,true,,,,2025-02-13 20:32:14.283,2025-02-19 20:13:00.576
996435,"5ef6cdc01dc42708a91016bb9db0d7a3ac5bb32d",441,google--j2objc,"//  CLDR No Longer uses complex currency symbols.
//  Skipping this test.
//        Locale loc = new Locale(""kn"", ""IN"", """");
//        NumberFormat fmt = NumberFormat.getCurrencyInstance(loc);

//        expect2(fmt, 1.0, ""Re.\u00a01.00"");
//        expect(fmt, 1.001, ""Re.\u00a01.00""); // tricky
//        expect2(fmt, 12345678.0, ""Rs.\u00a01,23,45,678.00"");
//        expect2(fmt, 0.5, ""Rs.\u00a00.50"");
//        expect2(fmt, -1.0, ""-Re.\u00a01.00"");
//        expect2(fmt, -10.0, ""-Rs.\u00a010.00"");",1942,1952,jre_emul/android/platform/external/icu/android_icu4j/src/main/tests/android/icu/dev/test/format/NumberFormatTest.java,b45b0612df71d70b867749af15fc5ec78f2512d9,"3664859a54dbe07905b2789cf06318c5b390e92f",true,true,,,,2025-02-13 22:01:45.612,2025-02-19 20:21:57.398
251791,e1b91ea043504ba34ace017061304107785938ab,69,OpenAPITools--openapi-generator,// TODO: test type,47,47,samples/client/petstore/java/microprofile-rest-client-3.0-mutiny/src/test/java/org/openapitools/client/model/ModelApiResponseTest.java,e18dd928d23876d8947a37181b8aafa3168dff52,"9ed15a1c97321ae74bb395959040c9539c8881a4",true,true,,,,2025-02-13 20:32:11.033,2025-02-19 20:23:54.262
278176,d80da73e603bcd16f3802d4e7ee5cc121f5565da,69,OpenAPITools--openapi-generator,// TODO: test bars,65,65,samples/server/petstore/java-helidon-server/v4/mp/src/test/java/org/openapitools/server/model/ObjectWithDeprecatedFieldsTest.java,cb93a76f7abece043ca96f43b5babe57eb019636,"9ed15a1c97321ae74bb395959040c9539c8881a4",true,true,,,,2025-02-13 20:33:48.829,2025-02-19 20:24:16.232
368941,"2e030134f2be110b6a457f9cf44116a14e62c7bc",85,apache--shardingsphere,// TODO zhangcheng make sure the test cases should not empty,348,348,test/e2e/operation/transaction/src/test/java/org/apache/shardingsphere/test/e2e/transaction/engine/base/TransactionBaseE2EIT.java,"01faf2d9c76683a778957a9131266aab788a56d1",aaa48221ce81f0db0c8c5120daa582ed4cad8053,true,true,,,,2025-02-13 20:59:42.995,2025-02-19 20:38:33.753
1563167,e3b34f118d5429f032e794114b17272da3c6cf46,918,FasterXML--jackson-databind,"// This test passes when the array based @JsonCreator is removed from the
// MyPOJOWithArrayCreator.Builder implementation. The presence of the creator
// in the case of arrays breaks deserialize from an object.
//
// Compare that to the analogous tests for MyPOJOWithPrimitiveCreator which
// pass in both cases.
//
// I left some notes in BeanDeserializerBase as to behavior.",105,112,src/test/java/com/fasterxml/jackson/databind/deser/builder/BuilderDeserializationTest2486.java,"0160afb397aae80c53c2ae6a9a82af2fd0986a31",cfef132dbacbc6ed612051f81e88fb37c5632154,true,true,,review,,2025-02-14 00:20:49.467,2025-02-19 20:45:49.970
274926,"61ff1eedf21b861a26d4fb940c524ec72ab9ab13",69,OpenAPITools--openapi-generator,// TODO: test id,49,49,samples/client/echo_api/java/resteasy/src/test/java/org/openapitools/client/model/DataQueryTest.java,"7bf5a89654fd283043bac57977bf1b477e0e6c3e","9ed15a1c97321ae74bb395959040c9539c8881a4",true,true,,,,2025-02-13 20:33:36.219,2025-02-19 21:07:44.653
843218,"4e475f6bbad96f3963c3916f45f41cd59d810501",308,apache--beam,"/**
 * Unit Tests for {@link TriggerExample}. The results generated by triggers are by definition
 * non-deterministic and hence hard to test. The unit test does not test all aspects of the example.
 */",47,50,examples/java/src/test/java/org/apache/beam/examples/cookbook/TriggerExampleTest.java,"61ac4dbb79bc417e1e4f4c95dc326c8a4b8d750c","2b18c28132630689639a308dcc30da1441fd65ae",true,true,,,,2025-02-13 21:47:20.089,2025-02-19 20:49:52.194
924232,"151c265153a21d259c8b2b527776db6c06060bd3",401,junit-team--junit5,// TODO Test other adapter methods.,31,31,platform-tests/src/test/java/org/junit/platform/launcher/core/ExecutionListenerAdapterTests.java,"1458a73bbac2440143d1934f8ef6df1a41154183","35d1d981f97a18a3d42eeb97e49ae04d21eb4c97",true,true,,,,2025-02-13 21:54:42.966,2025-02-19 21:11:09.529
721847,"685c2f2630cf631721ae3449d037f95901585296",230,opensearch-project--OpenSearch,// some of the windows test VMs are slow as hell,41,41,qa/mixed-cluster/src/test/java/org/opensearch/backwards/MixedClusterClientYamlTestSuiteIT.java,fbc4241aff06127c8042a312ec563937ac3df412,c82fffe8e333a8fff600dc22fa2e1aed7276d180,true,true,,review,,2025-02-13 21:36:34.244,2025-02-19 21:19:15.316
263970,"4e1f876dd1e7ce27b6b1e26a9a34463b6e38ec34",69,OpenAPITools--openapi-generator,// TODO: test prefixBoolean,160,160,samples/client/petstore/java/apache-httpclient/src/test/java/org/openapitools/client/model/XmlItemTest.java,e5e09220f5c2cdf85b835d43745810a2b46042b2,"9ed15a1c97321ae74bb395959040c9539c8881a4",true,true,,,,2025-02-13 20:32:58.173,2025-02-19 21:22:19.456
268338,dd2296c66468f0b7bf2d96f547f54b044d4e11c0,69,OpenAPITools--openapi-generator,// TODO: test ClassModel,37,37,samples/client/petstore/java/retrofit2rx2/src/test/java/org/openapitools/client/model/ClassModelTest.java,"425ed14feaca779ec60ca2113972c6da0f8d841a","9ed15a1c97321ae74bb395959040c9539c8881a4",true,true,,,,2025-02-13 20:33:11.800,2025-02-19 21:24:53.124
1479367,e5d55dde661baff56b0f91b792a7404c7ba2a1c0,805,geoserver--geoserver,// TODO: check the tiff structure is the one requested,245,245,src/wcs2_0/src/test/java/org/geoserver/wcs2_0/kvp/GeoTiffKvpTest.java,ab8e20e539bd6a7ff9a256f1cee9e5b95f7bb523,"8871198a41d255de8c964263f0a6f15d44d15d62",true,true,,,,2025-02-14 00:11:48.134,2025-02-19 21:26:37.717
599726,ef3033741796845de087757cde4cac362be911ae,185,metersphere--metersphere,// todo 做缓存优化,20,20,backend/services/system-setting/src/test/java/io/metersphere/system/base/param/MaxParamGenerator.java,eee4b9c296e4abc691d2de84833151001342676c,b495fa36737dde34421fc0dec14503ef93e649ee,true,true,,,,2025-02-13 21:23:53.053,2025-02-19 21:31:14.102
1608102,e9bfb67bc62d34a8e7bb22d5b6cf0094df2b0755,946,immutables--immutables,// nested doesn't work yet in Geode. Need custom PDX serializer,60,60,criteria/geode/test/org/immutables/criteria/geode/GeodePersonTest.java,ecfcd0d272d11f191e68e4e2666692aec4f39356,b62c66639246489350c1652cbd2098c7e2cdc07f,true,true,,,,2025-02-14 00:24:30.247,2025-02-19 21:31:04.226
1169594,"757c08069fd4b2903a7e7edde5a330126f91a10a",541,apache--hbase,"// Can't simply `htu.startMiniCluster(options)` because that method waits for the master to
// start completely. However, this test's premise is that a partially started master should
// still respond to a shutdown RPC. So instead, we manage each component lifecycle
// independently.
// I think it's not worth refactoring HTU's helper methods just for this class.",137,141,hbase-server/src/test/java/org/apache/hadoop/hbase/master/TestMasterShutdown.java,"07272e0aded5968377215d52b4f35bdccc9e5b6f","821f1b0d494b5ef850eae4b9a1a21c53dd4d2763",true,true,,,,2025-02-13 23:35:14.375,2025-02-19 21:37:31.605
264556,"517afa77b6d75030b84d9e0be338a7d5e5eeffba",69,OpenAPITools--openapi-generator,// TODO: test bar,44,44,samples/client/petstore/java/microprofile-rest-client-3.0-jackson/src/test/java/org/openapitools/client/model/HasOnlyReadOnlyTest.java,"108de64f704f70d5cea811a4c15900e00636672d","9ed15a1c97321ae74bb395959040c9539c8881a4",true,true,,,,2025-02-13 20:33:00.001,2025-02-19 21:41:31.030
668273,"0e3725126ad69fc69cd70cb6a1b4009db7cad0a2",213,aosp-mirror--platform_frameworks_base,"// Return a string that identifies a Method.  This is not very efficient but it is not
// called very often.",408,409,services/tests/PackageManagerServiceTests/server/src/com/android/server/pm/PackageManagerServiceTest.java,d834dca40fd1de694b9afd0949445552a61d09cb,"58d256e4c9d5c0eabe880e84ac05f0374c910163",true,true,,,,2025-02-13 21:32:18.867,2025-02-19 21:50:45.759
259255,"2492890814c6a57abf0a6d977cff6835dc64d36f",69,OpenAPITools--openapi-generator,// TODO: test ArrayOfArrayOfNumberOnly,41,41,samples/client/petstore/java/jersey2-java8-localdatetime/src/test/java/org/openapitools/client/model/ArrayOfArrayOfNumberOnlyTest.java,"2a27d2d204b28536252c05dd0dc1ebc3354dd879","9ed15a1c97321ae74bb395959040c9539c8881a4",true,true,,,,2025-02-13 20:32:40.212,2025-02-19 21:51:28.100
1122526,"6629ed143a38ab04c90a01636f3ab69c114eeed8",488,apache--pinot,"// This test only supports local resource loading (e.g. must be a file), not support JAR test loading.",514,514,pinot-query-runtime/src/test/java/org/apache/pinot/query/runtime/queries/ResourceBasedQueriesTest.java,d5cfc03efb5fb0aa875c1f13450f206aacea0df2,b024d6bed9f62bfb44ec4bd3901f3f21956220b7,true,true,,review,,2025-02-13 22:30:10.692,2025-02-19 21:52:36.045
807968,a24e91ad39ab9a065cd2ede424862a95d0eda15b,292,checkstyle--checkstyle,// for some reason Travis CI failed sometimes (unstable) on reading the file,240,240,src/test/java/com/puppycrawl/tools/checkstyle/filters/SuppressionFilterTest.java,"5c22c892908919868a1a6b20c8a255bb829c233f","07bcd82e470a0e105f96a50596339f439b136edc",true,true,,,,2025-02-13 21:44:04.898,2025-02-19 21:52:54.410
260706,d1281796d05fb1ae47052d8ea2defdaf3f456e27,69,OpenAPITools--openapi-generator,// TODO: test Capitalization,36,36,samples/client/petstore/java/retrofit2-play26/src/test/java/org/openapitools/client/model/CapitalizationTest.java,"9d24732d6ce41e139883ad09d507b97ee513ec23","9ed15a1c97321ae74bb395959040c9539c8881a4",true,true,,,,2025-02-13 20:32:46.315,2025-02-19 22:01:28.435
845408,"595a44f0a02b1b64b1b40bd8c39928183ea5a691",308,apache--beam,// TODO: This test needs to be adapted to work with streamingEngine=true.,1436,1436,runners/google-cloud-dataflow-java/worker/src/test/java/org/apache/beam/runners/dataflow/worker/StreamingDataflowWorkerTest.java,bbf1742b82d1138a677a2b118bd9e8faf9720ac1,"2b18c28132630689639a308dcc30da1441fd65ae",true,true,,,,2025-02-13 21:47:27.581,2025-02-19 22:02:50.286
257939,"8dec53248c0d8af254925027167f1dd97e508280",69,OpenAPITools--openapi-generator,// TODO: test id,48,48,samples/client/petstore/java/okhttp-gson-swagger1/src/test/java/org/openapitools/client/model/OrderTest.java,"7bf5a89654fd283043bac57977bf1b477e0e6c3e","9ed15a1c97321ae74bb395959040c9539c8881a4",true,true,,,,2025-02-13 20:32:35.897,2025-02-19 22:10:27.683
499770,"8ecddf71244493cf20f72b1359a28e0c80bc7d48",137,elastic--logstash,//hacky workaround using the toString method to avoid mocking the Ruby runtime,49,49,logstash-core/src/test/java/org/logstash/instrument/metrics/gauge/RubyHashGaugeTest.java,a50adb8fb3a4179c582da6f34b27eeff12e4fa94,"5573b5ad777eef7a4204f2376bd601090d7866bc",true,true,,,,2025-02-13 21:14:14.485,2025-02-19 22:10:56.429
271339,"6ff0870c5c85dbab9210a9f23529aaf3fcc90289",69,OpenAPITools--openapi-generator,// TODO: test validations,53,53,samples/client/petstore/java/native/src/test/java/org/openapitools/client/api/PetApiTest.java,"79f4bab34576d036cd7d221fbc4f385f571b4181","9ed15a1c97321ae74bb395959040c9539c8881a4",true,true,,,,2025-02-13 20:33:23.639,2025-02-19 22:11:38.418
902858,"857eda56ff941adb36a4d097d1a202ee078ef0e3",371,google--error-prone,"// TODO(cpovirk): This doesn't look ""positive"" to me.
// TODO(cpovirk): Also, I *think* the lack of braces on the while() loop is intentional?",80,81,core/src/test/java/com/google/errorprone/bugpatterns/nullness/ParameterMissingNullableTest.java,"4bbc7736a3df2a9d35e09ab781233128cc2e7139","4ae849ea7cea2cfb8b07b4842e0ca19dd91a2a1f",true,true,,,,2025-02-13 21:52:50.624,2025-02-19 22:12:05.606
